Instance type,Instance family,Instance size,Availability zones,Free-Tier eligible,Free Trial available,Bare metal,Hypervisor,vCPUs,Architecture,Cores,Valid cores,Threads per core,Valid threads per core,Sustained clock speed (GHz),Memory (GiB),Storage (GB),Local instance storage,Storage type,Storage disk count,EBS encryption support,EBS optimization support,Network performance,ENA support,Maximum number of network interfaces,IPv4 addresses per interface,IPv6 addresses per interface,IPv6 support,Supported placement group strategies,GPUs,FPGAs,Auto Recovery support,Reboot migration support,Supported root device types,Dedicated Host support,On-Demand Hibernation support,Burstable Performance support,Current generation,EBS Baseline Bandwidth (Mbps),EBS Baseline IOPS,EBS Baseline Throughput (MB/s),EBS Maximum Bandwidth (Mbps),EBS Maximum IOPS,EBS Maximum Throughput (MB/s),ENA Express support,On-Demand Linux pricing,On-Demand Ubuntu Pro pricing,On-Demand SUSE pricing,On-Demand Windows pricing,On-Demand RHEL pricing,On-Demand ap-southeast-2-akl-1 SUSE pricing,On-Demand ap-southeast-2-akl-1 Windows pricing,On-Demand ap-southeast-2-akl-1 RHEL pricing,On-Demand ap-southeast-2-akl-1 Linux pricing,On-Demand ap-southeast-2-akl-1 Ubuntu Pro pricing,On-Demand ap-southeast-2-per-1 SUSE pricing,On-Demand ap-southeast-2-per-1 Ubuntu Pro pricing,On-Demand ap-southeast-2-per-1 RHEL pricing,On-Demand ap-southeast-2-per-1 Windows pricing,On-Demand ap-southeast-2-per-1 Linux pricing
f1.2xlarge,f1,2xlarge,"ap-southeast-2, ap-southeast-2a",false,false,false,xen,8,x86_64,4,"1,2,3,4",2,"1,2",2.3,122,470,true,ssd,1,supported,default,Up to 10 Gigabit,supported,4,15,15,true,"cluster, partition, spread",0,1,-,unsupported,ebs,true,-,-,true,1700,12000,212.5,1700,12000,212.5,false,1.981 USD per Hour,,,,,,,,,,,,,,
c4.4xlarge,c4,4xlarge,"ap-southeast-2, ap-southeast-2a, ap-southeast-2b, ap-southeast-2c",false,false,false,xen,16,x86_64,8,"1,2,3,4,5,6,7,8",2,"1,2",2.9,30,0,-,-,0,supported,default,High,unsupported,8,30,30,true,"cluster, partition, spread",0,0,true,supported,ebs,true,true,-,false,2000,16000,250,2000,16000,250,false,1.042 USD per Hour,1.068 USD per Hour,1.142 USD per Hour,1.778 USD per Hour,1.213 USD per Hour,,,,,,,,,,
trn1.32xlarge,trn1,32xlarge,"ap-southeast-2a, ap-southeast-2c",false,false,false,nitro,128,x86_64,64,"2,4,6,8,10,12,14,16,18,20,22,24,26,28,30,32,34,36,38,40,42,44,46,48,50,52,54,56,58,60,62,64",2,"1,2",3.5,512,7600,true,ssd,4,supported,default,8x 100 Gigabit,required,40,50,50,true,"cluster, partition, spread",0,0,-,unsupported,ebs,-,-,-,true,80000,260000,10000,80000,260000,10000,false,,,,,,,,,,,,,,,
r5a.2xlarge,r5a,2xlarge,"ap-southeast-2, ap-southeast-2a, ap-southeast-2b, ap-southeast-2c",false,false,false,nitro,8,x86_64,4,"2,4",2,"1,2",2.5,64,0,-,-,0,supported,default,Up to 10 Gigabit,required,4,15,15,true,"cluster, partition, spread",0,0,true,supported,ebs,-,true,-,true,1580,8333,197.5,2880,16000,360,false,0.544 USD per Hour,0.558 USD per Hour,0.669 USD per Hour,0.912 USD per Hour,0.659 USD per Hour,,,,,,,,,,
r6gd.medium,r6gd,medium,"ap-southeast-2, ap-southeast-2a, ap-southeast-2b, ap-southeast-2c",false,false,false,nitro,1,arm64,1,-,1,-,2.5,8,59,true,ssd,1,supported,default,Up to 10 Gigabit,required,2,4,4,true,"cluster, partition, spread",0,0,-,unsupported,ebs,true,true,-,true,315,2500,39.375,4750,20000,593.75,false,0.0695 USD per Hour,0.0713 USD per Hour,0.1005 USD per Hour,,0.0839 USD per Hour,,,,,,,,,,
t4g.nano,t4g,nano,"ap-southeast-2, ap-southeast-2a, ap-southeast-2b, ap-southeast-2c",false,false,false,nitro,2,arm64,2,"1,2",1,1,2.5,0.5,0,-,-,0,supported,default,Up to 5 Gigabit,required,2,2,2,true,"partition, spread",0,0,true,supported,ebs,-,true,true,true,43,250,5.375,2085,11800,260.625,false,0.0053 USD per Hour,0.0088 USD per Hour,0.0053 USD per Hour,,,,,,,,,,,,
c7g.8xlarge,c7g,8xlarge,"ap-southeast-2, ap-southeast-2a, ap-southeast-2b, ap-southeast-2c",false,false,false,nitro,32,arm64,32,"1,2,3,4,5,6,7,8,9,10,11,12,13,14,15,16,17,18,19,20,21,22,23,24,25,26,27,28,29,30,31,32",1,1,2.6,64,0,-,-,0,supported,default,15 Gigabit,required,8,30,30,true,"cluster, partition, spread",0,0,true,supported,ebs,true,true,-,true,10000,40000,1250,10000,40000,1250,false,1.5098 USD per Hour,1.5658 USD per Hour,1.6348 USD per Hour,,1.8554 USD per Hour,,,,,,,,,,
m5a.4xlarge,m5a,4xlarge,"ap-southeast-2, ap-southeast-2a, ap-southeast-2b, ap-southeast-2c",false,false,false,nitro,16,x86_64,8,"2,4,6,8",2,"1,2",2.5,64,0,-,-,0,supported,default,Up to 10 Gigabit,required,8,30,30,true,"cluster, partition, spread",0,0,true,supported,ebs,-,true,-,true,2880,16000,360,2880,16000,360,false,0.864 USD per Hour,0.892 USD per Hour,0.989 USD per Hour,1.6 USD per Hour,1.037 USD per Hour,,,,,,,,,,
r6g.8xlarge,r6g,8xlarge,"ap-southeast-2, ap-southeast-2a, ap-southeast-2b, ap-southeast-2c",false,false,false,nitro,32,arm64,32,"1,2,3,4,5,6,7,8,9,10,11,12,13,14,15,16,17,18,19,20,21,22,23,24,25,26,27,28,29,30,31,32",1,1,2.5,256,0,-,-,0,supported,default,12 Gigabit,required,8,30,30,true,"cluster, partition, spread",0,0,true,supported,ebs,true,-,-,true,9500,40000,1187.5,9500,40000,1187.5,false,1.9328 USD per Hour,1.9888 USD per Hour,2.0578 USD per Hour,,2.2784 USD per Hour,,,,,,,,,,
i2.2xlarge,i2,2xlarge,"ap-southeast-2, ap-southeast-2a, ap-southeast-2b, ap-southeast-2c",false,false,false,xen,8,x86_64,4,"1,2,3,4",2,"1,2",2.5,61,1600,true,ssd,2,supported,supported,High,unsupported,4,15,15,true,"cluster, partition, spread",0,0,-,unsupported,"ebs, instance-store",true,-,-,false,1000,8000,125,1000,8000,125,false,2.035 USD per Hour,,2.135 USD per Hour,2.337 USD per Hour,2.151 USD per Hour,,,,,,,,,,
t1.micro,t1,micro,"ap-southeast-2, ap-southeast-2a, ap-southeast-2b",false,false,false,xen,1,"i386, x86_64",1,-,1,-,,0.612,0,-,-,0,supported,unsupported,Very Low,unsupported,2,2,0,-,"partition, spread",0,0,true,supported,ebs,-,-,-,false,0,0,0,0,0,0,false,0.02 USD per Hour,,0.02 USD per Hour,0.02 USD per Hour,0.03 USD per Hour,,,,,,,,,,
m5d.8xlarge,m5d,8xlarge,"ap-southeast-2, ap-southeast-2a, ap-southeast-2b, ap-southeast-2c",false,false,false,nitro,32,x86_64,16,"2,4,6,8,10,12,14,16",2,"1,2",3.1,128,1200,true,ssd,2,supported,default,10 Gigabit,required,8,30,30,true,"cluster, partition, spread",0,0,-,unsupported,ebs,true,true,-,true,6800,30000,850,6800,30000,850,false,2.272 USD per Hour,2.328 USD per Hour,2.372 USD per Hour,3.744 USD per Hour,2.618 USD per Hour,,,,,,,,,,
m7g.4xlarge,m7g,4xlarge,"ap-southeast-2, ap-southeast-2a, ap-southeast-2b, ap-southeast-2c",false,false,false,nitro,16,arm64,16,"1,2,3,4,5,6,7,8,9,10,11,12,13,14,15,16",1,1,2.6,64,0,-,-,0,supported,default,Up to 15 Gigabit,required,8,30,30,true,"cluster, partition, spread",0,0,true,supported,ebs,true,true,-,true,5000,20000,625,10000,40000,1250,false,0.816 USD per Hour,0.844 USD per Hour,0.941 USD per Hour,,0.9888 USD per Hour,,,,,,,,,,
c6gn.16xlarge,c6gn,16xlarge,"ap-southeast-2, ap-southeast-2a, ap-southeast-2b, ap-southeast-2c",false,false,false,nitro,64,arm64,64,"1,2,3,4,5,6,7,8,9,10,11,12,13,14,15,16,17,18,19,20,21,22,23,24,25,26,27,28,29,30,31,32,33,34,35,36,37,38,39,40,41,42,43,44,45,46,47,48,49,50,51,52,53,54,55,56,57,58,59,60,61,62,63,64",1,1,2.5,128,0,-,-,0,supported,default,100 Gigabit,required,15,50,50,true,"cluster, partition, spread",0,0,true,supported,ebs,true,true,-,true,38000,160000,4750,38000,160000,4750,true,3.616 USD per Hour,3.728 USD per Hour,3.741 USD per Hour,,4.3072 USD per Hour,,,,,,,,,,
m8g.24xlarge,m8g,24xlarge,"ap-southeast-2, ap-southeast-2a, ap-southeast-2b, ap-southeast-2c",false,false,false,nitro,96,arm64,96,"1,2,3,4,5,6,7,8,9,10,11,12,13,14,15,16,17,18,19,20,21,22,23,24,25,26,27,28,29,30,31,32,33,34,35,36,37,38,39,40,41,42,43,44,45,46,47,48,49,50,51,52,53,54,55,56,57,58,59,60,61,62,63,64,65,66,67,68,69,70,71,72,73,74,75,76,77,78,79,80,81,82,83,84,85,86,87,88,89,90,91,92,93,94,95,96",1,1,2.8,384,0,-,-,0,supported,default,40 Gigabit,required,15,50,50,true,"cluster, partition, spread",0,0,true,supported,ebs,true,-,-,true,30000,120000,3750,30000,120000,3750,true,5.3856 USD per Hour,5.5536 USD per Hour,5.5106 USD per Hour,,6.4224 USD per Hour,,,,,,,,,,
r6g.large,r6g,large,"ap-southeast-2, ap-southeast-2a, ap-southeast-2b, ap-southeast-2c",false,false,false,nitro,2,arm64,2,"1,2",1,1,2.5,16,0,-,-,0,supported,default,Up to 10 Gigabit,required,3,10,10,true,"cluster, partition, spread",0,0,true,supported,ebs,true,true,-,true,630,3600,78.75,4750,20000,593.75,false,0.1208 USD per Hour,0.1243 USD per Hour,0.1771 USD per Hour,,0.1496 USD per Hour,,,,,,,,,,
r8g.16xlarge,r8g,16xlarge,"ap-southeast-2, ap-southeast-2a, ap-southeast-2b, ap-southeast-2c",false,false,false,nitro,64,arm64,64,"1,2,3,4,5,6,7,8,9,10,11,12,13,14,15,16,17,18,19,20,21,22,23,24,25,26,27,28,29,30,31,32,33,34,35,36,37,38,39,40,41,42,43,44,45,46,47,48,49,50,51,52,53,54,55,56,57,58,59,60,61,62,63,64",1,1,2.8,512,0,-,-,0,supported,default,30 Gigabit,required,15,50,50,true,"cluster, partition, spread",0,0,true,supported,ebs,true,-,-,true,20000,80000,2500,20000,80000,2500,true,4.5184 USD per Hour,4.6304 USD per Hour,4.6434 USD per Hour,,5.2096 USD per Hour,,,,,,,,,,
i7ie.18xlarge,i7ie,18xlarge,"ap-southeast-2, ap-southeast-2a, ap-southeast-2b, ap-southeast-2c",false,false,false,nitro,72,x86_64,36,"1,2,3,4,5,6,7,8,9,10,11,12,13,14,15,16,17,18,19,20,21,22,23,24,25,26,27,28,29,30,31,32,33,34,35,36",2,"1,2",3.6,576,45000,true,ssd,6,supported,default,Up to 75 Gigabit,required,15,50,50,true,"cluster, partition, spread",0,0,-,unsupported,ebs,true,-,-,true,22500,90000,2812.5,22500,90000,2812.5,true,11.2194 USD per Hour,11.3454 USD per Hour,11.3444 USD per Hour,14.5314 USD per Hour,11.997 USD per Hour,,,,,,,,,,
i7ie.xlarge,i7ie,xlarge,"ap-southeast-2, ap-southeast-2a, ap-southeast-2b, ap-southeast-2c",false,false,false,nitro,4,x86_64,2,"1,2",2,"1,2",3.6,32,2500,true,ssd,1,supported,default,Up to 25 Gigabit,required,4,15,15,true,"cluster, partition, spread",0,0,-,unsupported,ebs,true,true,-,true,1250,5000,156.25,10000,40000,1250,false,0.6233 USD per Hour,0.6303 USD per Hour,0.6796 USD per Hour,0.8073 USD per Hour,0.6809 USD per Hour,,,,,,,,,,
i3en.3xlarge,i3en,3xlarge,"ap-southeast-2, ap-southeast-2a, ap-southeast-2b, ap-southeast-2c",false,false,false,nitro,12,x86_64,6,"2,4,6",2,"1,2",3.1,96,7500,true,ssd,1,supported,default,Up to 25 Gigabit,required,4,15,15,true,"cluster, partition, spread",0,0,-,unsupported,ebs,true,true,-,true,3800,15000,475,4750,20000,593.75,false,1.626 USD per Hour,1.647 USD per Hour,1.751 USD per Hour,2.178 USD per Hour,1.756 USD per Hour,,,,,,,,,,
m6id.2xlarge,m6id,2xlarge,"ap-southeast-2, ap-southeast-2a, ap-southeast-2b, ap-southeast-2c",false,false,false,nitro,8,x86_64,4,"2,4",2,"1,2",3.5,32,474,true,ssd,1,supported,default,Up to 12.5 Gigabit,required,4,15,15,true,"cluster, partition, spread",0,0,-,unsupported,ebs,true,true,-,true,2500,12000,312.5,10000,40000,1250,false,0.5964 USD per Hour,0.6104 USD per Hour,0.7214 USD per Hour,0.9644 USD per Hour,0.7116 USD per Hour,,,,,,,,,,
c6in.xlarge,c6in,xlarge,"ap-southeast-2, ap-southeast-2a, ap-southeast-2b, ap-southeast-2c",false,false,false,nitro,4,x86_64,2,"1,2",2,"1,2",3.5,8,0,-,-,0,supported,default,Up to 30 Gigabit,required,4,15,15,true,"cluster, partition, spread",0,0,true,supported,ebs,true,true,-,true,3125,12500,390.625,25000,100000,3125,false,0.2961 USD per Hour,,0.3524 USD per Hour,0.4801 USD per Hour,0.3537 USD per Hour,,,,,,,,,,
m7gd.xlarge,m7gd,xlarge,"ap-southeast-2, ap-southeast-2a, ap-southeast-2b, ap-southeast-2c",false,false,false,nitro,4,arm64,4,"1,2,3,4",1,1,2.6,16,237,true,ssd,1,supported,default,Up to 12.5 Gigabit,required,4,15,15,true,"cluster, partition, spread",0,0,-,unsupported,ebs,true,true,-,true,1250,6000,156.25039999999998,10000,40000,1250,false,0.2684 USD per Hour,0.2754 USD per Hour,0.3247 USD per Hour,,0.326 USD per Hour,,,,,,,,,,
c8g.48xlarge,c8g,48xlarge,"ap-southeast-2, ap-southeast-2a, ap-southeast-2b, ap-southeast-2c",false,false,false,nitro,192,arm64,192,"4,6,8,10,12,14,16,18,20,22,24,26,28,30,32,34,36,38,40,42,44,46,48,50,52,54,56,58,60,62,64,66,68,70,72,74,76,78,80,82,84,86,88,90,92,94,96,98,100,102,104,106,108,110,112,114,116,118,120,122,124,126,128,130,132,134,136,138,140,142,144,146,148,150,152,154,156,158,160,162,164,166,168,170,172,174,176,178,180,182,184,186,188,190,192",1,1,2.7,384,0,-,-,0,supported,default,50 Gigabit,required,15,50,50,true,"cluster, partition, spread",0,0,true,supported,ebs,true,-,-,true,40000,240000,5000,40000,240000,5000,true,9.9648 USD per Hour,10.3008 USD per Hour,10.0898 USD per Hour,,11.808 USD per Hour,,,,,,,,,,
i3en.12xlarge,i3en,12xlarge,"ap-southeast-2, ap-southeast-2a, ap-southeast-2b, ap-southeast-2c",false,false,false,nitro,48,x86_64,24,"2,4,6,8,10,12,14,16,18,20,22,24",2,"1,2",3.1,384,30000,true,ssd,4,supported,default,50 Gigabit,required,8,30,30,true,"cluster, partition, spread",0,0,-,unsupported,ebs,true,-,-,true,9500,40000,1187.5,9500,40000,1187.5,false,6.504 USD per Hour,6.588 USD per Hour,6.629 USD per Hour,8.712 USD per Hour,7.022 USD per Hour,,,,,,,,,,
r6gd.2xlarge,r6gd,2xlarge,"ap-southeast-2, ap-southeast-2a, ap-southeast-2b, ap-southeast-2c",false,false,false,nitro,8,arm64,8,"1,2,3,4,5,6,7,8",1,1,2.5,64,474,true,ssd,1,supported,default,Up to 10 Gigabit,required,4,15,15,true,"cluster, partition, spread",0,0,-,unsupported,ebs,true,true,-,true,2375,12000,296.875,4750,20000,593.75,false,0.556 USD per Hour,0.57 USD per Hour,0.681 USD per Hour,,0.6712 USD per Hour,,,,,,,,,,
x1e.8xlarge,x1e,8xlarge,"ap-southeast-2, ap-southeast-2a, ap-southeast-2c",false,false,false,xen,32,x86_64,16,"1,2,3,4,5,6,7,8,9,10,11,12,13,14,15,16",2,"1,2",2.3,976,960,true,ssd,1,supported,default,Up to 10 Gigabit,supported,4,15,15,true,"cluster, partition, spread",0,0,true,unsupported,ebs,true,-,-,true,3500,20000,437.5,3500,20000,437.5,false,9.672 USD per Hour,9.728 USD per Hour,9.772 USD per Hour,11.144 USD per Hour,10.018 USD per Hour,,,,,,,,,,
r6g.16xlarge,r6g,16xlarge,"ap-southeast-2, ap-southeast-2a, ap-southeast-2b, ap-southeast-2c",false,false,false,nitro,64,arm64,64,"1,2,3,4,5,6,7,8,9,10,11,12,13,14,15,16,17,18,19,20,21,22,23,24,25,26,27,28,29,30,31,32,33,34,35,36,37,38,39,40,41,42,43,44,45,46,47,48,49,50,51,52,53,54,55,56,57,58,59,60,61,62,63,64",1,1,2.5,512,0,-,-,0,supported,default,25 Gigabit,required,15,50,50,true,"cluster, partition, spread",0,0,true,supported,ebs,true,-,-,true,19000,80000,2375,19000,80000,2375,false,3.8656 USD per Hour,3.9776 USD per Hour,3.9906 USD per Hour,,4.5568 USD per Hour,,,,,,,,,,
m6gd.12xlarge,m6gd,12xlarge,"ap-southeast-2, ap-southeast-2a, ap-southeast-2b, ap-southeast-2c",false,false,false,nitro,48,arm64,48,"1,2,3,4,5,6,7,8,9,10,11,12,13,14,15,16,17,18,19,20,21,22,23,24,25,26,27,28,29,30,31,32,33,34,35,36,37,38,39,40,41,42,43,44,45,46,47,48",1,1,2.5,192,2850,true,ssd,2,supported,default,20 Gigabit,required,8,30,30,true,"cluster, partition, spread",0,0,-,unsupported,ebs,true,-,-,true,14250,50000,1781.25,14250,50000,1781.25,false,2.736 USD per Hour,2.82 USD per Hour,2.861 USD per Hour,,3.2544 USD per Hour,,,,,,,,,,
g5.2xlarge,g5,2xlarge,"ap-southeast-2, ap-southeast-2a, ap-southeast-2c",false,false,false,nitro,8,x86_64,4,-,2,-,3.3,32,450,true,ssd,1,supported,default,Up to 10 Gigabit,required,4,15,15,true,"cluster, partition, spread",1,0,-,unsupported,ebs,-,-,-,true,850,3500,106.25,3500,15000,437.5,false,1.57584 USD per Hour,1.58984 USD per Hour,1.70084 USD per Hour,1.94384 USD per Hour,1.69104 USD per Hour,,,,,,,,,,
c3.large,c3,large,"ap-southeast-2, ap-southeast-2a, ap-southeast-2b, ap-southeast-2c",false,false,false,xen,2,"i386, x86_64",1,1,2,"1,2",2.8,3.75,32,true,ssd,2,supported,unsupported,Moderate,unsupported,3,10,10,true,"cluster, partition, spread",0,0,true,unsupported,"ebs, instance-store",true,true,-,false,0,0,0,0,0,0,false,0.132 USD per Hour,,0.232 USD per Hour,0.238 USD per Hour,0.161 USD per Hour,,,,,,,,,,
r6i.xlarge,r6i,xlarge,"ap-southeast-2, ap-southeast-2a, ap-southeast-2b, ap-southeast-2c",false,false,false,nitro,4,x86_64,2,"1,2",2,"1,2",3.5,32,0,-,-,0,supported,default,Up to 12.5 Gigabit,required,4,15,15,true,"cluster, partition, spread",0,0,true,supported,ebs,true,-,-,true,1250,6000,156.25,10000,40000,1250,false,0.302 USD per Hour,0.309 USD per Hour,0.3583 USD per Hour,0.486 USD per Hour,0.3596 USD per Hour,,,,,,,,,,
i7ie.24xlarge,i7ie,24xlarge,"ap-southeast-2, ap-southeast-2a, ap-southeast-2b, ap-southeast-2c",false,false,false,nitro,96,x86_64,48,"1,2,3,4,5,6,7,8,9,10,11,12,13,14,15,16,17,18,19,20,21,22,23,24,25,26,27,28,29,30,31,32,33,34,35,36,37,38,39,40,41,42,43,44,45,46,47,48",2,"1,2",3.6,768,60000,true,ssd,8,supported,default,Up to 100 Gigabit,required,15,50,50,true,"cluster, partition, spread",0,0,-,unsupported,ebs,true,-,-,true,30000,120000,3750,30000,120000,3750,true,14.9592 USD per Hour,15.1272 USD per Hour,15.0842 USD per Hour,19.3752 USD per Hour,15.996 USD per Hour,,,,,,,,,,
c7i.2xlarge,c7i,2xlarge,"ap-southeast-2, ap-southeast-2a, ap-southeast-2b, ap-southeast-2c",false,false,false,nitro,8,x86_64,4,"1,2,3,4",2,"1,2",3.2,16,0,-,-,0,supported,default,Up to 12.5 Gigabit,required,4,15,15,true,"cluster, partition, spread",0,0,true,supported,ebs,true,true,-,true,2500,12000,312.5,10000,40000,1250,false,0.4662 USD per Hour,0.4802 USD per Hour,0.5912 USD per Hour,0.8342 USD per Hour,0.5814 USD per Hour,,,,,,,,,,
c5d.large,c5d,large,"ap-southeast-2, ap-southeast-2a, ap-southeast-2b, ap-southeast-2c",false,false,false,nitro,2,x86_64,1,1,2,"1,2",3.4,4,50,true,ssd,1,supported,default,Up to 10 Gigabit,required,3,10,10,true,"cluster, partition, spread",0,0,-,unsupported,ebs,true,true,-,true,650,4000,81.25,4750,20000,593.75,false,0.126 USD per Hour,0.13 USD per Hour,0.182 USD per Hour,0.218 USD per Hour,0.155 USD per Hour,,,,,,,,,,
m5ad.12xlarge,m5ad,12xlarge,"ap-southeast-2, ap-southeast-2a, ap-southeast-2b, ap-southeast-2c",false,false,false,nitro,48,x86_64,24,"6,12,18,24",2,"1,2",2.2,192,1800,true,ssd,2,supported,default,10 Gigabit,required,8,30,30,true,"cluster, partition, spread",0,0,-,unsupported,ebs,-,-,-,true,6780,30000,847.5,6780,30000,847.5,false,3.12 USD per Hour,3.204 USD per Hour,3.245 USD per Hour,5.328 USD per Hour,3.638 USD per Hour,,,,,,,,,,
r6id.2xlarge,r6id,2xlarge,"ap-southeast-2, ap-southeast-2a, ap-southeast-2b, ap-southeast-2c",false,false,false,nitro,8,x86_64,4,"2,4",2,"1,2",3.5,64,474,true,ssd,1,supported,default,Up to 12.5 Gigabit,required,4,15,15,true,"cluster, partition, spread",0,0,-,unsupported,ebs,true,-,-,true,2500,12000,312.5,10000,40000,1250,false,0.696 USD per Hour,0.71 USD per Hour,0.821 USD per Hour,1.064 USD per Hour,0.8112 USD per Hour,,,,,,,,,,
m6gd.xlarge,m6gd,xlarge,"ap-southeast-2, ap-southeast-2a, ap-southeast-2b, ap-southeast-2c",false,false,false,nitro,4,arm64,4,"1,2,3,4",1,1,2.5,16,237,true,ssd,1,supported,default,Up to 10 Gigabit,required,4,15,15,true,"cluster, partition, spread",0,0,-,unsupported,ebs,true,true,-,true,1188,6000,148.5,4750,20000,593.75,false,0.228 USD per Hour,0.235 USD per Hour,0.2843 USD per Hour,,0.2856 USD per Hour,,,,,,,,,,
m5a.16xlarge,m5a,16xlarge,"ap-southeast-2, ap-southeast-2a, ap-southeast-2b, ap-southeast-2c",false,false,false,nitro,64,x86_64,32,"8,10,12,14,16,18,20,22,24,26,28,30,32",2,"1,2",2.5,256,0,-,-,0,supported,default,12 Gigabit,required,15,50,50,true,"cluster, partition, spread",0,0,true,supported,ebs,-,-,-,true,9500,40000,1187.5,9500,40000,1187.5,false,3.456 USD per Hour,3.568 USD per Hour,3.581 USD per Hour,6.4 USD per Hour,4.147 USD per Hour,,,,,,,,,,
r6a.metal,r6a,metal,"ap-southeast-2, ap-southeast-2a, ap-southeast-2b, ap-southeast-2c",false,false,true,,192,x86_64,96,-,2,-,3.6,1536,0,-,-,0,supported,default,50 Gigabit,required,15,50,50,true,"cluster, partition, spread",0,0,true,supported,ebs,true,-,-,true,40000,240000,5000,40000,240000,5000,true,13.0464 USD per Hour,13.3824 USD per Hour,13.1714 USD per Hour,21.8784 USD per Hour,14.8896 USD per Hour,,,,,,,,,,
c6a.24xlarge,c6a,24xlarge,"ap-southeast-2, ap-southeast-2a, ap-southeast-2b, ap-southeast-2c",false,false,false,nitro,96,x86_64,48,"4,6,8,10,12,14,16,32,48",2,"1,2",3.6,192,0,-,-,0,supported,default,37.5 Gigabit,required,15,50,50,true,"cluster, partition, spread",0,0,true,supported,ebs,true,-,-,true,30000,120000,3750,30000,120000,3750,true,4.7952 USD per Hour,4.9632 USD per Hour,4.9202 USD per Hour,9.2112 USD per Hour,5.832 USD per Hour,,,,,,,,,,
im4gn.2xlarge,im4gn,2xlarge,"ap-southeast-2, ap-southeast-2a, ap-southeast-2b, ap-southeast-2c",false,false,false,nitro,8,arm64,8,"1,2,3,4,5,6,7,8",1,1,2.5,32,3750,true,ssd,1,supported,default,Up to 25 Gigabit,required,4,15,15,true,"cluster, partition, spread",0,0,-,unsupported,ebs,true,true,-,true,5000,20000,625,10000,40000,1250,false,0.87217 USD per Hour,0.88617 USD per Hour,0.99717 USD per Hour,,0.98737 USD per Hour,,,,,,,,,,
m7i.metal-24xl,m7i,metal-24xl,"ap-southeast-2, ap-southeast-2a, ap-southeast-2b, ap-southeast-2c",false,false,true,,96,x86_64,48,-,2,-,3.2,384,0,-,-,0,supported,default,37.5 Gigabit,required,15,50,50,true,"cluster, partition, spread",0,0,true,supported,ebs,-,-,-,true,30000,120000,3750,30000,120000,3750,true,6.048 USD per Hour,6.216 USD per Hour,6.173 USD per Hour,10.464 USD per Hour,7.0848 USD per Hour,,,,,,,,,,
i3en.24xlarge,i3en,24xlarge,"ap-southeast-2, ap-southeast-2a, ap-southeast-2b, ap-southeast-2c",false,false,false,nitro,96,x86_64,48,"2,4,6,8,10,12,14,16,18,20,22,24,26,28,30,32,34,36,38,40,42,44,46,48",2,"1,2",3.1,768,60000,true,ssd,8,supported,default,100 Gigabit,required,15,50,50,true,"cluster, partition, spread",0,0,-,unsupported,ebs,true,-,-,true,19000,80000,2375,19000,80000,2375,false,13.008 USD per Hour,13.176 USD per Hour,13.133 USD per Hour,17.424 USD per Hour,14.045 USD per Hour,,,,,,,,,,
r8g.12xlarge,r8g,12xlarge,"ap-southeast-2, ap-southeast-2a, ap-southeast-2b, ap-southeast-2c",false,false,false,nitro,48,arm64,48,"1,2,3,4,5,6,7,8,9,10,11,12,13,14,15,16,17,18,19,20,21,22,23,24,25,26,27,28,29,30,31,32,33,34,35,36,37,38,39,40,41,42,43,44,45,46,47,48",1,1,2.8,384,0,-,-,0,supported,default,22.5 Gigabit,required,8,30,30,true,"cluster, partition, spread",0,0,true,supported,ebs,true,-,-,true,15000,60000,1875,15000,60000,1875,true,3.3888 USD per Hour,3.4728 USD per Hour,3.5138 USD per Hour,,3.9072 USD per Hour,,,,,,,,,,
m5zn.2xlarge,m5zn,2xlarge,"ap-southeast-2, ap-southeast-2a, ap-southeast-2c",false,false,false,nitro,8,x86_64,4,"2,4",2,"1,2",4.5,32,0,-,-,0,supported,default,Up to 25 Gigabit,required,4,15,15,true,"cluster, partition, spread",0,0,true,supported,ebs,true,-,-,true,3170,13333,396.25,3170,13333,396.25,false,0.826 USD per Hour,0.84 USD per Hour,0.951 USD per Hour,1.194 USD per Hour,0.9412 USD per Hour,,,,,,,,,,
x2iedn.2xlarge,x2iedn,2xlarge,"ap-southeast-2, ap-southeast-2a, ap-southeast-2b, ap-southeast-2c",false,false,false,nitro,8,x86_64,4,"2,4",2,"1,2",3.5,256,237,true,ssd,1,supported,default,Up to 25 Gigabit,required,4,15,15,true,"cluster, partition, spread",0,0,true,unsupported,ebs,true,-,-,true,5000,16250,625,20000,65000,2500,false,2.41763 USD per Hour,2.43163 USD per Hour,2.54263 USD per Hour,2.78563 USD per Hour,2.53283 USD per Hour,,,,,,,,,,
m5.8xlarge,m5,8xlarge,"ap-southeast-2, ap-southeast-2a, ap-southeast-2b, ap-southeast-2c",false,false,false,nitro,32,x86_64,16,"2,4,6,8,10,12,14,16",2,"1,2",3.1,128,0,-,-,0,supported,default,10 Gigabit,required,8,30,30,true,"cluster, partition, spread",0,0,true,supported,ebs,true,true,-,true,6800,30000,850,6800,30000,850,false,1.92 USD per Hour,1.976 USD per Hour,2.02 USD per Hour,3.392 USD per Hour,2.266 USD per Hour,,,,,,,,,,
c6a.48xlarge,c6a,48xlarge,"ap-southeast-2, ap-southeast-2a, ap-southeast-2b, ap-southeast-2c",false,false,false,nitro,192,x86_64,96,"8,12,16,20,24,28,32,64,96",2,"1,2",3.6,384,0,-,-,0,supported,default,50 Gigabit,required,15,50,50,true,"cluster, partition, spread",0,0,true,supported,ebs,true,-,-,true,40000,240000,5000,40000,240000,5000,true,9.5904 USD per Hour,9.9264 USD per Hour,9.7154 USD per Hour,18.4224 USD per Hour,11.4336 USD per Hour,,,,,,,,,,
r6idn.16xlarge,r6idn,16xlarge,"ap-southeast-2, ap-southeast-2a, ap-southeast-2b, ap-southeast-2c",false,false,false,nitro,64,x86_64,32,"1,2,3,4,5,6,7,8,9,10,11,12,13,14,15,16,17,18,19,20,21,22,23,24,25,26,27,28,29,30,31,32",2,"1,2",3.5,512,3800,true,ssd,2,supported,default,100 Gigabit,required,15,50,50,true,"cluster, partition, spread",0,0,-,unsupported,ebs,true,-,-,true,50000,200000,6250,50000,200000,6250,true,7.63776 USD per Hour,7.74976 USD per Hour,7.76276 USD per Hour,10.58176 USD per Hour,8.32896 USD per Hour,,,,,,,,,,
m7i-flex.12xlarge,m7i-flex,12xlarge,"ap-southeast-2, ap-southeast-2a, ap-southeast-2b, ap-southeast-2c",false,false,false,nitro,48,x86_64,24,"1,2,3,4,5,6,7,8,9,10,11,12,13,14,15,16,17,18,19,20,21,22,23,24",2,"1,2",3.2,192,0,-,-,0,supported,default,Up to 18.75 Gigabit,required,8,30,30,true,"partition, spread",0,0,true,supported,ebs,-,true,-,true,7500,30000,937.5,15000,60000,1875,false,2.8728 USD per Hour,2.9568 USD per Hour,2.9978 USD per Hour,5.0808 USD per Hour,3.3912 USD per Hour,,,,,,,,,,
m4.4xlarge,m4,4xlarge,"ap-southeast-2, ap-southeast-2a, ap-southeast-2b, ap-southeast-2c",false,false,false,xen,16,x86_64,8,"1,2,3,4,5,6,7,8",2,"1,2",2.4,64,0,-,-,0,supported,default,High,unsupported,8,30,30,true,"cluster, partition, spread",0,0,true,supported,ebs,true,true,-,false,2000,16000,250,2000,16000,250,false,1 USD per Hour,1.028 USD per Hour,1.1 USD per Hour,1.736 USD per Hour,1.1728 USD per Hour,,,,,,,,,,
x1e.2xlarge,x1e,2xlarge,"ap-southeast-2, ap-southeast-2a, ap-southeast-2c",false,false,false,xen,8,x86_64,4,"1,2,3,4",2,"1,2",2.3,244,240,true,ssd,1,supported,default,Up to 10 Gigabit,supported,4,15,15,true,"cluster, partition, spread",0,0,true,unsupported,ebs,true,-,-,true,1000,7400,125,1000,7400,125,false,2.418 USD per Hour,2.432 USD per Hour,2.518 USD per Hour,2.786 USD per Hour,2.533 USD per Hour,,,,,,,,,,
m6idn.large,m6idn,large,"ap-southeast-2, ap-southeast-2a, ap-southeast-2b, ap-southeast-2c",false,false,false,nitro,2,x86_64,1,1,2,"1,2",3.5,8,118,true,ssd,1,supported,default,Up to 25 Gigabit,required,3,10,10,true,"cluster, partition, spread",0,0,-,unsupported,ebs,true,true,-,true,1562,6250,195.3125,25000,100000,3125,false,0.20124 USD per Hour,0.20474 USD per Hour,0.25754 USD per Hour,0.29324 USD per Hour,0.23004 USD per Hour,,,,,,,,,,
c6in.24xlarge,c6in,24xlarge,"ap-southeast-2, ap-southeast-2a, ap-southeast-2b, ap-southeast-2c",false,false,false,nitro,96,x86_64,48,"4,6,8,10,12,14,16,18,20,22,24,26,28,30,32,34,36,38,40,42,44,46,48",2,"1,2",3.5,192,0,-,-,0,supported,default,150 Gigabit,required,15,50,50,true,"cluster, partition, spread",0,0,true,supported,ebs,true,-,-,true,75000,300000,9375,75000,300000,9375,true,7.1064 USD per Hour,,7.2314 USD per Hour,11.5224 USD per Hour,8.1432 USD per Hour,,,,,,,,,,
c6id.8xlarge,c6id,8xlarge,"ap-southeast-2, ap-southeast-2a, ap-southeast-2b, ap-southeast-2c",false,false,false,nitro,32,x86_64,16,"2,4,6,8,10,12,14,16",2,"1,2",3.5,64,1900,true,ssd,1,supported,default,12.5 Gigabit,required,8,30,30,true,"cluster, partition, spread",0,0,-,unsupported,ebs,true,true,-,true,10000,40000,1250,10000,40000,1250,true,2.1168 USD per Hour,2.1728 USD per Hour,2.2418 USD per Hour,3.5888 USD per Hour,2.4624 USD per Hour,,,,,,,,,,
r5dn.8xlarge,r5dn,8xlarge,"ap-southeast-2, ap-southeast-2a, ap-southeast-2b, ap-southeast-2c",false,false,false,nitro,32,x86_64,16,"2,4,6,8,10,12,14,16",2,"1,2",3.1,256,1200,true,ssd,2,supported,default,25 Gigabit,required,8,30,30,true,"cluster, partition, spread",0,0,-,unsupported,ebs,true,-,-,true,6800,30000,850,6800,30000,850,false,3.264 USD per Hour,3.32 USD per Hour,3.389 USD per Hour,4.736 USD per Hour,3.6096 USD per Hour,,,,,,,,,,
r6g.medium,r6g,medium,"ap-southeast-2, ap-southeast-2a, ap-southeast-2b, ap-southeast-2c",false,false,false,nitro,1,arm64,1,-,1,-,2.5,8,0,-,-,0,supported,default,Up to 10 Gigabit,required,2,4,4,true,"cluster, partition, spread",0,0,true,supported,ebs,true,true,-,true,315,2500,39.375,4750,20000,593.75,false,0.0604 USD per Hour,0.0622 USD per Hour,0.0914 USD per Hour,,0.0748 USD per Hour,,,,,,,,,,
c6a.16xlarge,c6a,16xlarge,"ap-southeast-2, ap-southeast-2a, ap-southeast-2b, ap-southeast-2c",false,false,false,nitro,64,x86_64,32,"4,6,8,10,12,14,16,32",2,"1,2",3.6,128,0,-,-,0,supported,default,25 Gigabit,required,15,50,50,true,"cluster, partition, spread",0,0,true,supported,ebs,true,true,-,true,20000,80000,2500,20000,80000,2500,true,3.1968 USD per Hour,3.3088 USD per Hour,3.3218 USD per Hour,6.1408 USD per Hour,3.888 USD per Hour,,,,,,,,,,
m7i.16xlarge,m7i,16xlarge,"ap-southeast-2, ap-southeast-2a, ap-southeast-2b, ap-southeast-2c",false,false,false,nitro,64,x86_64,32,"1,2,3,4,5,6,7,8,9,10,11,12,13,14,15,16,17,18,19,20,21,22,23,24,25,26,27,28,29,30,31,32",2,"1,2",3.2,256,0,-,-,0,supported,default,25 Gigabit,required,15,50,50,true,"cluster, partition, spread",0,0,true,supported,ebs,true,-,-,true,20000,80000,2500,20000,80000,2500,true,4.032 USD per Hour,4.144 USD per Hour,4.157 USD per Hour,6.976 USD per Hour,4.7232 USD per Hour,,,,,,,,,,
r6a.2xlarge,r6a,2xlarge,"ap-southeast-2, ap-southeast-2a, ap-southeast-2b, ap-southeast-2c",false,false,false,nitro,8,x86_64,4,"1,2,3,4",2,"1,2",3.6,64,0,-,-,0,supported,default,Up to 12.5 Gigabit,required,4,15,15,true,"cluster, partition, spread",0,0,true,supported,ebs,true,true,-,true,2500,12000,312.5,10000,40000,1250,false,0.5436 USD per Hour,0.5576 USD per Hour,0.6686 USD per Hour,0.9116 USD per Hour,0.6588 USD per Hour,,,,,,,,,,
i4i.16xlarge,i4i,16xlarge,"ap-southeast-2, ap-southeast-2a, ap-southeast-2b, ap-southeast-2c",false,false,false,nitro,64,x86_64,32,"2,4,6,8,10,12,14,16,18,20,22,24,26,28,30,32",2,"1,2",3.5,512,15000,true,ssd,4,supported,default,37.5 Gigabit,required,15,50,50,true,"cluster, partition, spread",0,0,-,unsupported,ebs,true,-,-,true,20000,80000,2500,20000,80000,2500,true,6.582 USD per Hour,6.694 USD per Hour,6.707 USD per Hour,9.526 USD per Hour,7.274 USD per Hour,,,,,,,,,,
m6gd.4xlarge,m6gd,4xlarge,"ap-southeast-2, ap-southeast-2a, ap-southeast-2b, ap-southeast-2c",false,false,false,nitro,16,arm64,16,"1,2,3,4,5,6,7,8,9,10,11,12,13,14,15,16",1,1,2.5,64,950,true,ssd,1,supported,default,Up to 10 Gigabit,required,8,30,30,true,"cluster, partition, spread",0,0,-,unsupported,ebs,true,true,-,true,4750,20000,593.75,4750,20000,593.75,false,0.912 USD per Hour,0.94 USD per Hour,1.037 USD per Hour,,1.0848 USD per Hour,,,,,,,,,,
t2.2xlarge,t2,2xlarge,"ap-southeast-2, ap-southeast-2a, ap-southeast-2b, ap-southeast-2c",false,false,false,xen,8,x86_64,8,-,1,-,2.3,32,0,-,-,0,supported,unsupported,Moderate,unsupported,3,15,15,true,"partition, spread",0,0,true,supported,ebs,-,true,true,true,0,0,0,0,0,0,false,0.4672 USD per Hour,0.4812 USD per Hour,0.5672 USD per Hour,0.5292 USD per Hour,0.5824 USD per Hour,,,,,,,,,,
m5d.xlarge,m5d,xlarge,"ap-southeast-2, ap-southeast-2a, ap-southeast-2b, ap-southeast-2c",false,false,false,nitro,4,x86_64,2,2,2,"1,2",3.1,16,150,true,ssd,1,supported,default,Up to 10 Gigabit,required,4,15,15,true,"cluster, partition, spread",0,0,-,unsupported,ebs,true,true,-,true,1150,6000,143.75,4750,18750,593.75,false,0.284 USD per Hour,0.291 USD per Hour,0.34 USD per Hour,0.468 USD per Hour,0.342 USD per Hour,,,,,,,,,,
z1d.2xlarge,z1d,2xlarge,"ap-southeast-2, ap-southeast-2a, ap-southeast-2b, ap-southeast-2c",false,false,false,nitro,8,x86_64,4,"2,4",2,"1,2",4,64,300,true,ssd,1,supported,default,Up to 10 Gigabit,required,4,15,15,true,"cluster, partition, spread",0,0,-,unsupported,ebs,true,-,-,true,3170,13333,396.25,3170,13333,396.25,false,0.904 USD per Hour,0.918 USD per Hour,1.029 USD per Hour,1.272 USD per Hour,1.019 USD per Hour,,,,,,,,,,
g5.4xlarge,g5,4xlarge,"ap-southeast-2, ap-southeast-2a, ap-southeast-2c",false,false,false,nitro,16,x86_64,8,-,2,-,3.3,64,600,true,ssd,1,supported,default,Up to 25 Gigabit,required,8,30,30,true,"cluster, partition, spread",1,0,-,unsupported,ebs,-,-,-,true,4750,20000,593.75,4750,20000,593.75,false,2.11152 USD per Hour,2.13952 USD per Hour,2.23652 USD per Hour,2.84752 USD per Hour,2.28432 USD per Hour,,,,,,,,,,
m7gd.16xlarge,m7gd,16xlarge,"ap-southeast-2, ap-southeast-2a, ap-southeast-2b, ap-southeast-2c",false,false,false,nitro,64,arm64,64,"1,2,3,4,5,6,7,8,9,10,11,12,13,14,15,16,17,18,19,20,21,22,23,24,25,26,27,28,29,30,31,32,33,34,35,36,37,38,39,40,41,42,43,44,45,46,47,48,49,50,51,52,53,54,55,56,57,58,59,60,61,62,63,64",1,1,2.6,256,3800,true,ssd,2,supported,default,30 Gigabit,required,15,50,50,true,"cluster, partition, spread",0,0,-,unsupported,ebs,true,-,-,true,20000,80000,2500,20000,80000,2500,true,4.2941 USD per Hour,4.4061 USD per Hour,4.4191 USD per Hour,,4.9853 USD per Hour,,,,,,,,,,
r5.24xlarge,r5,24xlarge,"ap-southeast-2, ap-southeast-2a, ap-southeast-2b, ap-southeast-2c",false,false,false,nitro,96,x86_64,48,"4,6,8,10,12,14,16,18,20,22,24,26,28,30,32,34,36,38,40,42,44,46,48",2,"1,2",3.1,768,0,-,-,0,supported,default,25 Gigabit,required,15,50,50,true,"cluster, partition, spread",0,0,true,supported,ebs,true,-,-,true,19000,80000,2375,19000,80000,2375,false,7.248 USD per Hour,7.416 USD per Hour,7.373 USD per Hour,11.664 USD per Hour,8.285 USD per Hour,,,,,,,,,,
r8g.4xlarge,r8g,4xlarge,"ap-southeast-2, ap-southeast-2a, ap-southeast-2b, ap-southeast-2c",false,false,false,nitro,16,arm64,16,"1,2,3,4,5,6,7,8,9,10,11,12,13,14,15,16",1,1,2.8,128,0,-,-,0,supported,default,Up to 15 Gigabit,required,8,30,30,true,"cluster, partition, spread",0,0,true,supported,ebs,true,true,-,true,5000,20000,625,10000,40000,1250,false,1.1296 USD per Hour,1.1576 USD per Hour,1.2546 USD per Hour,,1.3024 USD per Hour,,,,,,,,,,
r8g.metal-24xl,r8g,metal-24xl,"ap-southeast-2, ap-southeast-2a, ap-southeast-2b, ap-southeast-2c",false,false,true,,96,arm64,96,-,1,-,2.8,768,0,-,-,0,supported,default,40 Gigabit,required,15,50,50,true,"cluster, partition, spread",0,0,true,supported,ebs,true,-,-,true,30000,120000,3750,30000,120000,3750,true,6.7776 USD per Hour,6.9456 USD per Hour,6.9026 USD per Hour,,7.8144 USD per Hour,,,,,,,,,,
m8g.8xlarge,m8g,8xlarge,"ap-southeast-2, ap-southeast-2a, ap-southeast-2b, ap-southeast-2c",false,false,false,nitro,32,arm64,32,"1,2,3,4,5,6,7,8,9,10,11,12,13,14,15,16,17,18,19,20,21,22,23,24,25,26,27,28,29,30,31,32",1,1,2.8,128,0,-,-,0,supported,default,15 Gigabit,required,8,30,30,true,"cluster, partition, spread",0,0,true,supported,ebs,true,true,-,true,10000,40000,1250,10000,40000,1250,false,1.7952 USD per Hour,1.8512 USD per Hour,1.9202 USD per Hour,,2.1408 USD per Hour,,,,,,,,,,
c5ad.24xlarge,c5ad,24xlarge,"ap-southeast-2, ap-southeast-2a, ap-southeast-2b, ap-southeast-2c",false,false,false,nitro,96,x86_64,48,"1,2,3,4,8,12,16,20,24,28,32,36,40,44,48",2,"1,2",3.3,192,3800,true,ssd,2,supported,default,20 Gigabit,required,15,50,50,true,"cluster, partition, spread",0,0,-,unsupported,ebs,-,-,-,true,9500,40000,1187.5,9500,40000,1187.5,false,5.424 USD per Hour,5.592 USD per Hour,5.549 USD per Hour,9.84 USD per Hour,6.461 USD per Hour,,,,,,,,,,
r6in.24xlarge,r6in,24xlarge,"ap-southeast-2, ap-southeast-2a, ap-southeast-2b, ap-southeast-2c",false,false,false,nitro,96,x86_64,48,"4,6,8,10,12,14,16,18,20,22,24,26,28,30,32,34,36,38,40,42,44,46,48",2,"1,2",3.5,768,0,-,-,0,supported,default,150 Gigabit,required,15,50,50,true,"cluster, partition, spread",0,0,true,supported,ebs,true,-,-,true,75000,300000,9375,75000,300000,9375,true,10.16496 USD per Hour,10.33296 USD per Hour,10.28996 USD per Hour,14.58096 USD per Hour,11.20176 USD per Hour,,,,,,,,,,
is4gen.4xlarge,is4gen,4xlarge,"ap-southeast-2, ap-southeast-2a, ap-southeast-2b, ap-southeast-2c",false,false,false,nitro,16,arm64,16,"1,2,3,4,5,6,7,8,9,10,11,12,13,14,15,16",1,1,2.5,96,15000,true,ssd,2,supported,default,25 Gigabit,required,8,30,30,true,"cluster, partition, spread",0,0,-,unsupported,ebs,-,true,-,true,10000,40000,1250,10000,40000,1250,false,2.76421 USD per Hour,2.79221 USD per Hour,2.88921 USD per Hour,,2.93701 USD per Hour,,,,,,,,,,
r6id.16xlarge,r6id,16xlarge,"ap-southeast-2, ap-southeast-2a, ap-southeast-2b, ap-southeast-2c",false,false,false,nitro,64,x86_64,32,"2,4,6,8,10,12,14,16,18,20,22,24,26,28,30,32",2,"1,2",3.5,512,3800,true,ssd,2,supported,default,25 Gigabit,required,15,50,50,true,"cluster, partition, spread",0,0,-,unsupported,ebs,true,-,-,true,20000,80000,2500,20000,80000,2500,true,5.568 USD per Hour,5.68 USD per Hour,5.693 USD per Hour,8.512 USD per Hour,6.2592 USD per Hour,,,,,,,,,,
c6gd.metal,c6gd,metal,"ap-southeast-2, ap-southeast-2a, ap-southeast-2b, ap-southeast-2c",false,false,true,,64,arm64,64,-,1,-,2.5,128,3800,true,ssd,2,supported,default,25 Gigabit,required,15,50,50,true,"cluster, partition, spread",0,0,-,unsupported,ebs,true,-,-,true,19000,80000,2375,19000,80000,2375,false,3.232 USD per Hour,3.344 USD per Hour,3.357 USD per Hour,,3.9232 USD per Hour,,,,,,,,,,
inf2.48xlarge,inf2,48xlarge,"ap-southeast-2, ap-southeast-2a, ap-southeast-2b",false,false,false,nitro,192,x86_64,96,"4,8,12,16,20,24,28,32,64,96",2,"1,2",3.6,768,0,-,-,0,supported,default,100 Gigabit,required,15,50,50,true,"cluster, partition, spread",0,0,-,supported,ebs,true,-,-,true,60000,240000,7500,60000,240000,7500,false,16.87565 USD per Hour,,,,18.71885 USD per Hour,,,,,,,,,,
f2.6xlarge,f2,6xlarge,"ap-southeast-2, ap-southeast-2a",false,false,false,nitro,24,x86_64,12,"1,2,3,6,9,12",2,"1,2",3.4,256,940,true,ssd,1,supported,default,12.5 Gigabit,required,8,30,30,true,"cluster, partition, spread",0,1,-,unsupported,ebs,true,-,-,true,7500,30000,937.5,7500,30000,937.5,false,2.376 USD per Hour,2.418 USD per Hour,2.501 USD per Hour,,2.6352 USD per Hour,,,,,,,,,,
m6a.2xlarge,m6a,2xlarge,"ap-southeast-2, ap-southeast-2a, ap-southeast-2b, ap-southeast-2c",false,false,false,nitro,8,x86_64,4,"1,2,3,4",2,"1,2",3.6,32,0,-,-,0,supported,default,Up to 12.5 Gigabit,required,4,15,15,true,"cluster, partition, spread",0,0,true,supported,ebs,true,true,-,true,2500,12000,312.5,10000,40000,1250,false,0.432 USD per Hour,0.446 USD per Hour,0.557 USD per Hour,0.8 USD per Hour,0.5472 USD per Hour,,,,,,,,,,
r5n.12xlarge,r5n,12xlarge,"ap-southeast-2, ap-southeast-2a, ap-southeast-2b, ap-southeast-2c",false,false,false,nitro,48,x86_64,24,"2,4,6,8,10,12,14,16,18,20,22,24",2,"1,2",3.1,384,0,-,-,0,supported,default,50 Gigabit,required,8,30,30,true,"cluster, partition, spread",0,0,true,supported,ebs,true,-,-,true,9500,40000,1187.5,9500,40000,1187.5,false,4.344 USD per Hour,4.428 USD per Hour,4.469 USD per Hour,6.552 USD per Hour,4.862 USD per Hour,,,,,,,,,,
d3en.2xlarge,d3en,2xlarge,"ap-southeast-2, ap-southeast-2a, ap-southeast-2b, ap-southeast-2c",false,false,false,nitro,8,x86_64,4,"2,4",2,"1,2",3.1,32,55920,true,hdd,4,supported,default,Up to 25 Gigabit,required,4,5,5,true,"cluster, partition, spread",0,0,-,unsupported,ebs,-,-,-,true,1700,10000,212.5,2800,15000,350,false,1.318 USD per Hour,1.332 USD per Hour,1.443 USD per Hour,1.686 USD per Hour,1.433 USD per Hour,,,,,,,,,,
m2.4xlarge,m2,4xlarge,"ap-southeast-2, ap-southeast-2a, ap-southeast-2b",false,false,false,xen,8,x86_64,8,"1,2,3,4,5,6,7,8",1,1,,68.4,1680,true,hdd,2,supported,supported,High,unsupported,8,30,0,-,"partition, spread",0,0,-,unsupported,"ebs, instance-store",-,-,-,false,1000,8000,125,1000,8000,125,false,1.183 USD per Hour,,1.283 USD per Hour,1.483 USD per Hour,1.298 USD per Hour,,,,,,,,,,
r3.large,r3,large,"ap-southeast-2, ap-southeast-2a, ap-southeast-2b, ap-southeast-2c",false,false,false,xen,2,x86_64,1,1,2,"1,2",2.5,15,32,true,ssd,1,supported,unsupported,Moderate,unsupported,3,10,10,true,"cluster, partition, spread",0,0,true,unsupported,"ebs, instance-store",true,true,-,false,0,0,0,0,0,0,false,0.2 USD per Hour,,0.3 USD per Hour,0.313 USD per Hour,0.229 USD per Hour,,,,,,,,,,
c8g.2xlarge,c8g,2xlarge,"ap-southeast-2, ap-southeast-2a, ap-southeast-2b, ap-southeast-2c",false,false,false,nitro,8,arm64,8,"1,2,3,4,5,6,7,8",1,1,2.8,16,0,-,-,0,supported,default,Up to 15 Gigabit,required,4,15,15,true,"cluster, partition, spread",0,0,true,supported,ebs,true,true,-,true,2500,12000,312.5,10000,40000,1250,false,0.4152 USD per Hour,0.4292 USD per Hour,0.5402 USD per Hour,,0.5304 USD per Hour,,,,,,,,,,
c6i.4xlarge,c6i,4xlarge,"ap-southeast-2, ap-southeast-2a, ap-southeast-2b, ap-southeast-2c",false,false,false,nitro,16,x86_64,8,"2,4,6,8",2,"1,2",3.5,32,0,-,-,0,supported,default,Up to 12.5 Gigabit,required,8,30,30,true,"cluster, partition, spread",0,0,true,supported,ebs,true,true,-,true,5000,20000,625,10000,40000,1250,false,0.888 USD per Hour,0.916 USD per Hour,1.013 USD per Hour,1.624 USD per Hour,1.0608 USD per Hour,,,,,,,,,,
g3.16xlarge,g3,16xlarge,"ap-southeast-2, ap-southeast-2a, ap-southeast-2b, ap-southeast-2c",false,false,false,xen,64,x86_64,32,"2,4,6,8,10,12,14,16,18,20,22,24,26,28,30,32",2,"1,2",2.3,488,0,-,-,0,supported,default,25 Gigabit,supported,15,50,50,true,"cluster, partition, spread",4,0,true,supported,ebs,true,-,-,false,14000,80000,1750,14000,80000,1750,false,7.016 USD per Hour,7.128 USD per Hour,7.116 USD per Hour,9.96 USD per Hour,7.7072 USD per Hour,,,,,,,,,,
c5n.2xlarge,c5n,2xlarge,"ap-southeast-2, ap-southeast-2a, ap-southeast-2b, ap-southeast-2c",false,false,false,nitro,8,x86_64,4,"2,4",2,"1,2",3.4,21,0,-,-,0,supported,default,Up to 25 Gigabit,required,4,15,15,true,"cluster, partition, spread",0,0,true,supported,ebs,true,-,-,true,2300,10000,287.5,4750,20000,593.75,false,0.564 USD per Hour,0.578 USD per Hour,0.689 USD per Hour,0.932 USD per Hour,0.679 USD per Hour,,,,,,,,,,
r5a.xlarge,r5a,xlarge,"ap-southeast-2, ap-southeast-2a, ap-southeast-2b, ap-southeast-2c",false,false,false,nitro,4,x86_64,2,2,2,"1,2",2.5,32,0,-,-,0,supported,default,Up to 10 Gigabit,required,4,15,15,true,"cluster, partition, spread",0,0,true,supported,ebs,-,true,-,true,1085,6000,135.625,2880,16000,360,false,0.272 USD per Hour,0.279 USD per Hour,0.328 USD per Hour,0.456 USD per Hour,0.33 USD per Hour,,,,,,,,,,
c7gd.medium,c7gd,medium,"ap-southeast-2, ap-southeast-2a, ap-southeast-2b, ap-southeast-2c",false,false,false,nitro,1,arm64,1,-,1,-,2.6,2,59,true,ssd,1,supported,default,Up to 12.5 Gigabit,required,2,4,4,true,"cluster, partition, spread",0,0,-,unsupported,ebs,true,true,-,true,315,2500,39.375,10000,40000,1250,false,0.0595 USD per Hour,0.0613 USD per Hour,0.1158 USD per Hour,,0.0739 USD per Hour,,,,,,,,,,
m7gd.large,m7gd,large,"ap-southeast-2, ap-southeast-2a, ap-southeast-2b, ap-southeast-2c",false,false,false,nitro,2,arm64,2,"1,2",1,1,2.6,8,118,true,ssd,1,supported,default,Up to 12.5 Gigabit,required,3,10,10,true,"cluster, partition, spread",0,0,-,unsupported,ebs,true,true,-,true,630,3600,78.75,10000,40000,1250,false,0.1342 USD per Hour,0.1377 USD per Hour,0.1905 USD per Hour,,0.163 USD per Hour,,,,,,,,,,
c6i.32xlarge,c6i,32xlarge,"ap-southeast-2, ap-southeast-2a, ap-southeast-2b, ap-southeast-2c",false,false,false,nitro,128,x86_64,64,"2,4,6,8,10,12,14,16,18,20,22,24,26,28,30,32,34,36,38,40,42,44,46,48,50,52,54,56,58,60,62,64",2,"1,2",3.5,256,0,-,-,0,supported,default,50 Gigabit,required,15,50,50,true,"cluster, partition, spread",0,0,true,supported,ebs,true,-,-,true,40000,160000,5000,40000,160000,5000,true,7.104 USD per Hour,7.328 USD per Hour,7.229 USD per Hour,12.992 USD per Hour,8.3328 USD per Hour,,,,,,,,,,
c3.8xlarge,c3,8xlarge,"ap-southeast-2, ap-southeast-2a, ap-southeast-2b, ap-southeast-2c",false,false,false,xen,32,x86_64,16,"2,4,6,8,10,12,14,16",2,"1,2",2.8,60,640,true,ssd,2,supported,unsupported,10 Gigabit,unsupported,8,30,30,true,"cluster, partition, spread",0,0,true,unsupported,"ebs, instance-store",true,true,-,false,0,0,0,0,0,0,false,2.117 USD per Hour,,2.217 USD per Hour,3.813 USD per Hour,2.458 USD per Hour,,,,,,,,,,
m6id.xlarge,m6id,xlarge,"ap-southeast-2, ap-southeast-2a, ap-southeast-2b, ap-southeast-2c",false,false,false,nitro,4,x86_64,2,"1,2",2,"1,2",3.5,16,237,true,ssd,1,supported,default,Up to 12.5 Gigabit,required,4,15,15,true,"cluster, partition, spread",0,0,-,unsupported,ebs,true,true,-,true,1250,6000,156.25,10000,40000,1250,false,0.2982 USD per Hour,0.3052 USD per Hour,0.3545 USD per Hour,0.4822 USD per Hour,0.3558 USD per Hour,,,,,,,,,,
r6a.xlarge,r6a,xlarge,"ap-southeast-2, ap-southeast-2a, ap-southeast-2b, ap-southeast-2c",false,false,false,nitro,4,x86_64,2,"1,2",2,"1,2",3.6,32,0,-,-,0,supported,default,Up to 12.5 Gigabit,required,4,15,15,true,"cluster, partition, spread",0,0,true,supported,ebs,true,true,-,true,1250,6000,156.25,10000,40000,1250,false,0.2718 USD per Hour,0.2788 USD per Hour,0.3281 USD per Hour,0.4558 USD per Hour,0.3294 USD per Hour,,,,,,,,,,
g6.24xlarge,g6,24xlarge,"ap-southeast-2, ap-southeast-2a, ap-southeast-2c",false,false,false,nitro,96,x86_64,48,"1,2,3,4,5,6,12,18,24,30,36,42,48",2,"1,2",3.4,384,3760,true,ssd,4,supported,default,50 Gigabit,required,15,50,50,true,"cluster, partition, spread",4,0,-,unsupported,ebs,true,-,-,true,30000,120000,3750,30000,120000,3750,false,8.67909 USD per Hour,8.84709 USD per Hour,8.80409 USD per Hour,13.09509 USD per Hour,9.71589 USD per Hour,,,,,,,,,,
r6in.metal,r6in,metal,"ap-southeast-2, ap-southeast-2a, ap-southeast-2b, ap-southeast-2c",false,false,true,,128,x86_64,64,-,2,-,3.5,1024,0,-,-,0,supported,default,200 Gigabit,required,16,50,50,true,"cluster, partition, spread",0,0,true,supported,ebs,true,-,-,true,100000,400000,12500,100000,400000,12500,true,13.55328 USD per Hour,13.77728 USD per Hour,13.67828 USD per Hour,19.44128 USD per Hour,14.78208 USD per Hour,,,,,,,,,,
mac2-m2.metal,mac2-m2,metal,"ap-southeast-2a, ap-southeast-2b",false,false,true,,8,arm64_mac,8,-,1,-,3.5,24,0,-,-,0,supported,default,10 Gigabit,required,8,30,30,true,"partition, spread",0,0,-,unsupported,ebs,true,-,-,true,8000,55000,1000,8000,55000,1000,false,,,,,,,,,,,,,,,
m5a.2xlarge,m5a,2xlarge,"ap-southeast-2, ap-southeast-2a, ap-southeast-2b, ap-southeast-2c",false,false,false,nitro,8,x86_64,4,"2,4",2,"1,2",2.5,32,0,-,-,0,supported,default,Up to 10 Gigabit,required,4,15,15,true,"cluster, partition, spread",0,0,true,supported,ebs,-,true,-,true,1580,8333,197.5,2880,16000,360,false,0.432 USD per Hour,0.446 USD per Hour,0.557 USD per Hour,0.8 USD per Hour,0.547 USD per Hour,,,,,,,,,,
is4gen.xlarge,is4gen,xlarge,"ap-southeast-2, ap-southeast-2a, ap-southeast-2b, ap-southeast-2c",false,false,false,nitro,4,arm64,4,"1,2,3,4",1,1,2.5,24,3750,true,ssd,1,supported,default,Up to 25 Gigabit,required,4,15,15,true,"cluster, partition, spread",0,0,-,unsupported,ebs,-,true,-,true,2500,10000,312.5,10000,40000,1250,false,0.69105 USD per Hour,0.69805 USD per Hour,0.74735 USD per Hour,,0.74865 USD per Hour,,,,,,,,,,
x2idn.24xlarge,x2idn,24xlarge,"ap-southeast-2, ap-southeast-2a, ap-southeast-2b, ap-southeast-2c",false,false,false,nitro,96,x86_64,48,"2,4,6,8,10,12,14,16,18,20,22,24,26,28,30,32,34,36,38,40,42,44,46,48",2,"1,2",3.5,1536,2850,true,ssd,2,supported,default,75 Gigabit,required,15,50,50,true,"cluster, partition, spread",0,0,true,unsupported,ebs,true,-,-,true,60000,260000,7500,60000,260000,7500,true,14.50575 USD per Hour,14.67375 USD per Hour,14.63075 USD per Hour,18.92175 USD per Hour,15.54255 USD per Hour,,,,,,,,,,
m5ad.4xlarge,m5ad,4xlarge,"ap-southeast-2, ap-southeast-2a, ap-southeast-2b, ap-southeast-2c",false,false,false,nitro,16,x86_64,8,"2,4,6,8",2,"1,2",2.2,64,600,true,ssd,2,supported,default,Up to 10 Gigabit,required,8,30,30,true,"cluster, partition, spread",0,0,-,unsupported,ebs,-,true,-,true,2880,16000,360,2880,16000,360,false,1.04 USD per Hour,1.068 USD per Hour,1.165 USD per Hour,1.776 USD per Hour,1.213 USD per Hour,,,,,,,,,,
m8g.large,m8g,large,"ap-southeast-2, ap-southeast-2a, ap-southeast-2b, ap-southeast-2c",false,false,false,nitro,2,arm64,2,"1,2",1,1,2.8,8,0,-,-,0,supported,default,Up to 12.5 Gigabit,required,3,10,10,true,"cluster, partition, spread",0,0,true,supported,ebs,true,true,-,true,630,3600,78.75,10000,40000,1250,false,0.1122 USD per Hour,0.1157 USD per Hour,0.1685 USD per Hour,,0.141 USD per Hour,,,,,,,,,,
g6.8xlarge,g6,8xlarge,"ap-southeast-2, ap-southeast-2a, ap-southeast-2c",false,false,false,nitro,32,x86_64,16,"1,2,4,6,8,10,12,14,16",2,"1,2",3.4,128,900,true,ssd,2,supported,default,25 Gigabit,required,8,30,30,true,"cluster, partition, spread",1,0,-,unsupported,ebs,-,-,-,true,16000,64000,2000,16000,64000,2000,false,2.61912 USD per Hour,2.67512 USD per Hour,2.74412 USD per Hour,4.09112 USD per Hour,2.96472 USD per Hour,,,,,,,,,,
m5.24xlarge,m5,24xlarge,"ap-southeast-2, ap-southeast-2a, ap-southeast-2b, ap-southeast-2c",false,false,false,nitro,96,x86_64,48,"4,6,8,10,12,14,16,18,20,22,24,26,28,30,32,34,36,38,40,42,44,46,48",2,"1,2",3.1,384,0,-,-,0,supported,default,25 Gigabit,required,15,50,50,true,"cluster, partition, spread",0,0,true,supported,ebs,true,-,-,true,19000,80000,2375,19000,80000,2375,false,5.76 USD per Hour,5.928 USD per Hour,5.86 USD per Hour,10.176 USD per Hour,6.797 USD per Hour,,,,,,,,,,
m7a.16xlarge,m7a,16xlarge,"ap-southeast-2, ap-southeast-2a, ap-southeast-2b, ap-southeast-2c",false,false,false,nitro,64,x86_64,64,"1,2,3,4,5,6,7,8,16,24,32,40,48,56,64",1,1,3.7,256,0,-,-,0,supported,default,25 Gigabit,required,15,50,50,true,"cluster, partition, spread",0,0,true,supported,ebs,true,-,-,true,20000,80000,2500,20000,80000,2500,true,4.6368 USD per Hour,4.7488 USD per Hour,4.7618 USD per Hour,7.5808 USD per Hour,5.328 USD per Hour,,,,,,,,,,
r3.8xlarge,r3,8xlarge,"ap-southeast-2, ap-southeast-2a, ap-southeast-2b, ap-southeast-2c",false,false,false,xen,32,x86_64,16,"2,4,6,8,10,12,14,16",2,"1,2",2.5,244,640,true,ssd,2,supported,unsupported,10 Gigabit,unsupported,8,30,30,true,"cluster, partition, spread",0,0,true,unsupported,"ebs, instance-store",true,-,-,false,0,0,0,0,0,0,false,3.192 USD per Hour,,3.292 USD per Hour,4.6 USD per Hour,3.546 USD per Hour,,,,,,,,,,
r5ad.24xlarge,r5ad,24xlarge,"ap-southeast-2, ap-southeast-2a, ap-southeast-2b, ap-southeast-2c",false,false,false,nitro,96,x86_64,48,"12,18,24,36,48",2,"1,2",2.2,768,3600,true,ssd,4,supported,default,20 Gigabit,required,15,50,50,true,"cluster, partition, spread",0,0,-,unsupported,ebs,-,-,-,true,13570,60000,1696.25,13570,60000,1696.25,false,7.632 USD per Hour,7.8 USD per Hour,7.757 USD per Hour,12.048 USD per Hour,8.669 USD per Hour,,,,,,,,,,
m6id.12xlarge,m6id,12xlarge,"ap-southeast-2, ap-southeast-2a, ap-southeast-2b, ap-southeast-2c",false,false,false,nitro,48,x86_64,24,"2,4,6,8,10,12,14,16,18,20,22,24",2,"1,2",3.5,192,2850,true,ssd,2,supported,default,18.75 Gigabit,required,8,30,30,true,"cluster, partition, spread",0,0,-,unsupported,ebs,true,-,-,true,15000,60000,1875,15000,60000,1875,true,3.5784 USD per Hour,3.6624 USD per Hour,3.7034 USD per Hour,5.7864 USD per Hour,4.0968 USD per Hour,,,,,,,,,,
c6i.large,c6i,large,"ap-southeast-2, ap-southeast-2a, ap-southeast-2b, ap-southeast-2c",false,false,false,nitro,2,x86_64,1,1,2,"1,2",3.5,4,0,-,-,0,supported,default,Up to 12.5 Gigabit,required,3,10,10,true,"cluster, partition, spread",0,0,true,supported,ebs,true,true,-,true,650,3600,81.25,10000,40000,1250,false,0.111 USD per Hour,0.1145 USD per Hour,0.1673 USD per Hour,0.203 USD per Hour,0.1398 USD per Hour,,,,,,,,,,
m7i.24xlarge,m7i,24xlarge,"ap-southeast-2, ap-southeast-2a, ap-southeast-2b, ap-southeast-2c",false,false,false,nitro,96,x86_64,48,"1,2,3,4,5,6,7,8,9,10,11,12,13,14,15,16,17,18,19,20,21,22,23,24,25,26,27,28,29,30,31,32,33,34,35,36,37,38,39,40,41,42,43,44,45,46,47,48",2,"1,2",3.2,384,0,-,-,0,supported,default,37.5 Gigabit,required,15,50,50,true,"cluster, partition, spread",0,0,true,supported,ebs,-,-,-,true,30000,120000,3750,30000,120000,3750,true,6.048 USD per Hour,6.216 USD per Hour,6.173 USD per Hour,10.464 USD per Hour,7.0848 USD per Hour,,,,,,,,,,
r6id.12xlarge,r6id,12xlarge,"ap-southeast-2, ap-southeast-2a, ap-southeast-2b, ap-southeast-2c",false,false,false,nitro,48,x86_64,24,"2,4,6,8,10,12,14,16,18,20,22,24",2,"1,2",3.5,384,2850,true,ssd,2,supported,default,18.75 Gigabit,required,8,30,30,true,"cluster, partition, spread",0,0,-,unsupported,ebs,true,-,-,true,15000,60000,1875,15000,60000,1875,true,4.176 USD per Hour,4.26 USD per Hour,4.301 USD per Hour,6.384 USD per Hour,4.6944 USD per Hour,,,,,,,,,,
m6id.32xlarge,m6id,32xlarge,"ap-southeast-2, ap-southeast-2a, ap-southeast-2b, ap-southeast-2c",false,false,false,nitro,128,x86_64,64,"2,4,6,8,10,12,14,16,18,20,22,24,26,28,30,32,34,36,38,40,42,44,46,48,50,52,54,56,58,60,62,64",2,"1,2",3.5,512,7600,true,ssd,4,supported,default,50 Gigabit,required,15,50,50,true,"cluster, partition, spread",0,0,-,unsupported,ebs,true,-,-,true,40000,160000,5000,40000,160000,5000,true,9.5424 USD per Hour,9.7664 USD per Hour,9.6674 USD per Hour,15.4304 USD per Hour,10.7712 USD per Hour,,,,,,,,,,
c6i.8xlarge,c6i,8xlarge,"ap-southeast-2, ap-southeast-2a, ap-southeast-2b, ap-southeast-2c",false,false,false,nitro,32,x86_64,16,"2,4,6,8,10,12,14,16",2,"1,2",3.5,64,0,-,-,0,supported,default,12.5 Gigabit,required,8,30,30,true,"cluster, partition, spread",0,0,true,supported,ebs,true,true,-,true,10000,40000,1250,10000,40000,1250,true,1.776 USD per Hour,1.832 USD per Hour,1.901 USD per Hour,3.248 USD per Hour,2.1216 USD per Hour,,,,,,,,,,
r7i.16xlarge,r7i,16xlarge,"ap-southeast-2, ap-southeast-2a, ap-southeast-2b, ap-southeast-2c",false,false,false,nitro,64,x86_64,32,"1,2,3,4,5,6,7,8,9,10,11,12,13,14,15,16,17,18,19,20,21,22,23,24,25,26,27,28,29,30,31,32",2,"1,2",3.2,512,0,-,-,0,supported,default,25 Gigabit,required,15,50,50,true,"cluster, partition, spread",0,0,true,supported,ebs,true,-,-,true,20000,80000,2500,20000,80000,2500,true,5.0736 USD per Hour,5.1856 USD per Hour,5.1986 USD per Hour,8.0176 USD per Hour,5.7648 USD per Hour,,,,,,,,,,
c7i-flex.8xlarge,c7i-flex,8xlarge,"ap-southeast-2, ap-southeast-2a, ap-southeast-2b, ap-southeast-2c",false,false,false,nitro,32,x86_64,16,"1,2,3,4,5,6,7,8,9,10,11,12,13,14,15,16",2,"1,2",3.2,64,0,-,-,0,supported,default,Up to 12.5 Gigabit,required,8,30,30,true,"partition, spread",0,0,true,supported,ebs,-,true,-,true,5000,20000,625,10000,40000,1250,false,1.77156 USD per Hour,1.82756 USD per Hour,1.89656 USD per Hour,3.16996 USD per Hour,2.11716 USD per Hour,,,,,,,,,,
m6idn.4xlarge,m6idn,4xlarge,"ap-southeast-2, ap-southeast-2a, ap-southeast-2b, ap-southeast-2c",false,false,false,nitro,16,x86_64,8,"1,2,3,4,5,6,7,8",2,"1,2",3.5,64,950,true,ssd,1,supported,default,Up to 50 Gigabit,required,8,30,30,true,"cluster, partition, spread",0,0,-,unsupported,ebs,true,true,-,true,12500,50000,1562.5,25000,100000,3125,false,1.60992 USD per Hour,1.63792 USD per Hour,1.73492 USD per Hour,2.34592 USD per Hour,1.78272 USD per Hour,,,,,,,,,,
m6gd.medium,m6gd,medium,"ap-southeast-2, ap-southeast-2a, ap-southeast-2b, ap-southeast-2c",false,false,false,nitro,1,arm64,1,-,1,-,2.5,4,59,true,ssd,1,supported,default,Up to 10 Gigabit,required,2,4,4,true,"cluster, partition, spread",0,0,-,unsupported,ebs,true,true,-,true,315,2500,39.375,4750,20000,593.75,false,0.057 USD per Hour,0.0588 USD per Hour,0.088 USD per Hour,,0.0714 USD per Hour,,,,,,,,,,
r5b.12xlarge,r5b,12xlarge,"ap-southeast-2, ap-southeast-2a, ap-southeast-2b, ap-southeast-2c",false,false,false,nitro,48,x86_64,24,"2,4,6,8,10,12,14,16,18,20,22,24",2,"1,2",3.1,384,0,-,-,0,supported,default,12 Gigabit,required,8,30,30,true,"cluster, partition, spread",0,0,true,supported,ebs,true,-,-,true,30000,130000,3750,30000,130000,3750,false,4.344 USD per Hour,4.428 USD per Hour,4.469 USD per Hour,6.552 USD per Hour,4.8624 USD per Hour,,,,,,,,,,
d2.8xlarge,d2,8xlarge,"ap-southeast-2, ap-southeast-2a, ap-southeast-2b, ap-southeast-2c",false,false,false,xen,36,x86_64,18,"2,4,6,8,10,12,14,16,18",2,"1,2",2.4,244,49152,true,hdd,24,supported,default,10 Gigabit,unsupported,8,30,30,true,"cluster, partition, spread",0,0,-,unsupported,"ebs, instance-store",true,-,-,false,4000,32000,500,4000,32000,500,false,6.96 USD per Hour,7.023 USD per Hour,7.06 USD per Hour,7.638 USD per Hour,7.349 USD per Hour,,,,,,,,,,
m5.12xlarge,m5,12xlarge,"ap-southeast-2, ap-southeast-2a, ap-southeast-2b, ap-southeast-2c",false,false,false,nitro,48,x86_64,24,"2,4,6,8,10,12,14,16,18,20,22,24",2,"1,2",3.1,192,0,-,-,0,supported,default,12 Gigabit,required,8,30,30,true,"cluster, partition, spread",0,0,true,supported,ebs,true,-,-,true,9500,40000,1187.5,9500,40000,1187.5,false,2.88 USD per Hour,2.964 USD per Hour,2.98 USD per Hour,5.088 USD per Hour,3.398 USD per Hour,,,,,,,,,,
c7g.16xlarge,c7g,16xlarge,"ap-southeast-2, ap-southeast-2a, ap-southeast-2b, ap-southeast-2c",false,false,false,nitro,64,arm64,64,"1,2,3,4,5,6,7,8,9,10,11,12,13,14,15,16,17,18,19,20,21,22,23,24,25,26,27,28,29,30,31,32,33,34,35,36,37,38,39,40,41,42,43,44,45,46,47,48,49,50,51,52,53,54,55,56,57,58,59,60,61,62,63,64",1,1,2.6,128,0,-,-,0,supported,default,30 Gigabit,required,15,50,50,true,"cluster, partition, spread",0,0,true,supported,ebs,true,true,-,true,20000,80000,2500,20000,80000,2500,true,3.0195 USD per Hour,3.1315 USD per Hour,3.1445 USD per Hour,,3.7107 USD per Hour,,,,,,,,,,
g4dn.metal,g4dn,metal,"ap-southeast-2, ap-southeast-2a, ap-southeast-2b, ap-southeast-2c",false,false,true,,96,x86_64,48,-,2,-,2.5,384,1800,true,ssd,2,supported,default,100 Gigabit,required,15,50,50,true,"cluster, partition, spread",8,0,-,unsupported,ebs,true,-,-,true,19000,80000,2375,19000,80000,2375,false,10.174 USD per Hour,10.342 USD per Hour,10.299 USD per Hour,14.59 USD per Hour,11.211 USD per Hour,,,,,,,,,,
r6idn.xlarge,r6idn,xlarge,"ap-southeast-2, ap-southeast-2a, ap-southeast-2b, ap-southeast-2c",false,false,false,nitro,4,x86_64,2,"1,2",2,"1,2",3.5,32,237,true,ssd,1,supported,default,Up to 30 Gigabit,required,4,15,15,true,"cluster, partition, spread",0,0,-,unsupported,ebs,true,true,-,true,3125,12500,390.625,25000,100000,3125,false,0.47736 USD per Hour,0.48436 USD per Hour,0.53366 USD per Hour,0.66136 USD per Hour,0.53496 USD per Hour,,,,,,,,,,
m5d.metal,m5d,metal,"ap-southeast-2, ap-southeast-2a, ap-southeast-2b, ap-southeast-2c",false,false,true,,96,x86_64,48,-,2,-,3.1,384,3600,true,ssd,4,supported,default,25 Gigabit,required,15,50,50,true,"cluster, partition, spread",0,0,-,unsupported,ebs,true,-,-,true,19000,80000,2375,19000,80000,2375,false,6.816 USD per Hour,6.984 USD per Hour,6.916 USD per Hour,11.232 USD per Hour,7.853 USD per Hour,,,,,,,,,,
r7gd.8xlarge,r7gd,8xlarge,"ap-southeast-2, ap-southeast-2a, ap-southeast-2b, ap-southeast-2c",false,false,false,nitro,32,arm64,32,"1,2,3,4,5,6,7,8,9,10,11,12,13,14,15,16,17,18,19,20,21,22,23,24,25,26,27,28,29,30,31,32",1,1,2.6,256,1900,true,ssd,1,supported,default,15 Gigabit,required,8,30,30,true,"cluster, partition, spread",0,0,-,unsupported,ebs,true,-,-,true,10000,40000,1250,10000,40000,1250,false,2.5056 USD per Hour,2.5616 USD per Hour,2.6306 USD per Hour,,2.8512 USD per Hour,,,,,,,,,,
r6gd.large,r6gd,large,"ap-southeast-2, ap-southeast-2a, ap-southeast-2b, ap-southeast-2c",false,false,false,nitro,2,arm64,2,"1,2",1,1,2.5,16,118,true,ssd,1,supported,default,Up to 10 Gigabit,required,3,10,10,true,"cluster, partition, spread",0,0,-,unsupported,ebs,true,true,-,true,630,3600,78.75,4750,20000,593.75,false,0.139 USD per Hour,0.1425 USD per Hour,0.1953 USD per Hour,,0.1678 USD per Hour,,,,,,,,,,
m8g.metal-48xl,m8g,metal-48xl,"ap-southeast-2, ap-southeast-2a, ap-southeast-2b, ap-southeast-2c",false,false,true,,192,arm64,192,-,1,-,2.7,768,0,-,-,0,supported,default,50 Gigabit,required,15,50,50,true,"cluster, partition, spread",0,0,true,supported,ebs,true,-,-,true,40000,240000,5000,40000,240000,5000,true,10.7712 USD per Hour,11.1072 USD per Hour,10.8962 USD per Hour,,12.6144 USD per Hour,,,,,,,,,,
r5ad.12xlarge,r5ad,12xlarge,"ap-southeast-2, ap-southeast-2a, ap-southeast-2b, ap-southeast-2c",false,false,false,nitro,48,x86_64,24,"6,12,18,24",2,"1,2",2.2,384,1800,true,ssd,2,supported,default,10 Gigabit,required,8,30,30,true,"cluster, partition, spread",0,0,-,unsupported,ebs,-,-,-,true,6780,30000,847.5,6780,30000,847.5,false,3.816 USD per Hour,3.9 USD per Hour,3.941 USD per Hour,6.024 USD per Hour,4.334 USD per Hour,,,,,,,,,,
c7i-flex.2xlarge,c7i-flex,2xlarge,"ap-southeast-2, ap-southeast-2a, ap-southeast-2b, ap-southeast-2c",false,false,false,nitro,8,x86_64,4,"1,2,3,4",2,"1,2",3.2,16,0,-,-,0,supported,default,Up to 12.5 Gigabit,required,4,15,15,true,"partition, spread",0,0,true,supported,ebs,-,true,-,true,1250,6000,156.25,10000,40000,1250,false,0.44289 USD per Hour,0.45689 USD per Hour,0.56789 USD per Hour,0.79249 USD per Hour,0.55809 USD per Hour,,,,,,,,,,
m5zn.6xlarge,m5zn,6xlarge,"ap-southeast-2, ap-southeast-2a, ap-southeast-2c",false,false,false,nitro,24,x86_64,12,"2,4,6,8,10,12",2,"1,2",4.5,96,0,-,-,0,supported,default,50 Gigabit,required,8,30,30,true,"cluster, partition, spread",0,0,true,supported,ebs,true,-,-,true,9500,40000,1187.5,9500,40000,1187.5,false,2.478 USD per Hour,2.52 USD per Hour,2.603 USD per Hour,3.582 USD per Hour,2.7372 USD per Hour,,,,,,,,,,
m7a.xlarge,m7a,xlarge,"ap-southeast-2, ap-southeast-2a, ap-southeast-2b, ap-southeast-2c",false,false,false,nitro,4,x86_64,4,"1,2,3,4",1,1,3.7,16,0,-,-,0,supported,default,Up to 12.5 Gigabit,required,4,15,15,true,"cluster, partition, spread",0,0,true,supported,ebs,true,true,-,true,1250,6000,156.25,10000,40000,1250,false,0.2898 USD per Hour,0.2968 USD per Hour,0.3461 USD per Hour,0.4738 USD per Hour,0.3474 USD per Hour,,,,,,,,,,
m6idn.12xlarge,m6idn,12xlarge,"ap-southeast-2, ap-southeast-2a, ap-southeast-2b, ap-southeast-2c",false,false,false,nitro,48,x86_64,24,"1,2,3,4,5,6,7,8,9,10,11,12,13,14,15,16,17,18,19,20,21,22,23,24",2,"1,2",3.5,192,2850,true,ssd,2,supported,default,75 Gigabit,required,8,30,30,true,"cluster, partition, spread",0,0,-,unsupported,ebs,true,-,-,true,37500,150000,4687.5,37500,150000,4687.5,true,4.82976 USD per Hour,4.91376 USD per Hour,4.95476 USD per Hour,7.03776 USD per Hour,5.34816 USD per Hour,,,,,,,,,,
m5zn.large,m5zn,large,"ap-southeast-2, ap-southeast-2a, ap-southeast-2c",false,false,false,nitro,2,x86_64,1,1,2,"1,2",4.5,8,0,-,-,0,supported,default,Up to 25 Gigabit,required,3,10,10,true,"cluster, partition, spread",0,0,true,supported,ebs,true,-,-,true,800,3333,100,3170,13333,396.25,false,0.2065 USD per Hour,0.21 USD per Hour,0.2628 USD per Hour,0.2985 USD per Hour,0.2353 USD per Hour,,,,,,,,,,
c5n.large,c5n,large,"ap-southeast-2, ap-southeast-2a, ap-southeast-2b, ap-southeast-2c",false,false,false,nitro,2,x86_64,1,1,2,"1,2",3.4,5.3,0,-,-,0,supported,default,Up to 25 Gigabit,required,3,10,10,true,"cluster, partition, spread",0,0,true,supported,ebs,true,-,-,true,650,4000,81.25,4750,20000,593.75,false,0.141 USD per Hour,0.145 USD per Hour,0.197 USD per Hour,0.233 USD per Hour,0.17 USD per Hour,,,,,,,,,,
m7g.large,m7g,large,"ap-southeast-2, ap-southeast-2a, ap-southeast-2b, ap-southeast-2c",false,false,false,nitro,2,arm64,2,"1,2",1,1,2.6,8,0,-,-,0,supported,default,Up to 12.5 Gigabit,required,3,10,10,true,"cluster, partition, spread",0,0,true,supported,ebs,true,true,-,true,630,3600,78.75,10000,40000,1250,false,0.102 USD per Hour,0.1055 USD per Hour,0.1583 USD per Hour,,0.1308 USD per Hour,,,,,,,,,,
m5ad.large,m5ad,large,"ap-southeast-2, ap-southeast-2a, ap-southeast-2b, ap-southeast-2c",false,false,false,nitro,2,x86_64,1,1,2,"1,2",2.2,8,75,true,ssd,1,supported,default,Up to 10 Gigabit,required,3,10,10,true,"cluster, partition, spread",0,0,-,unsupported,ebs,-,true,-,true,650,3600,81.25,2880,16000,360,false,0.13 USD per Hour,0.134 USD per Hour,0.186 USD per Hour,0.222 USD per Hour,0.159 USD per Hour,,,,,,,,,,
t3.2xlarge,t3,2xlarge,"ap-southeast-2, ap-southeast-2a, ap-southeast-2b, ap-southeast-2c",false,false,false,nitro,8,x86_64,4,"2,4",2,"1,2",2.5,32,0,-,-,0,supported,default,Up to 5 Gigabit,required,4,15,15,true,"partition, spread",0,0,true,supported,ebs,true,true,true,true,695,4000,86.875,2780,15700,347.5,false,0.4224 USD per Hour,0.4364 USD per Hour,0.5474 USD per Hour,0.5696 USD per Hour,0.5376 USD per Hour,,,,,,,,,,
r6idn.8xlarge,r6idn,8xlarge,"ap-southeast-2, ap-southeast-2a, ap-southeast-2b, ap-southeast-2c",false,false,false,nitro,32,x86_64,16,"1,2,3,4,5,6,7,8,9,10,11,12,13,14,15,16",2,"1,2",3.5,256,1900,true,ssd,1,supported,default,50 Gigabit,required,8,30,30,true,"cluster, partition, spread",0,0,-,unsupported,ebs,true,-,-,true,25000,100000,3125,25000,100000,3125,true,3.81888 USD per Hour,3.87488 USD per Hour,3.94388 USD per Hour,5.29088 USD per Hour,4.16448 USD per Hour,,,,,,,,,,
r6id.xlarge,r6id,xlarge,"ap-southeast-2, ap-southeast-2a, ap-southeast-2b, ap-southeast-2c",false,false,false,nitro,4,x86_64,2,"1,2",2,"1,2",3.5,32,237,true,ssd,1,supported,default,Up to 12.5 Gigabit,required,4,15,15,true,"cluster, partition, spread",0,0,-,unsupported,ebs,true,-,-,true,1250,6000,156.25,10000,40000,1250,false,0.348 USD per Hour,0.355 USD per Hour,0.4043 USD per Hour,0.532 USD per Hour,0.4056 USD per Hour,,,,,,,,,,
c6in.12xlarge,c6in,12xlarge,"ap-southeast-2, ap-southeast-2a, ap-southeast-2b, ap-southeast-2c",false,false,false,nitro,48,x86_64,24,"1,2,3,4,5,6,7,8,9,10,11,12,13,14,15,16,17,18,19,20,21,22,23,24",2,"1,2",3.5,96,0,-,-,0,supported,default,75 Gigabit,required,8,30,30,true,"cluster, partition, spread",0,0,true,supported,ebs,true,true,-,true,37500,150000,4687.5,37500,150000,4687.5,true,3.5532 USD per Hour,,3.6782 USD per Hour,5.7612 USD per Hour,4.0716 USD per Hour,,,,,,,,,,
c6i.24xlarge,c6i,24xlarge,"ap-southeast-2, ap-southeast-2a, ap-southeast-2b, ap-southeast-2c",false,false,false,nitro,96,x86_64,48,"2,4,6,8,10,12,14,16,18,20,22,24,26,28,30,32,34,36,38,40,42,44,46,48",2,"1,2",3.5,192,0,-,-,0,supported,default,37.5 Gigabit,required,15,50,50,true,"cluster, partition, spread",0,0,true,supported,ebs,true,-,-,true,30000,120000,3750,30000,120000,3750,true,5.328 USD per Hour,5.496 USD per Hour,5.453 USD per Hour,9.744 USD per Hour,6.3648 USD per Hour,,,,,,,,,,
im4gn.8xlarge,im4gn,8xlarge,"ap-southeast-2, ap-southeast-2a, ap-southeast-2b, ap-southeast-2c",false,false,false,nitro,32,arm64,32,"1,2,3,4,5,6,7,8,9,10,11,12,13,14,15,16,17,18,19,20,21,22,23,24,25,26,27,28,29,30,31,32",1,1,2.5,128,15000,true,ssd,2,supported,default,50 Gigabit,required,8,30,30,true,"cluster, partition, spread",0,0,-,unsupported,ebs,true,true,-,true,20000,80000,2500,20000,80000,2500,true,3.48867 USD per Hour,3.54467 USD per Hour,3.61367 USD per Hour,,3.83427 USD per Hour,,,,,,,,,,
m6in.24xlarge,m6in,24xlarge,"ap-southeast-2, ap-southeast-2a, ap-southeast-2b, ap-southeast-2c",false,false,false,nitro,96,x86_64,48,"4,6,8,10,12,14,16,18,20,22,24,26,28,30,32,34,36,38,40,42,44,46,48",2,"1,2",3.5,384,0,-,-,0,supported,default,150 Gigabit,required,15,50,50,true,"cluster, partition, spread",0,0,true,supported,ebs,true,-,-,true,75000,300000,9375,75000,300000,9375,true,8.424 USD per Hour,8.592 USD per Hour,8.549 USD per Hour,12.84 USD per Hour,9.4608 USD per Hour,,,,,,,,,,
c5ad.12xlarge,c5ad,12xlarge,"ap-southeast-2, ap-southeast-2a, ap-southeast-2b, ap-southeast-2c",false,false,false,nitro,48,x86_64,24,"1,2,3,4,8,12,16,20,24",2,"1,2",3.3,96,1800,true,ssd,2,supported,default,12 Gigabit,required,8,30,30,true,"cluster, partition, spread",0,0,-,unsupported,ebs,-,-,-,true,4750,20000,593.75,4750,20000,593.75,false,2.712 USD per Hour,2.796 USD per Hour,2.837 USD per Hour,4.92 USD per Hour,3.23 USD per Hour,,,,,,,,,,
c7i.8xlarge,c7i,8xlarge,"ap-southeast-2, ap-southeast-2a, ap-southeast-2b, ap-southeast-2c",false,false,false,nitro,32,x86_64,16,"1,2,3,4,5,6,7,8,9,10,11,12,13,14,15,16",2,"1,2",3.2,64,0,-,-,0,supported,default,12.5 Gigabit,required,8,30,30,true,"cluster, partition, spread",0,0,true,supported,ebs,true,true,-,true,10000,40000,1250,10000,40000,1250,false,1.8648 USD per Hour,1.9208 USD per Hour,1.9898 USD per Hour,3.3368 USD per Hour,2.2104 USD per Hour,,,,,,,,,,
r6idn.24xlarge,r6idn,24xlarge,"ap-southeast-2, ap-southeast-2a, ap-southeast-2b, ap-southeast-2c",false,false,false,nitro,96,x86_64,48,"4,6,8,10,12,14,16,18,20,22,24,26,28,30,32,34,36,38,40,42,44,46,48",2,"1,2",3.5,768,5700,true,ssd,4,supported,default,150 Gigabit,required,15,50,50,true,"cluster, partition, spread",0,0,-,unsupported,ebs,true,-,-,true,75000,300000,9375,75000,300000,9375,true,11.45664 USD per Hour,11.62464 USD per Hour,11.58164 USD per Hour,15.87264 USD per Hour,12.49344 USD per Hour,,,,,,,,,,
r7gd.16xlarge,r7gd,16xlarge,"ap-southeast-2, ap-southeast-2a, ap-southeast-2b, ap-southeast-2c",false,false,false,nitro,64,arm64,64,"1,2,3,4,5,6,7,8,9,10,11,12,13,14,15,16,17,18,19,20,21,22,23,24,25,26,27,28,29,30,31,32,33,34,35,36,37,38,39,40,41,42,43,44,45,46,47,48,49,50,51,52,53,54,55,56,57,58,59,60,61,62,63,64",1,1,2.6,512,3800,true,ssd,2,supported,default,30 Gigabit,required,15,50,50,true,"cluster, partition, spread",0,0,-,unsupported,ebs,true,-,-,true,20000,80000,2500,20000,80000,2500,true,5.0112 USD per Hour,5.1232 USD per Hour,5.1362 USD per Hour,,5.7024 USD per Hour,,,,,,,,,,
c5ad.4xlarge,c5ad,4xlarge,"ap-southeast-2, ap-southeast-2a, ap-southeast-2b, ap-southeast-2c",false,false,false,nitro,16,x86_64,8,"1,2,3,4,8",2,"1,2",3.3,32,600,true,ssd,2,supported,default,Up to 10 Gigabit,required,8,30,30,true,"cluster, partition, spread",0,0,-,unsupported,ebs,-,-,-,true,1580,6600,197.5,3170,13300,396.25,false,0.904 USD per Hour,0.932 USD per Hour,1.029 USD per Hour,1.64 USD per Hour,1.077 USD per Hour,,,,,,,,,,
a1.medium,a1,medium,"ap-southeast-2, ap-southeast-2a, ap-southeast-2c",false,false,false,nitro,1,arm64,1,-,1,-,2.3,2,0,-,-,0,supported,default,Up to 10 Gigabit,required,2,4,4,true,"cluster, partition, spread",0,0,true,supported,ebs,true,-,-,false,300,2500,37.5,3500,20000,437.5,false,0.0333 USD per Hour,,0.0643 USD per Hour,,0.0477 USD per Hour,,,,,,,,,,
c7g.4xlarge,c7g,4xlarge,"ap-southeast-2, ap-southeast-2a, ap-southeast-2b, ap-southeast-2c",false,false,false,nitro,16,arm64,16,"1,2,3,4,5,6,7,8,9,10,11,12,13,14,15,16",1,1,2.6,32,0,-,-,0,supported,default,Up to 15 Gigabit,required,8,30,30,true,"cluster, partition, spread",0,0,true,supported,ebs,true,true,-,true,5000,20000,625,10000,40000,1250,false,0.7549 USD per Hour,0.7829 USD per Hour,0.8799 USD per Hour,,0.9277 USD per Hour,,,,,,,,,,
m5d.16xlarge,m5d,16xlarge,"ap-southeast-2, ap-southeast-2a, ap-southeast-2b, ap-southeast-2c",false,false,false,nitro,64,x86_64,32,"2,4,6,8,10,12,14,16,18,20,22,24,26,28,30,32",2,"1,2",3.1,256,2400,true,ssd,4,supported,default,20 Gigabit,required,15,50,50,true,"cluster, partition, spread",0,0,-,unsupported,ebs,true,-,-,true,13600,60000,1700,13600,60000,1700,false,4.544 USD per Hour,4.656 USD per Hour,4.644 USD per Hour,7.488 USD per Hour,5.235 USD per Hour,,,,,,,,,,
i4g.xlarge,i4g,xlarge,"ap-southeast-2, ap-southeast-2a, ap-southeast-2b, ap-southeast-2c",false,false,false,nitro,4,arm64,4,"1,2,3,4",1,1,2.5,32,937,true,ssd,1,supported,default,Up to 10 Gigabit,required,4,15,15,true,"cluster, partition, spread",0,0,-,unsupported,ebs,true,true,-,true,1250,5000,156.25,10000,40000,1250,false,0.37026 USD per Hour,0.37726 USD per Hour,0.42656 USD per Hour,,0.42786 USD per Hour,,,,,,,,,,
c6g.16xlarge,c6g,16xlarge,"ap-southeast-2, ap-southeast-2a, ap-southeast-2b, ap-southeast-2c",false,false,false,nitro,64,arm64,64,"1,2,3,4,5,6,7,8,9,10,11,12,13,14,15,16,17,18,19,20,21,22,23,24,25,26,27,28,29,30,31,32,33,34,35,36,37,38,39,40,41,42,43,44,45,46,47,48,49,50,51,52,53,54,55,56,57,58,59,60,61,62,63,64",1,1,2.5,128,0,-,-,0,supported,default,25 Gigabit,required,15,50,50,true,"cluster, partition, spread",0,0,true,supported,ebs,true,true,-,true,19000,80000,2375,19000,80000,2375,false,2.8416 USD per Hour,2.9536 USD per Hour,2.9666 USD per Hour,,3.5328 USD per Hour,,,,,,,,,,
x2iedn.xlarge,x2iedn,xlarge,"ap-southeast-2, ap-southeast-2a, ap-southeast-2b, ap-southeast-2c",false,false,false,nitro,4,x86_64,2,"1,2",2,"1,2",3.5,128,118,true,ssd,1,supported,default,Up to 25 Gigabit,required,4,15,15,true,"cluster, partition, spread",0,0,true,unsupported,ebs,true,-,-,true,2500,8125,312.5,20000,65000,2500,false,1.20881 USD per Hour,1.21581 USD per Hour,1.26511 USD per Hour,1.39281 USD per Hour,1.26641 USD per Hour,,,,,,,,,,
r4.16xlarge,r4,16xlarge,"ap-southeast-2, ap-southeast-2a, ap-southeast-2b, ap-southeast-2c",false,false,false,xen,64,x86_64,32,"2,4,6,8,10,12,14,16,18,20,22,24,26,28,30,32",2,"1,2",2.3,488,0,-,-,0,supported,default,25 Gigabit,supported,15,50,50,true,"cluster, partition, spread",0,0,true,supported,ebs,true,-,-,false,14000,75000,1750,14000,75000,1750,false,5.1072 USD per Hour,5.232 USD per Hour,5.2072 USD per Hour,8.0512 USD per Hour,5.8112 USD per Hour,,,,,,,,,,
c6gn.4xlarge,c6gn,4xlarge,"ap-southeast-2, ap-southeast-2a, ap-southeast-2b, ap-southeast-2c",false,false,false,nitro,16,arm64,16,"1,2,3,4,5,6,7,8,9,10,11,12,13,14,15,16",1,1,2.5,32,0,-,-,0,supported,default,25 Gigabit,required,8,30,30,true,"cluster, partition, spread",0,0,true,supported,ebs,true,true,-,true,9500,40000,1187.5,9500,40000,1187.5,true,0.904 USD per Hour,0.932 USD per Hour,1.029 USD per Hour,,1.0768 USD per Hour,,,,,,,,,,
c6gn.xlarge,c6gn,xlarge,"ap-southeast-2, ap-southeast-2a, ap-southeast-2b, ap-southeast-2c",false,false,false,nitro,4,arm64,4,"1,2,3,4",1,1,2.5,8,0,-,-,0,supported,default,Up to 25 Gigabit,required,4,15,15,true,"cluster, partition, spread",0,0,true,supported,ebs,true,true,-,true,2375,10000,296.88,9500,40000,1187.5,false,0.226 USD per Hour,0.233 USD per Hour,0.2823 USD per Hour,,0.2836 USD per Hour,,,,,,,,,,
r8g.large,r8g,large,"ap-southeast-2, ap-southeast-2a, ap-southeast-2b, ap-southeast-2c",false,false,false,nitro,2,arm64,2,"1,2",1,1,2.8,16,0,-,-,0,supported,default,Up to 12.5 Gigabit,required,3,10,10,true,"cluster, partition, spread",0,0,true,supported,ebs,true,true,-,true,630,3600,78.75,10000,40000,1250,false,0.1412 USD per Hour,0.1447 USD per Hour,0.1975 USD per Hour,,0.17 USD per Hour,,,,,,,,,,
r6id.4xlarge,r6id,4xlarge,"ap-southeast-2, ap-southeast-2a, ap-southeast-2b, ap-southeast-2c",false,false,false,nitro,16,x86_64,8,"2,4,6,8",2,"1,2",3.5,128,950,true,ssd,1,supported,default,Up to 12.5 Gigabit,required,8,30,30,true,"cluster, partition, spread",0,0,-,unsupported,ebs,true,-,-,true,5000,20000,625,10000,40000,1250,false,1.392 USD per Hour,1.42 USD per Hour,1.517 USD per Hour,2.128 USD per Hour,1.5648 USD per Hour,,,,,,,,,,
inf2.8xlarge,inf2,8xlarge,"ap-southeast-2, ap-southeast-2a, ap-southeast-2b",false,false,false,nitro,32,x86_64,16,"4,6,8,10,12,14,16",2,"1,2",3.6,128,0,-,-,0,supported,default,Up to 25 Gigabit,required,8,30,30,true,"cluster, partition, spread",0,0,-,supported,ebs,-,-,-,true,10000,40000,1250,10000,40000,1250,false,2.55822 USD per Hour,,,,2.90382 USD per Hour,,,,,,,,,,
i7ie.12xlarge,i7ie,12xlarge,"ap-southeast-2, ap-southeast-2a, ap-southeast-2b, ap-southeast-2c",false,false,false,nitro,48,x86_64,24,"1,2,3,4,5,6,7,8,9,10,11,12,13,14,15,16,17,18,19,20,21,22,23,24",2,"1,2",3.6,384,30000,true,ssd,4,supported,default,Up to 50 Gigabit,required,8,50,50,true,"cluster, partition, spread",0,0,-,unsupported,ebs,true,-,-,true,15000,60000,1875,15000,60000,1875,true,7.4796 USD per Hour,7.5636 USD per Hour,7.6046 USD per Hour,9.6876 USD per Hour,7.998 USD per Hour,,,,,,,,,,
c8g.24xlarge,c8g,24xlarge,"ap-southeast-2, ap-southeast-2a, ap-southeast-2b, ap-southeast-2c",false,false,false,nitro,96,arm64,96,"1,2,3,4,5,6,7,8,9,10,11,12,13,14,15,16,17,18,19,20,21,22,23,24,25,26,27,28,29,30,31,32,33,34,35,36,37,38,39,40,41,42,43,44,45,46,47,48,49,50,51,52,53,54,55,56,57,58,59,60,61,62,63,64,65,66,67,68,69,70,71,72,73,74,75,76,77,78,79,80,81,82,83,84,85,86,87,88,89,90,91,92,93,94,95,96",1,1,2.8,192,0,-,-,0,supported,default,40 Gigabit,required,15,50,50,true,"cluster, partition, spread",0,0,true,supported,ebs,true,-,-,true,30000,120000,3750,30000,120000,3750,true,4.9824 USD per Hour,5.1504 USD per Hour,5.1074 USD per Hour,,6.0192 USD per Hour,,,,,,,,,,
r5a.large,r5a,large,"ap-southeast-2, ap-southeast-2a, ap-southeast-2b, ap-southeast-2c",false,false,false,nitro,2,x86_64,1,1,2,"1,2",2.5,16,0,-,-,0,supported,default,Up to 10 Gigabit,required,3,10,10,true,"cluster, partition, spread",0,0,true,supported,ebs,-,true,-,true,650,3600,81.25,2880,16000,360,false,0.136 USD per Hour,0.14 USD per Hour,0.192 USD per Hour,0.228 USD per Hour,0.165 USD per Hour,,,,,,,,,,
c6id.24xlarge,c6id,24xlarge,"ap-southeast-2, ap-southeast-2a, ap-southeast-2b, ap-southeast-2c",false,false,false,nitro,96,x86_64,48,"2,4,6,8,10,12,14,16,18,20,22,24,26,28,30,32,34,36,38,40,42,44,46,48",2,"1,2",3.5,192,5700,true,ssd,4,supported,default,37.5 Gigabit,required,15,50,50,true,"cluster, partition, spread",0,0,-,unsupported,ebs,true,-,-,true,30000,120000,3750,30000,120000,3750,true,6.3504 USD per Hour,6.5184 USD per Hour,6.4754 USD per Hour,10.7664 USD per Hour,7.3872 USD per Hour,,,,,,,,,,
r6in.large,r6in,large,"ap-southeast-2, ap-southeast-2a, ap-southeast-2b, ap-southeast-2c",false,false,false,nitro,2,x86_64,1,1,2,"1,2",3.5,16,0,-,-,0,supported,default,Up to 25 Gigabit,required,3,10,10,true,"cluster, partition, spread",0,0,true,supported,ebs,true,true,-,true,1562,6250,195.3125,25000,100000,3125,false,0.21177 USD per Hour,0.21527 USD per Hour,0.26807 USD per Hour,0.30377 USD per Hour,0.24057 USD per Hour,,,,,,,,,,
r7gd.xlarge,r7gd,xlarge,"ap-southeast-2, ap-southeast-2a, ap-southeast-2b, ap-southeast-2c",false,false,false,nitro,4,arm64,4,"1,2,3,4",1,1,2.6,32,237,true,ssd,1,supported,default,Up to 12.5 Gigabit,required,4,15,15,true,"cluster, partition, spread",0,0,-,unsupported,ebs,true,true,-,true,1250,6000,156.25039999999998,10000,40000,1250,false,0.3132 USD per Hour,0.3202 USD per Hour,0.3695 USD per Hour,,0.3708 USD per Hour,,,,,,,,,,
r5ad.8xlarge,r5ad,8xlarge,"ap-southeast-2, ap-southeast-2a, ap-southeast-2b, ap-southeast-2c",false,false,false,nitro,32,x86_64,16,"4,6,8,10,12,14,16",2,"1,2",2.5,256,1200,true,ssd,2,supported,default,Up to 10 Gigabit,required,8,30,30,true,"cluster, partition, spread",0,0,-,unsupported,ebs,-,-,-,true,4750,20000,593.75,4750,20000,593.75,false,2.544 USD per Hour,2.6 USD per Hour,2.669 USD per Hour,4.016 USD per Hour,2.89 USD per Hour,,,,,,,,,,
m7i.2xlarge,m7i,2xlarge,"ap-southeast-2, ap-southeast-2a, ap-southeast-2b, ap-southeast-2c",false,false,false,nitro,8,x86_64,4,"1,2,3,4",2,"1,2",3.2,32,0,-,-,0,supported,default,Up to 12.5 Gigabit,required,4,15,15,true,"cluster, partition, spread",0,0,true,supported,ebs,true,true,-,true,2500,12000,312.5,10000,40000,1250,false,0.504 USD per Hour,0.518 USD per Hour,0.629 USD per Hour,0.872 USD per Hour,0.6192 USD per Hour,,,,,,,,,,
x1e.32xlarge,x1e,32xlarge,"ap-southeast-2, ap-southeast-2a, ap-southeast-2c",false,false,false,xen,128,x86_64,64,"4,8,12,16,20,24,28,32,36,40,44,48,52,56,60,64",2,"1,2",2.3,3904,3840,true,ssd,2,supported,default,25 Gigabit,supported,8,30,30,true,"cluster, partition, spread",0,0,true,unsupported,ebs,true,-,-,true,14000,80000,1750,14000,80000,1750,false,38.688 USD per Hour,38.912 USD per Hour,38.788 USD per Hour,44.576 USD per Hour,39.917 USD per Hour,,,,,,,,,,
r6idn.2xlarge,r6idn,2xlarge,"ap-southeast-2, ap-southeast-2a, ap-southeast-2b, ap-southeast-2c",false,false,false,nitro,8,x86_64,4,"1,2,3,4",2,"1,2",3.5,64,474,true,ssd,1,supported,default,Up to 40 Gigabit,required,4,15,15,true,"cluster, partition, spread",0,0,-,unsupported,ebs,true,true,-,true,6250,25000,781.25,25000,100000,3125,false,0.95472 USD per Hour,0.96872 USD per Hour,1.07972 USD per Hour,1.32272 USD per Hour,1.06992 USD per Hour,,,,,,,,,,
c6a.32xlarge,c6a,32xlarge,"ap-southeast-2, ap-southeast-2a, ap-southeast-2b, ap-southeast-2c",false,false,false,nitro,128,x86_64,64,"8,12,16,20,24,28,32,64",2,"1,2",3.6,256,0,-,-,0,supported,default,50 Gigabit,required,15,50,50,true,"cluster, partition, spread",0,0,true,supported,ebs,true,-,-,true,40000,160000,5000,40000,160000,5000,true,6.3936 USD per Hour,6.6176 USD per Hour,6.5186 USD per Hour,12.2816 USD per Hour,7.6224 USD per Hour,,,,,,,,,,
d3en.8xlarge,d3en,8xlarge,"ap-southeast-2, ap-southeast-2a, ap-southeast-2b, ap-southeast-2c",false,false,false,nitro,32,x86_64,16,"2,4,6,8,10,12,14,16",2,"1,2",3.1,128,223680,true,hdd,16,supported,default,50 Gigabit,required,4,20,20,true,"cluster, partition, spread",0,0,-,unsupported,ebs,-,-,-,true,5000,30000,625,5000,30000,625,false,5.27168 USD per Hour,5.32768 USD per Hour,5.39668 USD per Hour,6.74368 USD per Hour,5.61728 USD per Hour,,,,,,,,,,
i4i.24xlarge,i4i,24xlarge,"ap-southeast-2, ap-southeast-2a, ap-southeast-2b, ap-southeast-2c",false,false,false,nitro,96,x86_64,48,"2,4,6,8,10,12,14,16,18,20,22,24,26,28,30,32,34,36,38,40,42,44,46,48",2,"1,2",3.5,768,22500,true,ssd,6,supported,default,56.25 Gigabit,required,15,30,30,true,"cluster, partition, spread",0,0,-,unsupported,ebs,-,-,-,true,30000,120000,3750,30000,120000,3750,true,9.8736 USD per Hour,10.0416 USD per Hour,9.9986 USD per Hour,14.2896 USD per Hour,10.9104 USD per Hour,,,,,,,,,,
i4g.8xlarge,i4g,8xlarge,"ap-southeast-2, ap-southeast-2a, ap-southeast-2b, ap-southeast-2c",false,false,false,nitro,32,arm64,32,"1,2,3,4,5,6,7,8,9,10,11,12,13,14,15,16,17,18,19,20,21,22,23,24,25,26,27,28,29,30,31,32",1,1,2.5,256,7500,true,ssd,2,supported,default,18.75 Gigabit,required,8,30,30,true,"cluster, partition, spread",0,0,-,unsupported,ebs,true,-,-,true,10000,40000,1250,10000,40000,1250,true,2.96208 USD per Hour,3.01808 USD per Hour,3.08708 USD per Hour,,3.30768 USD per Hour,,,,,,,,,,
c5d.12xlarge,c5d,12xlarge,"ap-southeast-2, ap-southeast-2a, ap-southeast-2b, ap-southeast-2c",false,false,false,nitro,48,x86_64,24,"2,4,6,8,10,12,14,16,18,20,22,24",2,"1,2",3.6,96,1800,true,ssd,2,supported,default,12 Gigabit,required,8,30,30,true,"cluster, partition, spread",0,0,-,unsupported,ebs,-,true,-,true,9500,40000,1187.5,9500,40000,1187.5,false,3.024 USD per Hour,3.108 USD per Hour,3.124 USD per Hour,5.232 USD per Hour,3.542 USD per Hour,,,,,,,,,,
m6g.metal,m6g,metal,"ap-southeast-2, ap-southeast-2a, ap-southeast-2b, ap-southeast-2c",false,false,true,,64,arm64,64,-,1,-,2.5,256,0,-,-,0,supported,default,25 Gigabit,required,15,50,50,true,"cluster, partition, spread",0,0,true,supported,ebs,true,-,-,true,19000,80000,2375,19000,80000,2375,false,3.072 USD per Hour,3.184 USD per Hour,3.197 USD per Hour,,3.7632 USD per Hour,,,,,,,,,,
x1.16xlarge,x1,16xlarge,"ap-southeast-2, ap-southeast-2a, ap-southeast-2c",false,false,false,xen,64,x86_64,32,"2,4,6,8,10,12,14,16,18,20,22,24,26,28,30,32",2,"1,2",2.3,976,1920,true,ssd,1,supported,default,10 Gigabit,supported,8,30,30,true,"cluster, partition, spread",0,0,true,unsupported,"ebs, instance-store",true,-,-,true,7000,40000,875,7000,40000,875,false,9.671 USD per Hour,9.783 USD per Hour,9.771 USD per Hour,12.615 USD per Hour,10.362 USD per Hour,,,,,,,,,,
r6in.12xlarge,r6in,12xlarge,"ap-southeast-2, ap-southeast-2a, ap-southeast-2b, ap-southeast-2c",false,false,false,nitro,48,x86_64,24,"1,2,3,4,5,6,7,8,9,10,11,12,13,14,15,16,17,18,19,20,21,22,23,24",2,"1,2",3.5,384,0,-,-,0,supported,default,75 Gigabit,required,8,30,30,true,"cluster, partition, spread",0,0,true,supported,ebs,true,-,-,true,37500,150000,4687.5,37500,150000,4687.5,true,5.08248 USD per Hour,5.16648 USD per Hour,5.20748 USD per Hour,7.29048 USD per Hour,5.60088 USD per Hour,,,,,,,,,,
c7i-flex.16xlarge,c7i-flex,16xlarge,"ap-southeast-2, ap-southeast-2a, ap-southeast-2b, ap-southeast-2c",false,false,false,nitro,64,x86_64,32,"1,2,3,4,5,6,7,8,9,10,11,12,13,14,15,16,17,18,19,20,21,22,23,24,25,26,27,28,29,30,31,32",2,"1,2",3.2,128,0,-,-,0,supported,default,Up to 25 Gigabit,required,15,50,50,true,"partition, spread",0,0,true,supported,ebs,-,true,-,true,10000,40000,1250,20000,80000,2500,false,3.54312 USD per Hour,3.65512 USD per Hour,3.66812 USD per Hour,6.48712 USD per Hour,4.23432 USD per Hour,,,,,,,,,,
r6gd.xlarge,r6gd,xlarge,"ap-southeast-2, ap-southeast-2a, ap-southeast-2b, ap-southeast-2c",false,false,false,nitro,4,arm64,4,"1,2,3,4",1,1,2.5,32,237,true,ssd,1,supported,default,Up to 10 Gigabit,required,4,15,15,true,"cluster, partition, spread",0,0,-,unsupported,ebs,true,true,-,true,1188,6000,148.5,4750,20000,593.75,false,0.278 USD per Hour,0.285 USD per Hour,0.3343 USD per Hour,,0.3356 USD per Hour,,,,,,,,,,
m6in.16xlarge,m6in,16xlarge,"ap-southeast-2, ap-southeast-2a, ap-southeast-2b, ap-southeast-2c",false,false,false,nitro,64,x86_64,32,"1,2,3,4,5,6,7,8,9,10,11,12,13,14,15,16,17,18,19,20,21,22,23,24,25,26,27,28,29,30,31,32",2,"1,2",3.5,256,0,-,-,0,supported,default,100 Gigabit,required,15,50,50,true,"cluster, partition, spread",0,0,true,supported,ebs,true,-,-,true,50000,200000,6250,50000,200000,6250,true,5.616 USD per Hour,5.728 USD per Hour,5.741 USD per Hour,8.56 USD per Hour,6.3072 USD per Hour,,,,,,,,,,
i7ie.3xlarge,i7ie,3xlarge,"ap-southeast-2, ap-southeast-2a, ap-southeast-2b, ap-southeast-2c",false,false,false,nitro,12,x86_64,6,"1,2,3,4,5,6",2,"1,2",3.6,96,7500,true,ssd,1,supported,default,Up to 25 Gigabit,required,4,15,15,true,"cluster, partition, spread",0,0,-,unsupported,ebs,true,true,-,true,3750,15000,468.75,10000,40000,1250,false,1.8699 USD per Hour,1.8909 USD per Hour,1.9949 USD per Hour,2.4219 USD per Hour,1.9995 USD per Hour,,,,,,,,,,
m7i-flex.2xlarge,m7i-flex,2xlarge,"ap-southeast-2, ap-southeast-2a, ap-southeast-2b, ap-southeast-2c",false,false,false,nitro,8,x86_64,4,"1,2,3,4",2,"1,2",3.2,32,0,-,-,0,supported,default,Up to 12.5 Gigabit,required,4,15,15,true,"partition, spread",0,0,true,supported,ebs,-,true,-,true,1250,6000,156.25,10000,40000,1250,false,0.4788 USD per Hour,0.4928 USD per Hour,0.6038 USD per Hour,0.8284 USD per Hour,0.594 USD per Hour,,,,,,,,,,
m6a.large,m6a,large,"ap-southeast-2, ap-southeast-2a, ap-southeast-2b, ap-southeast-2c",false,false,false,nitro,2,x86_64,1,1,2,"1,2",3.6,8,0,-,-,0,supported,default,Up to 12.5 Gigabit,required,3,10,10,true,"cluster, partition, spread",0,0,true,supported,ebs,true,true,-,true,650,3600,81.25,10000,40000,1250,false,0.108 USD per Hour,0.1115 USD per Hour,0.1643 USD per Hour,0.2 USD per Hour,0.1368 USD per Hour,,,,,,,,,,
c6i.2xlarge,c6i,2xlarge,"ap-southeast-2, ap-southeast-2a, ap-southeast-2b, ap-southeast-2c",false,false,false,nitro,8,x86_64,4,"2,4",2,"1,2",3.5,16,0,-,-,0,supported,default,Up to 12.5 Gigabit,required,4,15,15,true,"cluster, partition, spread",0,0,true,supported,ebs,true,true,-,true,2500,12000,312.5,10000,40000,1250,false,0.444 USD per Hour,0.458 USD per Hour,0.569 USD per Hour,0.812 USD per Hour,0.5592 USD per Hour,,,,,,,,,,
c5.4xlarge,c5,4xlarge,"ap-southeast-2, ap-southeast-2a, ap-southeast-2b, ap-southeast-2c",false,false,false,nitro,16,x86_64,8,"2,4,6,8",2,"1,2",3.4,32,0,-,-,0,supported,default,Up to 10 Gigabit,required,8,30,30,true,"cluster, partition, spread",0,0,true,supported,ebs,true,true,-,true,4750,20000,593.75,4750,20000,593.75,false,0.888 USD per Hour,0.916 USD per Hour,0.988 USD per Hour,1.624 USD per Hour,1.061 USD per Hour,,,,,,,,,,
m6a.metal,m6a,metal,"ap-southeast-2, ap-southeast-2a, ap-southeast-2b, ap-southeast-2c",false,false,true,,192,x86_64,96,-,2,-,3.6,768,0,-,-,0,supported,default,50 Gigabit,required,15,50,50,true,"cluster, partition, spread",0,0,true,supported,ebs,true,-,-,true,40000,240000,5000,40000,240000,5000,true,10.368 USD per Hour,10.704 USD per Hour,10.493 USD per Hour,19.2 USD per Hour,12.2112 USD per Hour,,,,,,,,,,
r8g.medium,r8g,medium,"ap-southeast-2, ap-southeast-2a, ap-southeast-2b, ap-southeast-2c",false,false,false,nitro,1,arm64,1,-,1,-,2.8,8,0,-,-,0,supported,default,Up to 12.5 Gigabit,required,2,4,4,true,"cluster, partition, spread",0,0,true,supported,ebs,true,true,-,true,315,2500,39.375,10000,40000,1250,false,0.0706 USD per Hour,0.07235 USD per Hour,0.1269 USD per Hour,,0.085 USD per Hour,,,,,,,,,,
c8g.8xlarge,c8g,8xlarge,"ap-southeast-2, ap-southeast-2a, ap-southeast-2b, ap-southeast-2c",false,false,false,nitro,32,arm64,32,"1,2,3,4,5,6,7,8,9,10,11,12,13,14,15,16,17,18,19,20,21,22,23,24,25,26,27,28,29,30,31,32",1,1,2.8,64,0,-,-,0,supported,default,15 Gigabit,required,8,30,30,true,"cluster, partition, spread",0,0,true,supported,ebs,true,true,-,true,10000,40000,1250,10000,40000,1250,false,1.6608 USD per Hour,1.7168 USD per Hour,1.7858 USD per Hour,,2.0064 USD per Hour,,,,,,,,,,
r7g.medium,r7g,medium,"ap-southeast-2, ap-southeast-2a, ap-southeast-2b, ap-southeast-2c",false,false,false,nitro,1,arm64,1,-,1,-,2.6,8,0,-,-,0,supported,default,Up to 12.5 Gigabit,required,2,4,4,true,"cluster, partition, spread",0,0,true,supported,ebs,true,true,-,true,315,2500,39.375,10000,40000,1250,false,0.0642 USD per Hour,0.0659 USD per Hour,0.1205 USD per Hour,,0.0786 USD per Hour,,,,,,,,,,
m6i.large,m6i,large,"ap-southeast-2, ap-southeast-2a, ap-southeast-2b, ap-southeast-2c",false,false,false,nitro,2,x86_64,1,1,2,"1,2",3.5,8,0,-,-,0,supported,default,Up to 12.5 Gigabit,required,3,10,10,true,"cluster, partition, spread",0,0,true,supported,ebs,true,true,-,true,650,3600,81.25,10000,40000,1250,false,0.12 USD per Hour,0.1235 USD per Hour,0.1763 USD per Hour,0.212 USD per Hour,0.1488 USD per Hour,,,,,,,,,,
m6g.xlarge,m6g,xlarge,"ap-southeast-2, ap-southeast-2a, ap-southeast-2b, ap-southeast-2c",false,false,false,nitro,4,arm64,4,"1,2,3,4",1,1,2.5,16,0,-,-,0,supported,default,Up to 10 Gigabit,required,4,15,15,true,"cluster, partition, spread",0,0,true,supported,ebs,true,true,-,true,1188,6000,148.5,4750,20000,593.75,false,0.192 USD per Hour,0.199 USD per Hour,0.2483 USD per Hour,,0.2496 USD per Hour,,,,,,,,,,
m6i.24xlarge,m6i,24xlarge,"ap-southeast-2, ap-southeast-2a, ap-southeast-2b, ap-southeast-2c",false,false,false,nitro,96,x86_64,48,"2,4,6,8,10,12,14,16,18,20,22,24,26,28,30,32,34,36,38,40,42,44,46,48",2,"1,2",3.5,384,0,-,-,0,supported,default,37.5 Gigabit,required,15,50,50,true,"cluster, partition, spread",0,0,true,supported,ebs,true,-,-,true,30000,120000,3750,30000,120000,3750,true,5.76 USD per Hour,5.928 USD per Hour,5.885 USD per Hour,10.176 USD per Hour,6.7968 USD per Hour,,,,,,,,,,
m7i.8xlarge,m7i,8xlarge,"ap-southeast-2, ap-southeast-2a, ap-southeast-2b, ap-southeast-2c",false,false,false,nitro,32,x86_64,16,"1,2,3,4,5,6,7,8,9,10,11,12,13,14,15,16",2,"1,2",3.2,128,0,-,-,0,supported,default,12.5 Gigabit,required,8,30,30,true,"cluster, partition, spread",0,0,true,supported,ebs,true,true,-,true,10000,40000,1250,10000,40000,1250,false,2.016 USD per Hour,2.072 USD per Hour,2.141 USD per Hour,3.488 USD per Hour,2.3616 USD per Hour,,,,,,,,,,
r7i.metal-48xl,r7i,metal-48xl,"ap-southeast-2, ap-southeast-2a, ap-southeast-2b, ap-southeast-2c",false,false,true,,192,x86_64,96,-,2,-,3.2,1536,0,-,-,0,supported,default,50 Gigabit,required,15,50,50,true,"cluster, partition, spread",0,0,true,supported,ebs,true,-,-,true,40000,240000,5000,40000,240000,5000,true,15.2208 USD per Hour,15.5568 USD per Hour,15.3458 USD per Hour,24.0528 USD per Hour,17.064 USD per Hour,,,,,,,,,,
im4gn.xlarge,im4gn,xlarge,"ap-southeast-2, ap-southeast-2a, ap-southeast-2b, ap-southeast-2c",false,false,false,nitro,4,arm64,4,"1,2,3,4",1,1,2.5,16,1875,true,ssd,1,supported,default,Up to 25 Gigabit,required,4,15,15,true,"cluster, partition, spread",0,0,-,unsupported,ebs,true,true,-,true,2500,10000,312.5,10000,40000,1250,false,0.43608 USD per Hour,0.44308 USD per Hour,0.49238 USD per Hour,,0.49368 USD per Hour,,,,,,,,,,
c4.8xlarge,c4,8xlarge,"ap-southeast-2, ap-southeast-2a, ap-southeast-2b, ap-southeast-2c",false,false,false,xen,36,x86_64,18,"2,4,6,8,10,12,14,16,18",2,"1,2",2.9,60,0,-,-,0,supported,default,10 Gigabit,unsupported,8,30,30,true,"cluster, partition, spread",0,0,true,supported,ebs,true,true,-,false,4000,32000,500,4000,32000,500,false,2.085 USD per Hour,2.143 USD per Hour,2.185 USD per Hour,3.741 USD per Hour,2.469 USD per Hour,,,,,,,,,,
inf1.xlarge,inf1,xlarge,"ap-southeast-2, ap-southeast-2a, ap-southeast-2b, ap-southeast-2c",false,false,false,nitro,4,x86_64,2,2,2,"1,2",2.5,8,0,-,-,0,supported,default,Up to 25 Gigabit,required,4,10,10,true,"cluster, partition, spread",0,0,true,supported,ebs,-,-,-,true,1190,4000,148.75,4750,20000,593.75,false,0.285 USD per Hour,0.292 USD per Hour,0.342 USD per Hour,,0.343 USD per Hour,,,,,,,,,,
t3a.2xlarge,t3a,2xlarge,"ap-southeast-2, ap-southeast-2a, ap-southeast-2b, ap-southeast-2c",false,false,false,nitro,8,x86_64,4,"2,4",2,"1,2",2.2,32,0,-,-,0,supported,default,Up to 5 Gigabit,required,4,15,15,true,"partition, spread",0,0,true,supported,ebs,-,true,true,true,695,4000,86.875,2780,15700,347.5,false,0.3802 USD per Hour,0.3942 USD per Hour,0.5052 USD per Hour,0.5274 USD per Hour,0.4954 USD per Hour,,,,,,,,,,
c6gd.16xlarge,c6gd,16xlarge,"ap-southeast-2, ap-southeast-2a, ap-southeast-2b, ap-southeast-2c",false,false,false,nitro,64,arm64,64,"1,2,3,4,5,6,7,8,9,10,11,12,13,14,15,16,17,18,19,20,21,22,23,24,25,26,27,28,29,30,31,32,33,34,35,36,37,38,39,40,41,42,43,44,45,46,47,48,49,50,51,52,53,54,55,56,57,58,59,60,61,62,63,64",1,1,2.5,128,3800,true,ssd,2,supported,default,25 Gigabit,required,15,50,50,true,"cluster, partition, spread",0,0,-,unsupported,ebs,true,true,-,true,19000,80000,2375,19000,80000,2375,false,3.232 USD per Hour,3.344 USD per Hour,3.357 USD per Hour,,3.9232 USD per Hour,,,,,,,,,,
d3.8xlarge,d3,8xlarge,"ap-southeast-2, ap-southeast-2a, ap-southeast-2b, ap-southeast-2c",false,false,false,nitro,32,x86_64,16,"2,4,6,8,10,12,14,16",2,"1,2",3.1,256,47520,true,hdd,24,supported,default,25 Gigabit,required,3,20,20,true,"cluster, partition, spread",0,0,-,unsupported,ebs,-,-,-,true,5000,30000,625,5000,30000,625,false,5.00808 USD per Hour,5.06408 USD per Hour,5.13308 USD per Hour,6.48008 USD per Hour,5.35368 USD per Hour,,,,,,,,,,
r7g.xlarge,r7g,xlarge,"ap-southeast-2, ap-southeast-2a, ap-southeast-2b, ap-southeast-2c",false,false,false,nitro,4,arm64,4,"1,2,3,4",1,1,2.6,32,0,-,-,0,supported,default,Up to 12.5 Gigabit,required,4,15,15,true,"cluster, partition, spread",0,0,true,supported,ebs,true,true,-,true,1250,6000,156.25039999999998,10000,40000,1250,false,0.2567 USD per Hour,0.2637 USD per Hour,0.313 USD per Hour,,0.3143 USD per Hour,,,,,,,,,,
r5a.12xlarge,r5a,12xlarge,"ap-southeast-2, ap-southeast-2a, ap-southeast-2b, ap-southeast-2c",false,false,false,nitro,48,x86_64,24,"6,12,18,24",2,"1,2",2.5,384,0,-,-,0,supported,default,10 Gigabit,required,8,30,30,true,"cluster, partition, spread",0,0,true,supported,ebs,-,-,-,true,6780,30000,847.5,6780,30000,847.5,false,3.264 USD per Hour,3.348 USD per Hour,3.389 USD per Hour,5.472 USD per Hour,3.782 USD per Hour,,,,,,,,,,
m5ad.2xlarge,m5ad,2xlarge,"ap-southeast-2, ap-southeast-2a, ap-southeast-2b, ap-southeast-2c",false,false,false,nitro,8,x86_64,4,"2,4",2,"1,2",2.2,32,300,true,ssd,1,supported,default,Up to 10 Gigabit,required,4,15,15,true,"cluster, partition, spread",0,0,-,unsupported,ebs,-,true,-,true,1580,8333,197.5,2880,16000,360,false,0.52 USD per Hour,0.534 USD per Hour,0.645 USD per Hour,0.888 USD per Hour,0.635 USD per Hour,,,,,,,,,,
m5ad.8xlarge,m5ad,8xlarge,"ap-southeast-2, ap-southeast-2a, ap-southeast-2b, ap-southeast-2c",false,false,false,nitro,32,x86_64,16,"4,6,8,10,12,14,16",2,"1,2",2.5,128,1200,true,ssd,2,supported,default,Up to 10 Gigabit,required,8,30,30,true,"cluster, partition, spread",0,0,-,unsupported,ebs,-,true,-,true,4750,20000,593.75,4750,20000,593.75,false,2.08 USD per Hour,2.136 USD per Hour,2.205 USD per Hour,3.552 USD per Hour,2.426 USD per Hour,,,,,,,,,,
r5.large,r5,large,"ap-southeast-2, ap-southeast-2a, ap-southeast-2b, ap-southeast-2c",false,false,false,nitro,2,x86_64,1,1,2,"1,2",3.1,16,0,-,-,0,supported,default,Up to 10 Gigabit,required,3,10,10,true,"cluster, partition, spread",0,0,true,supported,ebs,true,true,-,true,650,3600,81.25,4750,18750,593.75,false,0.151 USD per Hour,0.155 USD per Hour,0.207 USD per Hour,0.243 USD per Hour,0.18 USD per Hour,,,,,,,,,,
r7i.8xlarge,r7i,8xlarge,"ap-southeast-2, ap-southeast-2a, ap-southeast-2b, ap-southeast-2c",false,false,false,nitro,32,x86_64,16,"1,2,3,4,5,6,7,8,9,10,11,12,13,14,15,16",2,"1,2",3.2,256,0,-,-,0,supported,default,12.5 Gigabit,required,8,30,30,true,"cluster, partition, spread",0,0,true,supported,ebs,true,-,-,true,10000,40000,1250,10000,40000,1250,false,2.5368 USD per Hour,2.5928 USD per Hour,2.6618 USD per Hour,4.0088 USD per Hour,2.8824 USD per Hour,,,,,,,,,,
r5n.4xlarge,r5n,4xlarge,"ap-southeast-2, ap-southeast-2a, ap-southeast-2b, ap-southeast-2c",false,false,false,nitro,16,x86_64,8,"2,4,6,8",2,"1,2",3.1,128,0,-,-,0,supported,default,Up to 25 Gigabit,required,8,30,30,true,"cluster, partition, spread",0,0,true,supported,ebs,true,-,-,true,4750,18750,593.75,4750,18750,593.75,false,1.448 USD per Hour,1.476 USD per Hour,1.573 USD per Hour,2.184 USD per Hour,1.621 USD per Hour,,,,,,,,,,
t2.large,t2,large,"ap-southeast-2, ap-southeast-2a, ap-southeast-2b, ap-southeast-2c",false,false,false,xen,2,x86_64,2,-,1,-,2.3,8,0,-,-,0,supported,unsupported,Low to Moderate,unsupported,3,12,12,true,"partition, spread",0,0,true,supported,ebs,-,true,true,true,0,0,0,0,0,0,false,0.1168 USD per Hour,0.1203 USD per Hour,0.2168 USD per Hour,0.1448 USD per Hour,0.1456 USD per Hour,,,,,,,,,,
i4g.large,i4g,large,"ap-southeast-2, ap-southeast-2a, ap-southeast-2b, ap-southeast-2c",false,false,false,nitro,2,arm64,2,"1,2",1,1,2.5,16,468,true,ssd,1,supported,default,Up to 10 Gigabit,required,3,10,10,true,"cluster, partition, spread",0,0,-,unsupported,ebs,true,true,-,true,625,2500,78.125,10000,40000,1250,false,0.18513 USD per Hour,0.18863 USD per Hour,0.24143 USD per Hour,,0.21393 USD per Hour,,,,,,,,,,
t4g.medium,t4g,medium,"ap-southeast-2, ap-southeast-2a, ap-southeast-2b, ap-southeast-2c",false,false,false,nitro,2,arm64,2,"1,2",1,1,2.5,4,0,-,-,0,supported,default,Up to 5 Gigabit,required,3,6,6,true,"partition, spread",0,0,true,supported,ebs,-,true,true,true,347,2000,43.375,2085,11800,260.625,false,0.0424 USD per Hour,0.0459 USD per Hour,0.0987 USD per Hour,,0.0712 USD per Hour,,,,,,,,,,
c6g.large,c6g,large,"ap-southeast-2, ap-southeast-2a, ap-southeast-2b, ap-southeast-2c",false,false,false,nitro,2,arm64,2,"1,2",1,1,2.5,4,0,-,-,0,supported,default,Up to 10 Gigabit,required,3,10,10,true,"cluster, partition, spread",0,0,true,supported,ebs,true,true,-,true,630,3600,78.75,4750,20000,593.75,false,0.0888 USD per Hour,0.0923 USD per Hour,0.1451 USD per Hour,,0.1176 USD per Hour,,,,,,,,,,
c5ad.16xlarge,c5ad,16xlarge,"ap-southeast-2, ap-southeast-2a, ap-southeast-2b, ap-southeast-2c",false,false,false,nitro,64,x86_64,32,"1,2,3,4,8,12,16,20,24,28,32",2,"1,2",3.3,128,2400,true,ssd,2,supported,default,20 Gigabit,required,15,50,50,true,"cluster, partition, spread",0,0,-,unsupported,ebs,-,-,-,true,6300,26700,787.5,6300,26700,787.5,false,3.616 USD per Hour,3.728 USD per Hour,3.741 USD per Hour,6.56 USD per Hour,4.307 USD per Hour,,,,,,,,,,
c7g.xlarge,c7g,xlarge,"ap-southeast-2, ap-southeast-2a, ap-southeast-2b, ap-southeast-2c",false,false,false,nitro,4,arm64,4,"1,2,3,4",1,1,2.6,8,0,-,-,0,supported,default,Up to 12.5 Gigabit,required,4,15,15,true,"cluster, partition, spread",0,0,true,supported,ebs,true,true,-,true,1250,6000,156.25039999999998,10000,40000,1250,false,0.1887 USD per Hour,0.1957 USD per Hour,0.245 USD per Hour,,0.2463 USD per Hour,,,,,,,,,,
i4i.4xlarge,i4i,4xlarge,"ap-southeast-2, ap-southeast-2a, ap-southeast-2b, ap-southeast-2c",false,false,false,nitro,16,x86_64,8,"1,2,3,4,5,6,7,8",2,"1,2",3.5,128,3750,true,ssd,1,supported,default,Up to 25 Gigabit,required,8,30,30,true,"cluster, partition, spread",0,0,-,unsupported,ebs,true,-,-,true,5000,20000,625,10000,40000,1250,false,1.646 USD per Hour,1.674 USD per Hour,1.771 USD per Hour,2.382 USD per Hour,1.818 USD per Hour,,,,,,,,,,
m7g.8xlarge,m7g,8xlarge,"ap-southeast-2, ap-southeast-2a, ap-southeast-2b, ap-southeast-2c",false,false,false,nitro,32,arm64,32,"1,2,3,4,5,6,7,8,9,10,11,12,13,14,15,16,17,18,19,20,21,22,23,24,25,26,27,28,29,30,31,32",1,1,2.6,128,0,-,-,0,supported,default,15 Gigabit,required,8,30,30,true,"cluster, partition, spread",0,0,true,supported,ebs,true,true,-,true,10000,40000,1250,10000,40000,1250,false,1.632 USD per Hour,1.688 USD per Hour,1.757 USD per Hour,,1.9776 USD per Hour,,,,,,,,,,
c5.12xlarge,c5,12xlarge,"ap-southeast-2, ap-southeast-2-akl-1, ap-southeast-2-per-1, ap-southeast-2a, ap-southeast-2b, ap-southeast-2c",false,false,false,nitro,48,x86_64,24,"2,4,6,8,10,12,14,16,18,20,22,24",2,"1,2",3.6,96,0,-,-,0,supported,default,12 Gigabit,required,8,30,30,true,"cluster, partition, spread",0,0,true,supported,ebs,-,true,-,true,9500,40000,1187.5,9500,40000,1187.5,false,2.664 USD per Hour,2.748 USD per Hour,2.764 USD per Hour,4.872 USD per Hour,3.182 USD per Hour,3.721 USD per Hour,5.804 USD per Hour,4.115 USD per Hour,3.596 USD per Hour,3.68 USD per Hour,3.721 USD per Hour,3.68 USD per Hour,4.115 USD per Hour,5.804 USD per Hour,3.596 USD per Hour
r6gd.metal,r6gd,metal,"ap-southeast-2, ap-southeast-2a, ap-southeast-2b, ap-southeast-2c",false,false,true,,64,arm64,64,-,1,-,2.5,512,3800,true,ssd,2,supported,default,25 Gigabit,required,15,50,50,true,"cluster, partition, spread",0,0,-,unsupported,ebs,true,-,-,true,19000,80000,2375,19000,80000,2375,false,4.448 USD per Hour,4.56 USD per Hour,4.573 USD per Hour,,5.1392 USD per Hour,,,,,,,,,,
c5a.4xlarge,c5a,4xlarge,"ap-southeast-2, ap-southeast-2a, ap-southeast-2b, ap-southeast-2c",false,false,false,nitro,16,x86_64,8,"1,2,3,4,8",2,"1,2",3.3,32,0,-,-,0,supported,default,Up to 10 Gigabit,required,8,30,30,true,"cluster, partition, spread",0,0,true,supported,ebs,-,-,-,true,1580,6600,197.5,3170,13300,396.25,false,0.8 USD per Hour,0.828 USD per Hour,0.925 USD per Hour,1.536 USD per Hour,0.973 USD per Hour,,,,,,,,,,
x2iedn.metal,x2iedn,metal,"ap-southeast-2, ap-southeast-2a, ap-southeast-2b, ap-southeast-2c",false,false,true,,128,x86_64,64,-,2,-,3.5,4096,3800,true,ssd,2,supported,default,100 Gigabit,required,15,50,50,true,"cluster, partition, spread",0,0,true,unsupported,ebs,true,-,-,true,80000,260000,10000,80000,260000,10000,true,38.682 USD per Hour,38.906 USD per Hour,38.807 USD per Hour,44.57 USD per Hour,39.9108 USD per Hour,,,,,,,,,,
p3.2xlarge,p3,2xlarge,"ap-southeast-2, ap-southeast-2a",false,false,false,xen,8,x86_64,4,"1,2,3,4",2,"1,2",2.7,61,0,-,-,0,supported,default,Up to 10 Gigabit,supported,4,15,15,true,"cluster, partition, spread",1,0,true,supported,ebs,true,-,-,true,1750,10000,218.75,1750,10000,218.75,false,4.234 USD per Hour,4.248 USD per Hour,4.334 USD per Hour,4.602 USD per Hour,4.349 USD per Hour,,,,,,,,,,
c1.xlarge,c1,xlarge,"ap-southeast-2, ap-southeast-2a, ap-southeast-2b",false,false,false,xen,8,x86_64,8,-,1,-,,7,1680,true,hdd,4,supported,supported,High,unsupported,4,15,0,-,"partition, spread",0,0,-,unsupported,"ebs, instance-store",-,-,-,false,1000,8000,125,1000,8000,125,false,0.655 USD per Hour,,0.755 USD per Hour,1.065 USD per Hour,0.77 USD per Hour,,,,,,,,,,
m5.metal,m5,metal,"ap-southeast-2, ap-southeast-2a, ap-southeast-2b, ap-southeast-2c",false,false,true,,96,x86_64,48,-,2,-,3.1,384,0,-,-,0,supported,default,25 Gigabit,required,15,50,50,true,"cluster, partition, spread",0,0,true,supported,ebs,true,-,-,true,19000,80000,2375,19000,80000,2375,false,5.76 USD per Hour,5.928 USD per Hour,5.86 USD per Hour,10.176 USD per Hour,6.797 USD per Hour,,,,,,,,,,
r5.4xlarge,r5,4xlarge,"ap-southeast-2, ap-southeast-2-akl-1, ap-southeast-2-per-1, ap-southeast-2a, ap-southeast-2b, ap-southeast-2c",false,false,false,nitro,16,x86_64,8,"2,4,6,8",2,"1,2",3.1,128,0,-,-,0,supported,default,Up to 10 Gigabit,required,8,30,30,true,"cluster, partition, spread",0,0,true,supported,ebs,true,true,-,true,4750,18750,593.75,4750,18750,593.75,false,1.208 USD per Hour,1.236 USD per Hour,1.333 USD per Hour,1.944 USD per Hour,1.381 USD per Hour,1.756 USD per Hour,2.367 USD per Hour,1.804 USD per Hour,1.631 USD per Hour,1.659 USD per Hour,1.756 USD per Hour,1.659 USD per Hour,1.804 USD per Hour,2.367 USD per Hour,1.631 USD per Hour
c5n.9xlarge,c5n,9xlarge,"ap-southeast-2, ap-southeast-2a, ap-southeast-2b, ap-southeast-2c",false,false,false,nitro,36,x86_64,18,"2,4,6,8,10,12,14,16,18",2,"1,2",3.4,96,0,-,-,0,supported,default,50 Gigabit,required,8,30,30,true,"cluster, partition, spread",0,0,true,supported,ebs,true,-,-,true,9500,40000,1187.5,9500,40000,1187.5,false,2.538 USD per Hour,2.601 USD per Hour,2.663 USD per Hour,4.194 USD per Hour,2.927 USD per Hour,,,,,,,,,,
c8g.large,c8g,large,"ap-southeast-2, ap-southeast-2a, ap-southeast-2b, ap-southeast-2c",false,false,false,nitro,2,arm64,2,"1,2",1,1,2.8,4,0,-,-,0,supported,default,Up to 12.5 Gigabit,required,3,10,10,true,"cluster, partition, spread",0,0,true,supported,ebs,true,true,-,true,630,3600,78.75,10000,40000,1250,false,0.1038 USD per Hour,0.1073 USD per Hour,0.1601 USD per Hour,,0.1326 USD per Hour,,,,,,,,,,
z1d.xlarge,z1d,xlarge,"ap-southeast-2, ap-southeast-2a, ap-southeast-2b, ap-southeast-2c",false,false,false,nitro,4,x86_64,2,"1,2",2,"1,2",4,32,150,true,ssd,1,supported,default,Up to 10 Gigabit,required,4,15,15,true,"cluster, partition, spread",0,0,-,unsupported,ebs,true,-,-,true,1580,6667,197.5,3170,13333,396.25,false,0.452 USD per Hour,0.459 USD per Hour,0.508 USD per Hour,0.636 USD per Hour,0.51 USD per Hour,,,,,,,,,,
t3.xlarge,t3,xlarge,"ap-southeast-2, ap-southeast-2-akl-1, ap-southeast-2-per-1, ap-southeast-2a, ap-southeast-2b, ap-southeast-2c",false,false,false,nitro,4,x86_64,2,2,2,"1,2",2.5,16,0,-,-,0,supported,default,Up to 5 Gigabit,required,4,15,15,true,"partition, spread",0,0,true,supported,ebs,true,true,true,true,695,4000,86.875,2780,15700,347.5,false,0.2112 USD per Hour,0.2182 USD per Hour,0.2675 USD per Hour,0.2848 USD per Hour,0.2688 USD per Hour,0.3414 USD per Hour,0.3587 USD per Hour,0.3427 USD per Hour,0.2851 USD per Hour,0.2921 USD per Hour,0.3414 USD per Hour,0.2921 USD per Hour,0.3427 USD per Hour,0.3587 USD per Hour,0.2851 USD per Hour
i4g.4xlarge,i4g,4xlarge,"ap-southeast-2, ap-southeast-2a, ap-southeast-2b, ap-southeast-2c",false,false,false,nitro,16,arm64,16,"1,2,3,4,5,6,7,8,9,10,11,12,13,14,15,16",1,1,2.5,128,3750,true,ssd,1,supported,default,Up to 25 Gigabit,required,8,30,30,true,"cluster, partition, spread",0,0,-,unsupported,ebs,true,true,-,true,5000,20000,625,10000,40000,1250,true,1.48104 USD per Hour,1.50904 USD per Hour,1.60604 USD per Hour,,1.65384 USD per Hour,,,,,,,,,,
m6in.12xlarge,m6in,12xlarge,"ap-southeast-2, ap-southeast-2a, ap-southeast-2b, ap-southeast-2c",false,false,false,nitro,48,x86_64,24,"1,2,3,4,5,6,7,8,9,10,11,12,13,14,15,16,17,18,19,20,21,22,23,24",2,"1,2",3.5,192,0,-,-,0,supported,default,75 Gigabit,required,8,30,30,true,"cluster, partition, spread",0,0,true,supported,ebs,true,-,-,true,37500,150000,4687.5,37500,150000,4687.5,true,4.212 USD per Hour,4.296 USD per Hour,4.337 USD per Hour,6.42 USD per Hour,4.7304 USD per Hour,,,,,,,,,,
c5ad.xlarge,c5ad,xlarge,"ap-southeast-2, ap-southeast-2a, ap-southeast-2b, ap-southeast-2c",false,false,false,nitro,4,x86_64,2,"1,2",2,"1,2",3.3,8,150,true,ssd,1,supported,default,Up to 10 Gigabit,required,4,15,15,true,"cluster, partition, spread",0,0,-,unsupported,ebs,-,-,-,true,400,1600,50,3170,13300,396.25,false,0.226 USD per Hour,0.233 USD per Hour,0.282 USD per Hour,0.41 USD per Hour,0.284 USD per Hour,,,,,,,,,,
m7a.32xlarge,m7a,32xlarge,"ap-southeast-2, ap-southeast-2a, ap-southeast-2b, ap-southeast-2c",false,false,false,nitro,128,x86_64,128,"4,6,8,10,12,14,16,32,48,64,80,96,112,128",1,1,3.7,512,0,-,-,0,supported,default,50 Gigabit,required,15,50,50,true,"cluster, partition, spread",0,0,true,supported,ebs,true,-,-,true,40000,160000,5000,40000,160000,5000,true,9.2736 USD per Hour,9.4976 USD per Hour,9.3986 USD per Hour,15.1616 USD per Hour,10.5024 USD per Hour,,,,,,,,,,
c8g.metal-48xl,c8g,metal-48xl,"ap-southeast-2, ap-southeast-2a, ap-southeast-2b, ap-southeast-2c",false,false,true,,192,arm64,192,-,1,-,2.7,384,0,-,-,0,supported,default,50 Gigabit,required,15,50,50,true,"cluster, partition, spread",0,0,true,supported,ebs,true,-,-,true,40000,240000,5000,40000,240000,5000,true,9.9648 USD per Hour,10.3008 USD per Hour,10.0898 USD per Hour,,11.808 USD per Hour,,,,,,,,,,
m7g.16xlarge,m7g,16xlarge,"ap-southeast-2, ap-southeast-2a, ap-southeast-2b, ap-southeast-2c",false,false,false,nitro,64,arm64,64,"1,2,3,4,5,6,7,8,9,10,11,12,13,14,15,16,17,18,19,20,21,22,23,24,25,26,27,28,29,30,31,32,33,34,35,36,37,38,39,40,41,42,43,44,45,46,47,48,49,50,51,52,53,54,55,56,57,58,59,60,61,62,63,64",1,1,2.6,256,0,-,-,0,supported,default,30 Gigabit,required,15,50,50,true,"cluster, partition, spread",0,0,true,supported,ebs,true,-,-,true,20000,80000,2500,20000,80000,2500,true,3.264 USD per Hour,3.376 USD per Hour,3.389 USD per Hour,,3.9552 USD per Hour,,,,,,,,,,
r6a.8xlarge,r6a,8xlarge,"ap-southeast-2, ap-southeast-2a, ap-southeast-2b, ap-southeast-2c",false,false,false,nitro,32,x86_64,16,"4,6,8,10,12,14,16",2,"1,2",3.6,256,0,-,-,0,supported,default,12.5 Gigabit,required,8,30,30,true,"cluster, partition, spread",0,0,true,supported,ebs,true,-,-,true,10000,40000,1250,10000,40000,1250,false,2.1744 USD per Hour,2.2304 USD per Hour,2.2994 USD per Hour,3.6464 USD per Hour,2.52 USD per Hour,,,,,,,,,,
c6id.large,c6id,large,"ap-southeast-2, ap-southeast-2a, ap-southeast-2b, ap-southeast-2c",false,false,false,nitro,2,x86_64,1,1,2,"1,2",3.5,4,118,true,ssd,1,supported,default,Up to 12.5 Gigabit,required,3,10,10,true,"cluster, partition, spread",0,0,-,unsupported,ebs,true,true,-,true,650,3600,81.25,10000,40000,1250,false,0.1323 USD per Hour,0.1358 USD per Hour,0.1886 USD per Hour,0.2243 USD per Hour,0.1611 USD per Hour,,,,,,,,,,
r6g.12xlarge,r6g,12xlarge,"ap-southeast-2, ap-southeast-2a, ap-southeast-2b, ap-southeast-2c",false,false,false,nitro,48,arm64,48,"1,2,3,4,5,6,7,8,9,10,11,12,13,14,15,16,17,18,19,20,21,22,23,24,25,26,27,28,29,30,31,32,33,34,35,36,37,38,39,40,41,42,43,44,45,46,47,48",1,1,2.5,384,0,-,-,0,supported,default,20 Gigabit,required,8,30,30,true,"cluster, partition, spread",0,0,true,supported,ebs,true,-,-,true,14250,50000,1781.25,14250,50000,1781.25,false,2.8992 USD per Hour,2.9832 USD per Hour,3.0242 USD per Hour,,3.4176 USD per Hour,,,,,,,,,,
c7i.16xlarge,c7i,16xlarge,"ap-southeast-2, ap-southeast-2a, ap-southeast-2b, ap-southeast-2c",false,false,false,nitro,64,x86_64,32,"1,2,3,4,5,6,7,8,9,10,11,12,13,14,15,16,17,18,19,20,21,22,23,24,25,26,27,28,29,30,31,32",2,"1,2",3.2,128,0,-,-,0,supported,default,25 Gigabit,required,15,50,50,true,"cluster, partition, spread",0,0,true,supported,ebs,true,true,-,true,20000,80000,2500,20000,80000,2500,true,3.7296 USD per Hour,3.8416 USD per Hour,3.8546 USD per Hour,6.6736 USD per Hour,4.4208 USD per Hour,,,,,,,,,,
m6in.32xlarge,m6in,32xlarge,"ap-southeast-2, ap-southeast-2a, ap-southeast-2b, ap-southeast-2c",false,false,false,nitro,128,x86_64,64,"4,6,8,10,12,14,16,18,20,22,24,26,28,30,32,34,36,38,40,42,44,46,48,50,52,54,56,58,60,62,64",2,"1,2",3.5,512,0,-,-,0,supported,default,200 Gigabit,required,16,50,50,true,"cluster, partition, spread",0,0,true,supported,ebs,true,-,-,true,100000,400000,12500,100000,400000,12500,true,11.232 USD per Hour,11.456 USD per Hour,11.357 USD per Hour,17.12 USD per Hour,12.4608 USD per Hour,,,,,,,,,,
m6gd.metal,m6gd,metal,"ap-southeast-2, ap-southeast-2a, ap-southeast-2b, ap-southeast-2c",false,false,true,,64,arm64,64,-,1,-,2.5,256,3800,true,ssd,2,supported,default,25 Gigabit,required,15,50,50,true,"cluster, partition, spread",0,0,-,unsupported,ebs,true,-,-,true,19000,80000,2375,19000,80000,2375,false,3.648 USD per Hour,3.76 USD per Hour,3.773 USD per Hour,,4.3392 USD per Hour,,,,,,,,,,
g6.48xlarge,g6,48xlarge,"ap-southeast-2, ap-southeast-2a, ap-southeast-2c",false,false,false,nitro,192,x86_64,96,"4,6,8,10,12,24,36,48,60,72,84,96",2,"1,2",3.4,768,7520,true,ssd,8,supported,default,100 Gigabit,required,15,50,50,true,"cluster, partition, spread",8,0,-,unsupported,ebs,true,-,-,true,60000,240000,7500,60000,240000,7500,true,17.35817 USD per Hour,17.69417 USD per Hour,17.48317 USD per Hour,26.19017 USD per Hour,19.20137 USD per Hour,,,,,,,,,,
t3a.small,t3a,small,"ap-southeast-2, ap-southeast-2a, ap-southeast-2b, ap-southeast-2c",false,false,false,nitro,2,x86_64,1,1,2,"1,2",2.2,2,0,-,-,0,supported,default,Up to 5 Gigabit,required,2,4,4,true,"partition, spread",0,0,true,supported,ebs,-,true,true,true,175,1000,21.875,2085,11800,260.625,false,0.0238 USD per Hour,0.0273 USD per Hour,0.0548 USD per Hour,0.0422 USD per Hour,0.0526 USD per Hour,,,,,,,,,,
r6i.4xlarge,r6i,4xlarge,"ap-southeast-2, ap-southeast-2a, ap-southeast-2b, ap-southeast-2c",false,false,false,nitro,16,x86_64,8,"2,4,6,8",2,"1,2",3.5,128,0,-,-,0,supported,default,Up to 12.5 Gigabit,required,8,30,30,true,"cluster, partition, spread",0,0,true,supported,ebs,true,-,-,true,5000,20000,625,10000,40000,1250,false,1.208 USD per Hour,1.236 USD per Hour,1.333 USD per Hour,1.944 USD per Hour,1.3808 USD per Hour,,,,,,,,,,
c5d.24xlarge,c5d,24xlarge,"ap-southeast-2, ap-southeast-2a, ap-southeast-2b, ap-southeast-2c",false,false,false,nitro,96,x86_64,48,"2,4,6,8,10,12,14,16,18,20,22,24,26,28,30,32,34,36,38,40,42,44,46,48",2,"1,2",3.6,192,3600,true,ssd,4,supported,default,25 Gigabit,required,15,50,50,true,"cluster, partition, spread",0,0,-,unsupported,ebs,-,-,-,true,19000,80000,2375,19000,80000,2375,false,6.048 USD per Hour,6.216 USD per Hour,6.148 USD per Hour,10.464 USD per Hour,7.085 USD per Hour,,,,,,,,,,
r6g.4xlarge,r6g,4xlarge,"ap-southeast-2, ap-southeast-2a, ap-southeast-2b, ap-southeast-2c",false,false,false,nitro,16,arm64,16,"1,2,3,4,5,6,7,8,9,10,11,12,13,14,15,16",1,1,2.5,128,0,-,-,0,supported,default,Up to 10 Gigabit,required,8,30,30,true,"cluster, partition, spread",0,0,true,supported,ebs,true,true,-,true,4750,20000,593.75,4750,20000,593.75,false,0.9664 USD per Hour,0.9944 USD per Hour,1.0914 USD per Hour,,1.1392 USD per Hour,,,,,,,,,,
m6i.8xlarge,m6i,8xlarge,"ap-southeast-2, ap-southeast-2a, ap-southeast-2b, ap-southeast-2c",false,false,false,nitro,32,x86_64,16,"2,4,6,8,10,12,14,16",2,"1,2",3.5,128,0,-,-,0,supported,default,12.5 Gigabit,required,8,30,30,true,"cluster, partition, spread",0,0,true,supported,ebs,true,true,-,true,10000,40000,1250,10000,40000,1250,true,1.92 USD per Hour,1.976 USD per Hour,2.045 USD per Hour,3.392 USD per Hour,2.2656 USD per Hour,,,,,,,,,,
c6gn.12xlarge,c6gn,12xlarge,"ap-southeast-2, ap-southeast-2a, ap-southeast-2b, ap-southeast-2c",false,false,false,nitro,48,arm64,48,"1,2,3,4,5,6,7,8,9,10,11,12,13,14,15,16,17,18,19,20,21,22,23,24,25,26,27,28,29,30,31,32,33,34,35,36,37,38,39,40,41,42,43,44,45,46,47,48",1,1,2.5,96,0,-,-,0,supported,default,75 Gigabit,required,8,30,30,true,"cluster, partition, spread",0,0,true,supported,ebs,true,true,-,true,28500,120000,3562.5,28500,120000,3562.5,true,2.712 USD per Hour,2.796 USD per Hour,2.837 USD per Hour,,3.2304 USD per Hour,,,,,,,,,,
m2.2xlarge,m2,2xlarge,"ap-southeast-2, ap-southeast-2a, ap-southeast-2b",false,false,false,xen,4,x86_64,4,"1,2,3,4",1,1,,34.2,850,true,hdd,1,supported,supported,Moderate,unsupported,4,30,0,-,"partition, spread",0,0,-,unsupported,"ebs, instance-store",-,-,-,false,500,4000,62.5,500,4000,62.5,false,0.592 USD per Hour,,0.692 USD per Hour,0.742 USD per Hour,0.65 USD per Hour,,,,,,,,,,
i4i.metal,i4i,metal,"ap-southeast-2, ap-southeast-2a, ap-southeast-2b, ap-southeast-2c",false,false,true,,128,x86_64,64,-,2,-,3.5,1024,30000,true,ssd,8,supported,default,75 Gigabit,required,15,50,50,true,"cluster, partition, spread",0,0,-,unsupported,ebs,true,-,-,true,40000,160000,5000,40000,160000,5000,true,13.165 USD per Hour,13.389 USD per Hour,13.29 USD per Hour,19.053 USD per Hour,14.394 USD per Hour,,,,,,,,,,
m5.xlarge,m5,xlarge,"ap-southeast-2, ap-southeast-2-akl-1, ap-southeast-2-per-1, ap-southeast-2a, ap-southeast-2b, ap-southeast-2c",false,false,false,nitro,4,x86_64,2,2,2,"1,2",3.1,16,0,-,-,0,supported,default,Up to 10 Gigabit,required,4,15,15,true,"cluster, partition, spread",0,0,true,supported,ebs,true,true,-,true,1150,6000,143.75,4750,18750,593.75,false,0.24 USD per Hour,0.247 USD per Hour,0.296 USD per Hour,0.424 USD per Hour,0.298 USD per Hour,0.38 USD per Hour,0.508 USD per Hour,0.382 USD per Hour,0.324 USD per Hour,0.331 USD per Hour,0.38 USD per Hour,0.331 USD per Hour,0.382 USD per Hour,0.508 USD per Hour,0.324 USD per Hour
r5b.large,r5b,large,"ap-southeast-2, ap-southeast-2a, ap-southeast-2b, ap-southeast-2c",false,false,false,nitro,2,x86_64,1,1,2,"1,2",3.1,16,0,-,-,0,supported,default,Up to 10 Gigabit,required,3,10,10,true,"cluster, partition, spread",0,0,true,supported,ebs,true,-,-,true,1250,5417,156.25,10000,43333,1250,false,0.181 USD per Hour,0.1845 USD per Hour,0.2373 USD per Hour,0.273 USD per Hour,0.2098 USD per Hour,,,,,,,,,,
g5.24xlarge,g5,24xlarge,"ap-southeast-2, ap-southeast-2a, ap-southeast-2c",false,false,false,nitro,96,x86_64,48,-,2,-,3.3,384,3800,true,ssd,1,supported,default,50 Gigabit,required,15,50,50,true,"cluster, partition, spread",4,0,-,unsupported,ebs,true,-,-,true,19000,80000,2375,19000,80000,2375,false,10.58882 USD per Hour,10.75682 USD per Hour,10.71382 USD per Hour,15.00482 USD per Hour,11.62562 USD per Hour,,,,,,,,,,
m7g.12xlarge,m7g,12xlarge,"ap-southeast-2, ap-southeast-2a, ap-southeast-2b, ap-southeast-2c",false,false,false,nitro,48,arm64,48,"1,2,3,4,5,6,7,8,9,10,11,12,13,14,15,16,17,18,19,20,21,22,23,24,25,26,27,28,29,30,31,32,33,34,35,36,37,38,39,40,41,42,43,44,45,46,47,48",1,1,2.6,192,0,-,-,0,supported,default,22.5 Gigabit,required,8,30,30,true,"cluster, partition, spread",0,0,true,supported,ebs,true,-,-,true,15000,60000,1875,15000,60000,1875,true,2.448 USD per Hour,2.532 USD per Hour,2.573 USD per Hour,,2.9664 USD per Hour,,,,,,,,,,
c6in.16xlarge,c6in,16xlarge,"ap-southeast-2, ap-southeast-2a, ap-southeast-2b, ap-southeast-2c",false,false,false,nitro,64,x86_64,32,"1,2,3,4,5,6,7,8,9,10,11,12,13,14,15,16,17,18,19,20,21,22,23,24,25,26,27,28,29,30,31,32",2,"1,2",3.5,128,0,-,-,0,supported,default,100 Gigabit,required,15,50,50,true,"cluster, partition, spread",0,0,true,supported,ebs,true,true,-,true,50000,200000,6250,50000,200000,6250,true,4.7376 USD per Hour,,4.8626 USD per Hour,7.6816 USD per Hour,5.4288 USD per Hour,,,,,,,,,,
r6a.32xlarge,r6a,32xlarge,"ap-southeast-2, ap-southeast-2a, ap-southeast-2b, ap-southeast-2c",false,false,false,nitro,128,x86_64,64,"8,12,16,20,24,28,32,64",2,"1,2",3.6,1024,0,-,-,0,supported,default,50 Gigabit,required,15,50,50,true,"cluster, partition, spread",0,0,true,supported,ebs,true,-,-,true,40000,160000,5000,40000,160000,5000,true,8.6976 USD per Hour,8.9216 USD per Hour,8.8226 USD per Hour,14.5856 USD per Hour,9.9264 USD per Hour,,,,,,,,,,
t3.large,t3,large,"ap-southeast-2, ap-southeast-2a, ap-southeast-2b, ap-southeast-2c",false,false,false,nitro,2,x86_64,1,1,2,"1,2",2.5,8,0,-,-,0,supported,default,Up to 5 Gigabit,required,3,12,12,true,"partition, spread",0,0,true,supported,ebs,true,true,true,true,695,4000,86.875,2780,15700,347.5,false,0.1056 USD per Hour,0.1091 USD per Hour,0.1619 USD per Hour,0.1332 USD per Hour,0.1344 USD per Hour,,,,,,,,,,
m4.xlarge,m4,xlarge,"ap-southeast-2, ap-southeast-2a, ap-southeast-2b, ap-southeast-2c",false,false,false,xen,4,x86_64,2,"1,2",2,"1,2",2.4,16,0,-,-,0,supported,default,High,unsupported,4,15,15,true,"cluster, partition, spread",0,0,true,supported,ebs,true,true,-,false,750,6000,93.75,750,6000,93.75,false,0.25 USD per Hour,0.257 USD per Hour,0.35 USD per Hour,0.434 USD per Hour,0.3076 USD per Hour,,,,,,,,,,
a1.large,a1,large,"ap-southeast-2, ap-southeast-2a, ap-southeast-2c",false,false,false,nitro,2,arm64,2,-,1,-,2.3,4,0,-,-,0,supported,default,Up to 10 Gigabit,required,3,10,10,true,"cluster, partition, spread",0,0,true,supported,ebs,true,-,-,false,525,4000,65.625,3500,20000,437.5,false,0.0666 USD per Hour,,0.1229 USD per Hour,,0.0954 USD per Hour,,,,,,,,,,
mac1.metal,mac1,metal,"ap-southeast-2a, ap-southeast-2b",false,false,true,,12,x86_64_mac,6,-,2,-,3.2,32,0,-,-,0,supported,default,25 Gigabit,required,8,30,30,true,"partition, spread",0,0,-,unsupported,ebs,true,-,-,true,14000,80000,1750,14000,80000,1750,false,,,,,,,,,,,,,,,
m7gd.12xlarge,m7gd,12xlarge,"ap-southeast-2, ap-southeast-2a, ap-southeast-2b, ap-southeast-2c",false,false,false,nitro,48,arm64,48,"1,2,3,4,5,6,7,8,9,10,11,12,13,14,15,16,17,18,19,20,21,22,23,24,25,26,27,28,29,30,31,32,33,34,35,36,37,38,39,40,41,42,43,44,45,46,47,48",1,1,2.6,192,2850,true,ssd,2,supported,default,22.5 Gigabit,required,8,30,30,true,"cluster, partition, spread",0,0,-,unsupported,ebs,true,-,-,true,15000,60000,1875,15000,60000,1875,true,3.2206 USD per Hour,3.3046 USD per Hour,3.3456 USD per Hour,,3.739 USD per Hour,,,,,,,,,,
r7g.metal,r7g,metal,"ap-southeast-2, ap-southeast-2a, ap-southeast-2b, ap-southeast-2c",false,false,true,,64,arm64,64,-,1,-,2.6,512,0,-,-,0,supported,default,30 Gigabit,required,15,50,50,true,"cluster, partition, spread",0,0,true,supported,ebs,true,-,-,true,20000,80000,2500,20000,80000,2500,true,4.1075 USD per Hour,4.2195 USD per Hour,4.2325 USD per Hour,,4.7987 USD per Hour,,,,,,,,,,
m7gd.8xlarge,m7gd,8xlarge,"ap-southeast-2, ap-southeast-2a, ap-southeast-2b, ap-southeast-2c",false,false,false,nitro,32,arm64,32,"1,2,3,4,5,6,7,8,9,10,11,12,13,14,15,16,17,18,19,20,21,22,23,24,25,26,27,28,29,30,31,32",1,1,2.6,128,1900,true,ssd,1,supported,default,15 Gigabit,required,8,30,30,true,"cluster, partition, spread",0,0,-,unsupported,ebs,true,true,-,true,10000,40000,1250,10000,40000,1250,false,2.147 USD per Hour,2.203 USD per Hour,2.272 USD per Hour,,2.4926 USD per Hour,,,,,,,,,,
a1.xlarge,a1,xlarge,"ap-southeast-2, ap-southeast-2a, ap-southeast-2c",false,false,false,nitro,4,arm64,4,-,1,-,2.3,8,0,-,-,0,supported,default,Up to 10 Gigabit,required,4,15,15,true,"cluster, partition, spread",0,0,true,supported,ebs,true,-,-,false,800,6000,100,3500,20000,437.5,false,0.1332 USD per Hour,,0.1895 USD per Hour,,0.1908 USD per Hour,,,,,,,,,,
m8g.16xlarge,m8g,16xlarge,"ap-southeast-2, ap-southeast-2a, ap-southeast-2b, ap-southeast-2c",false,false,false,nitro,64,arm64,64,"1,2,3,4,5,6,7,8,9,10,11,12,13,14,15,16,17,18,19,20,21,22,23,24,25,26,27,28,29,30,31,32,33,34,35,36,37,38,39,40,41,42,43,44,45,46,47,48,49,50,51,52,53,54,55,56,57,58,59,60,61,62,63,64",1,1,2.8,256,0,-,-,0,supported,default,30 Gigabit,required,15,50,50,true,"cluster, partition, spread",0,0,true,supported,ebs,true,-,-,true,20000,80000,2500,20000,80000,2500,true,3.5904 USD per Hour,3.7024 USD per Hour,3.7154 USD per Hour,,4.2816 USD per Hour,,,,,,,,,,
c5a.xlarge,c5a,xlarge,"ap-southeast-2, ap-southeast-2a, ap-southeast-2b, ap-southeast-2c",false,false,false,nitro,4,x86_64,2,"1,2",2,"1,2",3.3,8,0,-,-,0,supported,default,Up to 10 Gigabit,required,4,15,15,true,"cluster, partition, spread",0,0,true,supported,ebs,-,-,-,true,400,1600,50,3170,13300,396.25,false,0.2 USD per Hour,0.207 USD per Hour,0.256 USD per Hour,0.384 USD per Hour,0.258 USD per Hour,,,,,,,,,,
r5d.4xlarge,r5d,4xlarge,"ap-southeast-2, ap-southeast-2a, ap-southeast-2b, ap-southeast-2c",false,false,false,nitro,16,x86_64,8,"2,4,6,8",2,"1,2",3.1,128,600,true,ssd,2,supported,default,Up to 10 Gigabit,required,8,30,30,true,"cluster, partition, spread",0,0,-,unsupported,ebs,true,true,-,true,4750,18750,593.75,4750,18750,593.75,false,1.392 USD per Hour,1.42 USD per Hour,1.517 USD per Hour,2.128 USD per Hour,1.565 USD per Hour,,,,,,,,,,
c5d.2xlarge,c5d,2xlarge,"ap-southeast-2, ap-southeast-2a, ap-southeast-2b, ap-southeast-2c",false,false,false,nitro,8,x86_64,4,"2,4",2,"1,2",3.4,16,200,true,ssd,1,supported,default,Up to 10 Gigabit,required,4,15,15,true,"cluster, partition, spread",0,0,-,unsupported,ebs,true,true,-,true,2300,10000,287.5,4750,20000,593.75,false,0.504 USD per Hour,0.518 USD per Hour,0.604 USD per Hour,0.872 USD per Hour,0.619 USD per Hour,,,,,,,,,,
d3.xlarge,d3,xlarge,"ap-southeast-2, ap-southeast-2a, ap-southeast-2b, ap-southeast-2c",false,false,false,nitro,4,x86_64,2,"1,2",2,"1,2",3.1,32,5940,true,hdd,3,supported,default,Up to 15 Gigabit,required,4,3,3,true,"cluster, partition, spread",0,0,-,unsupported,ebs,-,-,-,true,850,5000,106.25,2800,15000,350,false,0.626 USD per Hour,0.633 USD per Hour,0.682 USD per Hour,0.81 USD per Hour,0.684 USD per Hour,,,,,,,,,,
g3.8xlarge,g3,8xlarge,"ap-southeast-2, ap-southeast-2a, ap-southeast-2b, ap-southeast-2c",false,false,false,xen,32,x86_64,16,"1,2,3,4,5,6,7,8,9,10,11,12,13,14,15,16",2,"1,2",2.7,244,0,-,-,0,supported,default,10 Gigabit,supported,8,30,30,true,"cluster, partition, spread",2,0,true,supported,ebs,true,-,-,false,7000,40000,875,7000,40000,875,false,3.508 USD per Hour,3.564 USD per Hour,3.608 USD per Hour,4.98 USD per Hour,3.8536 USD per Hour,,,,,,,,,,
t3a.medium,t3a,medium,"ap-southeast-2, ap-southeast-2a, ap-southeast-2b, ap-southeast-2c",false,false,false,nitro,2,x86_64,1,1,2,"1,2",2.2,4,0,-,-,0,supported,default,Up to 5 Gigabit,required,3,6,6,true,"partition, spread",0,0,true,supported,ebs,-,true,true,true,350,2000,43.75,2085,11800,260.625,false,0.0475 USD per Hour,0.051 USD per Hour,0.1038 USD per Hour,0.0659 USD per Hour,0.0763 USD per Hour,,,,,,,,,,
i7ie.metal-48xl,i7ie,metal-48xl,"ap-southeast-2, ap-southeast-2a, ap-southeast-2b, ap-southeast-2c",false,false,true,,192,x86_64,96,-,2,-,3.6,1536,120000,true,ssd,16,supported,default,100 Gigabit,required,15,50,50,true,"cluster, partition, spread",0,0,-,unsupported,ebs,true,-,-,true,60000,240000,7500,60000,240000,7500,true,29.9184 USD per Hour,30.2544 USD per Hour,30.0434 USD per Hour,38.7504 USD per Hour,31.7616 USD per Hour,,,,,,,,,,
m5zn.3xlarge,m5zn,3xlarge,"ap-southeast-2, ap-southeast-2a, ap-southeast-2c",false,false,false,nitro,12,x86_64,6,"2,4,6",2,"1,2",4.5,48,0,-,-,0,supported,default,Up to 25 Gigabit,required,8,30,30,true,"cluster, partition, spread",0,0,true,supported,ebs,true,-,-,true,4750,20000,593.75,4750,20000,593.75,false,1.239 USD per Hour,1.26 USD per Hour,1.364 USD per Hour,1.791 USD per Hour,1.3686 USD per Hour,,,,,,,,,,
r7g.2xlarge,r7g,2xlarge,"ap-southeast-2, ap-southeast-2a, ap-southeast-2b, ap-southeast-2c",false,false,false,nitro,8,arm64,8,"1,2,3,4,5,6,7,8",1,1,2.6,64,0,-,-,0,supported,default,Up to 15 Gigabit,required,4,15,15,true,"cluster, partition, spread",0,0,true,supported,ebs,true,true,-,true,2500,12000,312.5,10000,40000,1250,false,0.5134 USD per Hour,0.5274 USD per Hour,0.6384 USD per Hour,,0.6286 USD per Hour,,,,,,,,,,
c5a.12xlarge,c5a,12xlarge,"ap-southeast-2, ap-southeast-2a, ap-southeast-2b, ap-southeast-2c",false,false,false,nitro,48,x86_64,24,"1,2,3,4,8,12,16,20,24",2,"1,2",3.3,96,0,-,-,0,supported,default,12 Gigabit,required,8,30,30,true,"cluster, partition, spread",0,0,true,supported,ebs,-,-,-,true,4750,20000,593.75,4750,20000,593.75,false,2.4 USD per Hour,2.484 USD per Hour,2.525 USD per Hour,4.608 USD per Hour,2.918 USD per Hour,,,,,,,,,,
g4dn.12xlarge,g4dn,12xlarge,"ap-southeast-2, ap-southeast-2a, ap-southeast-2b, ap-southeast-2c",false,false,false,nitro,48,x86_64,24,"2,4,6,8,10,12,14,16,18,20,22,24",2,"1,2",2.5,192,900,true,ssd,1,supported,default,50 Gigabit,required,8,30,30,true,"cluster, partition, spread",4,0,-,unsupported,ebs,true,-,-,true,9500,40000,1187.5,9500,40000,1187.5,false,5.087 USD per Hour,5.171 USD per Hour,5.212 USD per Hour,7.295 USD per Hour,5.605 USD per Hour,,,,,,,,,,
c6i.16xlarge,c6i,16xlarge,"ap-southeast-2, ap-southeast-2a, ap-southeast-2b, ap-southeast-2c",false,false,false,nitro,64,x86_64,32,"2,4,6,8,10,12,14,16,18,20,22,24,26,28,30,32",2,"1,2",3.5,128,0,-,-,0,supported,default,25 Gigabit,required,15,50,50,true,"cluster, partition, spread",0,0,true,supported,ebs,true,true,-,true,20000,80000,2500,20000,80000,2500,true,3.552 USD per Hour,3.664 USD per Hour,3.677 USD per Hour,6.496 USD per Hour,4.2432 USD per Hour,,,,,,,,,,
r5a.16xlarge,r5a,16xlarge,"ap-southeast-2, ap-southeast-2a, ap-southeast-2b, ap-southeast-2c",false,false,false,nitro,64,x86_64,32,"8,10,12,14,16,18,20,22,24,26,28,30,32",2,"1,2",2.5,512,0,-,-,0,supported,default,12 Gigabit,required,15,50,50,true,"cluster, partition, spread",0,0,true,supported,ebs,-,-,-,true,9500,40000,1187.5,9500,40000,1187.5,false,4.352 USD per Hour,4.464 USD per Hour,4.477 USD per Hour,7.296 USD per Hour,5.043 USD per Hour,,,,,,,,,,
c7i.metal-24xl,c7i,metal-24xl,"ap-southeast-2, ap-southeast-2a, ap-southeast-2b, ap-southeast-2c",false,false,true,,96,x86_64,48,-,2,-,3.2,192,0,-,-,0,supported,default,37.5 Gigabit,required,15,50,50,true,"cluster, partition, spread",0,0,true,supported,ebs,-,-,-,true,30000,120000,3750,30000,120000,3750,true,5.5944 USD per Hour,5.7624 USD per Hour,5.7194 USD per Hour,10.0104 USD per Hour,6.6312 USD per Hour,,,,,,,,,,
r6i.24xlarge,r6i,24xlarge,"ap-southeast-2, ap-southeast-2a, ap-southeast-2b, ap-southeast-2c",false,false,false,nitro,96,x86_64,48,"2,4,6,8,10,12,14,16,18,20,22,24,26,28,30,32,34,36,38,40,42,44,46,48",2,"1,2",3.5,768,0,-,-,0,supported,default,37.5 Gigabit,required,15,50,50,true,"cluster, partition, spread",0,0,true,supported,ebs,true,-,-,true,30000,120000,3750,30000,120000,3750,true,7.248 USD per Hour,7.416 USD per Hour,7.373 USD per Hour,11.664 USD per Hour,8.2848 USD per Hour,,,,,,,,,,
u-3tb1.56xlarge,u-3tb1,56xlarge,"ap-southeast-2, ap-southeast-2a, ap-southeast-2b",false,false,false,nitro,224,x86_64,112,"8,12,16,20,24,28,32,36,40,44,48,52,56,60,64,68,72,76,80,84,88,92,96,100,104,108,112",2,"1,2",2.1,3072,0,-,-,0,supported,default,50 Gigabit,required,8,30,30,true,"cluster, partition, spread",0,0,true,supported,ebs,-,-,-,true,19000,80000,2375,19000,80000,2375,false,32.715 USD per Hour,33.107 USD per Hour,32.84 USD per Hour,43.019 USD per Hour,34.8654 USD per Hour,,,,,,,,,,
t4g.2xlarge,t4g,2xlarge,"ap-southeast-2, ap-southeast-2a, ap-southeast-2b, ap-southeast-2c",false,false,false,nitro,8,arm64,8,"1,2,3,4,5,6,7,8",1,1,2.5,32,0,-,-,0,supported,default,Up to 5 Gigabit,required,4,15,15,true,"partition, spread",0,0,true,supported,ebs,-,true,true,true,695,4000,86.875,2780,15700,347.5,false,0.3392 USD per Hour,0.3532 USD per Hour,0.4642 USD per Hour,,0.4544 USD per Hour,,,,,,,,,,
c7gd.16xlarge,c7gd,16xlarge,"ap-southeast-2, ap-southeast-2a, ap-southeast-2b, ap-southeast-2c",false,false,false,nitro,64,arm64,64,"1,2,3,4,5,6,7,8,9,10,11,12,13,14,15,16,17,18,19,20,21,22,23,24,25,26,27,28,29,30,31,32,33,34,35,36,37,38,39,40,41,42,43,44,45,46,47,48,49,50,51,52,53,54,55,56,57,58,59,60,61,62,63,64",1,1,2.6,128,3800,true,ssd,2,supported,default,30 Gigabit,required,15,50,50,true,"cluster, partition, spread",0,0,-,unsupported,ebs,true,true,-,true,20000,80000,2500,20000,80000,2500,true,3.8106 USD per Hour,3.9226 USD per Hour,3.9356 USD per Hour,,4.5018 USD per Hour,,,,,,,,,,
m5d.large,m5d,large,"ap-southeast-2, ap-southeast-2a, ap-southeast-2b, ap-southeast-2c",false,false,false,nitro,2,x86_64,1,1,2,"1,2",3.1,8,75,true,ssd,1,supported,default,Up to 10 Gigabit,required,3,10,10,true,"cluster, partition, spread",0,0,-,unsupported,ebs,true,true,-,true,650,3600,81.25,4750,18750,593.75,false,0.142 USD per Hour,0.146 USD per Hour,0.198 USD per Hour,0.234 USD per Hour,0.171 USD per Hour,,,,,,,,,,
r5b.metal,r5b,metal,"ap-southeast-2, ap-southeast-2a, ap-southeast-2b, ap-southeast-2c",false,false,true,,96,x86_64,48,-,2,-,3.1,768,0,-,-,0,supported,default,25 Gigabit,required,15,50,50,true,"cluster, partition, spread",0,0,true,supported,ebs,true,-,-,true,60000,260000,7500,60000,260000,7500,false,8.688 USD per Hour,8.856 USD per Hour,8.813 USD per Hour,13.104 USD per Hour,9.7248 USD per Hour,,,,,,,,,,
r6a.12xlarge,r6a,12xlarge,"ap-southeast-2, ap-southeast-2a, ap-southeast-2b, ap-southeast-2c",false,false,false,nitro,48,x86_64,24,"1,2,3,4,5,6,7,8,16,24",2,"1,2",3.6,384,0,-,-,0,supported,default,18.75 Gigabit,required,8,30,30,true,"cluster, partition, spread",0,0,true,supported,ebs,true,-,-,true,15000,60000,1875,15000,60000,1875,true,3.2616 USD per Hour,3.3456 USD per Hour,3.3866 USD per Hour,5.4696 USD per Hour,3.78 USD per Hour,,,,,,,,,,
inf2.24xlarge,inf2,24xlarge,"ap-southeast-2, ap-southeast-2a, ap-southeast-2b",false,false,false,nitro,96,x86_64,48,"4,6,8,10,12,14,16,32,48",2,"1,2",3.6,384,0,-,-,0,supported,default,50 Gigabit,required,15,50,50,true,"cluster, partition, spread",0,0,-,supported,ebs,true,-,-,true,30000,120000,3750,30000,120000,3750,false,8.43782 USD per Hour,,,,9.47462 USD per Hour,,,,,,,,,,
c7i.large,c7i,large,"ap-southeast-2, ap-southeast-2a, ap-southeast-2b, ap-southeast-2c",false,false,false,nitro,2,x86_64,1,1,2,"1,2",3.2,4,0,-,-,0,supported,default,Up to 12.5 Gigabit,required,3,10,10,true,"cluster, partition, spread",0,0,true,supported,ebs,true,true,-,true,650,3600,81.25,10000,40000,1250,false,0.11655 USD per Hour,0.12005 USD per Hour,0.17285 USD per Hour,0.20855 USD per Hour,0.14535 USD per Hour,,,,,,,,,,
c5.xlarge,c5,xlarge,"ap-southeast-2, ap-southeast-2a, ap-southeast-2b, ap-southeast-2c",false,false,false,nitro,4,x86_64,2,2,2,"1,2",3.4,8,0,-,-,0,supported,default,Up to 10 Gigabit,required,4,15,15,true,"cluster, partition, spread",0,0,true,supported,ebs,true,true,-,true,1150,6000,143.75,4750,20000,593.75,false,0.222 USD per Hour,0.229 USD per Hour,0.278 USD per Hour,0.406 USD per Hour,0.28 USD per Hour,,,,,,,,,,
c6g.xlarge,c6g,xlarge,"ap-southeast-2, ap-southeast-2a, ap-southeast-2b, ap-southeast-2c",false,false,false,nitro,4,arm64,4,"1,2,3,4",1,1,2.5,8,0,-,-,0,supported,default,Up to 10 Gigabit,required,4,15,15,true,"cluster, partition, spread",0,0,true,supported,ebs,true,true,-,true,1188,6000,148.5,4750,20000,593.75,false,0.1776 USD per Hour,0.1846 USD per Hour,0.2339 USD per Hour,,0.2352 USD per Hour,,,,,,,,,,
c4.large,c4,large,"ap-southeast-2, ap-southeast-2a, ap-southeast-2b, ap-southeast-2c",false,false,false,xen,2,x86_64,1,1,2,"1,2",2.9,3.75,0,-,-,0,supported,default,Moderate,unsupported,3,10,10,true,"cluster, partition, spread",0,0,true,supported,ebs,true,true,-,false,500,4000,62.5,500,4000,62.5,false,0.13 USD per Hour,0.134 USD per Hour,0.23 USD per Hour,0.222 USD per Hour,0.159 USD per Hour,,,,,,,,,,
c1.medium,c1,medium,"ap-southeast-2, ap-southeast-2a, ap-southeast-2b",false,false,false,xen,2,"i386, x86_64",2,-,1,-,,1.7,350,true,hdd,1,supported,unsupported,Moderate,unsupported,2,6,0,-,"partition, spread",0,0,-,unsupported,"ebs, instance-store",-,-,-,false,0,0,0,0,0,0,false,0.164 USD per Hour,,0.264 USD per Hour,0.266 USD per Hour,0.193 USD per Hour,,,,,,,,,,
t3.medium,t3,medium,"ap-southeast-2, ap-southeast-2-akl-1, ap-southeast-2-per-1, ap-southeast-2a, ap-southeast-2b, ap-southeast-2c",false,false,false,nitro,2,x86_64,1,1,2,"1,2",2.5,4,0,-,-,0,supported,default,Up to 5 Gigabit,required,3,6,6,true,"partition, spread",0,0,true,supported,ebs,true,true,true,true,347,2000,43.375,2085,11800,260.625,false,0.0528 USD per Hour,0.0563 USD per Hour,0.1091 USD per Hour,0.0712 USD per Hour,0.0816 USD per Hour,0.1276 USD per Hour,0.0897 USD per Hour,0.1001 USD per Hour,0.0713 USD per Hour,0.0748 USD per Hour,0.1276 USD per Hour,0.0748 USD per Hour,0.1001 USD per Hour,0.0897 USD per Hour,0.0713 USD per Hour
m6gd.16xlarge,m6gd,16xlarge,"ap-southeast-2, ap-southeast-2a, ap-southeast-2b, ap-southeast-2c",false,false,false,nitro,64,arm64,64,"1,2,3,4,5,6,7,8,9,10,11,12,13,14,15,16,17,18,19,20,21,22,23,24,25,26,27,28,29,30,31,32,33,34,35,36,37,38,39,40,41,42,43,44,45,46,47,48,49,50,51,52,53,54,55,56,57,58,59,60,61,62,63,64",1,1,2.5,256,3800,true,ssd,2,supported,default,25 Gigabit,required,15,50,50,true,"cluster, partition, spread",0,0,-,unsupported,ebs,true,-,-,true,19000,80000,2375,19000,80000,2375,false,3.648 USD per Hour,3.76 USD per Hour,3.773 USD per Hour,,4.3392 USD per Hour,,,,,,,,,,
c6g.12xlarge,c6g,12xlarge,"ap-southeast-2, ap-southeast-2a, ap-southeast-2b, ap-southeast-2c",false,false,false,nitro,48,arm64,48,"1,2,3,4,5,6,7,8,9,10,11,12,13,14,15,16,17,18,19,20,21,22,23,24,25,26,27,28,29,30,31,32,33,34,35,36,37,38,39,40,41,42,43,44,45,46,47,48",1,1,2.5,96,0,-,-,0,supported,default,20 Gigabit,required,8,30,30,true,"cluster, partition, spread",0,0,true,supported,ebs,true,true,-,true,14250,50000,1781.25,14250,50000,1781.25,false,2.1312 USD per Hour,2.2152 USD per Hour,2.2562 USD per Hour,,2.6496 USD per Hour,,,,,,,,,,
c7gd.large,c7gd,large,"ap-southeast-2, ap-southeast-2a, ap-southeast-2b, ap-southeast-2c",false,false,false,nitro,2,arm64,2,"1,2",1,1,2.6,4,118,true,ssd,1,supported,default,Up to 12.5 Gigabit,required,3,10,10,true,"cluster, partition, spread",0,0,-,unsupported,ebs,true,true,-,true,630,3600,78.75,10000,40000,1250,false,0.1191 USD per Hour,0.1226 USD per Hour,0.1754 USD per Hour,,0.1479 USD per Hour,,,,,,,,,,
c6id.16xlarge,c6id,16xlarge,"ap-southeast-2, ap-southeast-2a, ap-southeast-2b, ap-southeast-2c",false,false,false,nitro,64,x86_64,32,"2,4,6,8,10,12,14,16,18,20,22,24,26,28,30,32",2,"1,2",3.5,128,3800,true,ssd,2,supported,default,25 Gigabit,required,15,50,50,true,"cluster, partition, spread",0,0,-,unsupported,ebs,true,true,-,true,20000,80000,2500,20000,80000,2500,true,4.2336 USD per Hour,4.3456 USD per Hour,4.3586 USD per Hour,7.1776 USD per Hour,4.9248 USD per Hour,,,,,,,,,,
c6in.8xlarge,c6in,8xlarge,"ap-southeast-2, ap-southeast-2a, ap-southeast-2b, ap-southeast-2c",false,false,false,nitro,32,x86_64,16,"1,2,3,4,5,6,7,8,9,10,11,12,13,14,15,16",2,"1,2",3.5,64,0,-,-,0,supported,default,50 Gigabit,required,8,30,30,true,"cluster, partition, spread",0,0,true,supported,ebs,true,true,-,true,25000,100000,3125,25000,100000,3125,true,2.3688 USD per Hour,,2.4938 USD per Hour,3.8408 USD per Hour,2.7144 USD per Hour,,,,,,,,,,
c5n.4xlarge,c5n,4xlarge,"ap-southeast-2, ap-southeast-2a, ap-southeast-2b, ap-southeast-2c",false,false,false,nitro,16,x86_64,8,"2,4,6,8",2,"1,2",3.4,42,0,-,-,0,supported,default,Up to 25 Gigabit,required,8,30,30,true,"cluster, partition, spread",0,0,true,supported,ebs,true,-,-,true,4750,20000,593.75,4750,20000,593.75,false,1.128 USD per Hour,1.156 USD per Hour,1.253 USD per Hour,1.864 USD per Hour,1.301 USD per Hour,,,,,,,,,,
d2.2xlarge,d2,2xlarge,"ap-southeast-2, ap-southeast-2a, ap-southeast-2b, ap-southeast-2c",false,false,false,xen,8,x86_64,4,"1,2,3,4",2,"1,2",2.4,61,12288,true,hdd,6,supported,default,High,unsupported,4,15,15,true,"cluster, partition, spread",0,0,-,unsupported,"ebs, instance-store",true,-,-,false,1000,8000,125,1000,8000,125,false,1.74 USD per Hour,1.754 USD per Hour,1.84 USD per Hour,1.961 USD per Hour,1.855 USD per Hour,,,,,,,,,,
r6id.32xlarge,r6id,32xlarge,"ap-southeast-2, ap-southeast-2a, ap-southeast-2b, ap-southeast-2c",false,false,false,nitro,128,x86_64,64,"2,4,6,8,10,12,14,16,18,20,22,24,26,28,30,32,34,36,38,40,42,44,46,48,50,52,54,56,58,60,62,64",2,"1,2",3.5,1024,7600,true,ssd,4,supported,default,50 Gigabit,required,15,50,50,true,"cluster, partition, spread",0,0,-,unsupported,ebs,true,-,-,true,40000,160000,5000,40000,160000,5000,true,11.136 USD per Hour,11.36 USD per Hour,11.261 USD per Hour,17.024 USD per Hour,12.3648 USD per Hour,,,,,,,,,,
r7gd.4xlarge,r7gd,4xlarge,"ap-southeast-2, ap-southeast-2a, ap-southeast-2b, ap-southeast-2c",false,false,false,nitro,16,arm64,16,"1,2,3,4,5,6,7,8,9,10,11,12,13,14,15,16",1,1,2.6,128,950,true,ssd,1,supported,default,Up to 15 Gigabit,required,8,30,30,true,"cluster, partition, spread",0,0,-,unsupported,ebs,true,true,-,true,5000,20000,625,10000,40000,1250,false,1.2528 USD per Hour,1.2808 USD per Hour,1.3778 USD per Hour,,1.4256 USD per Hour,,,,,,,,,,
r3.4xlarge,r3,4xlarge,"ap-southeast-2, ap-southeast-2a, ap-southeast-2b, ap-southeast-2c",false,false,false,xen,16,x86_64,8,"1,2,3,4,5,6,7,8",2,"1,2",2.5,122,320,true,ssd,1,supported,supported,High,unsupported,8,30,30,true,"cluster, partition, spread",0,0,true,unsupported,"ebs, instance-store",true,true,-,false,2000,16000,250,2000,16000,250,false,1.596 USD per Hour,,1.696 USD per Hour,2.363 USD per Hour,1.773 USD per Hour,,,,,,,,,,
inf1.2xlarge,inf1,2xlarge,"ap-southeast-2, ap-southeast-2a, ap-southeast-2b, ap-southeast-2c",false,false,false,nitro,8,x86_64,4,"2,4",2,"1,2",2.5,16,0,-,-,0,supported,default,Up to 25 Gigabit,required,4,10,10,true,"cluster, partition, spread",0,0,true,supported,ebs,-,-,-,true,1190,6000,148.75,4750,20000,593.75,false,0.453 USD per Hour,0.467 USD per Hour,0.578 USD per Hour,,0.568 USD per Hour,,,,,,,,,,
c6gd.xlarge,c6gd,xlarge,"ap-southeast-2, ap-southeast-2a, ap-southeast-2b, ap-southeast-2c",false,false,false,nitro,4,arm64,4,"1,2,3,4",1,1,2.5,8,237,true,ssd,1,supported,default,Up to 10 Gigabit,required,4,15,15,true,"cluster, partition, spread",0,0,-,unsupported,ebs,true,true,-,true,1188,6000,148.5,4750,20000,593.75,false,0.202 USD per Hour,0.209 USD per Hour,0.2583 USD per Hour,,0.2596 USD per Hour,,,,,,,,,,
r5d.large,r5d,large,"ap-southeast-2, ap-southeast-2a, ap-southeast-2b, ap-southeast-2c",false,false,false,nitro,2,x86_64,1,1,2,"1,2",3.1,16,75,true,ssd,1,supported,default,Up to 10 Gigabit,required,3,10,10,true,"cluster, partition, spread",0,0,-,unsupported,ebs,true,true,-,true,650,3600,81.25,4750,18750,593.75,false,0.174 USD per Hour,0.178 USD per Hour,0.23 USD per Hour,0.266 USD per Hour,0.203 USD per Hour,,,,,,,,,,
r7i.metal-24xl,r7i,metal-24xl,"ap-southeast-2, ap-southeast-2a, ap-southeast-2b, ap-southeast-2c",false,false,true,,96,x86_64,48,-,2,-,3.2,768,0,-,-,0,supported,default,37.5 Gigabit,required,15,50,50,true,"cluster, partition, spread",0,0,true,supported,ebs,-,-,-,true,30000,120000,3750,30000,120000,3750,true,7.6104 USD per Hour,7.7784 USD per Hour,7.7354 USD per Hour,12.0264 USD per Hour,8.6472 USD per Hour,,,,,,,,,,
m8g.4xlarge,m8g,4xlarge,"ap-southeast-2, ap-southeast-2a, ap-southeast-2b, ap-southeast-2c",false,false,false,nitro,16,arm64,16,"1,2,3,4,5,6,7,8,9,10,11,12,13,14,15,16",1,1,2.8,64,0,-,-,0,supported,default,Up to 15 Gigabit,required,8,30,30,true,"cluster, partition, spread",0,0,true,supported,ebs,true,true,-,true,5000,20000,625,10000,40000,1250,false,0.8976 USD per Hour,0.9256 USD per Hour,1.0226 USD per Hour,,1.0704 USD per Hour,,,,,,,,,,
m6a.4xlarge,m6a,4xlarge,"ap-southeast-2, ap-southeast-2a, ap-southeast-2b, ap-southeast-2c",false,false,false,nitro,16,x86_64,8,"1,2,3,4,5,6,7,8",2,"1,2",3.6,64,0,-,-,0,supported,default,Up to 12.5 Gigabit,required,8,30,30,true,"cluster, partition, spread",0,0,true,supported,ebs,true,true,-,true,5000,20000,625,10000,40000,1250,false,0.864 USD per Hour,0.892 USD per Hour,0.989 USD per Hour,1.6 USD per Hour,1.0368 USD per Hour,,,,,,,,,,
r6in.32xlarge,r6in,32xlarge,"ap-southeast-2, ap-southeast-2a, ap-southeast-2b, ap-southeast-2c",false,false,false,nitro,128,x86_64,64,"4,6,8,10,12,14,16,18,20,22,24,26,28,30,32,34,36,38,40,42,44,46,48,50,52,54,56,58,60,62,64",2,"1,2",3.5,1024,0,-,-,0,supported,default,200 Gigabit,required,16,50,50,true,"cluster, partition, spread",0,0,true,supported,ebs,true,-,-,true,100000,400000,12500,100000,400000,12500,true,13.55328 USD per Hour,13.77728 USD per Hour,13.67828 USD per Hour,19.44128 USD per Hour,14.78208 USD per Hour,,,,,,,,,,
t4g.small,t4g,small,"ap-southeast-2, ap-southeast-2a, ap-southeast-2b, ap-southeast-2c",true,true,false,nitro,2,arm64,2,"1,2",1,1,2.5,2,0,-,-,0,supported,default,Up to 5 Gigabit,required,3,4,4,true,"partition, spread",0,0,true,supported,ebs,-,true,true,true,174,1000,21.75,2085,11800,260.625,false,0.0212 USD per Hour,0.0247 USD per Hour,0.0525 USD per Hour,,0.05 USD per Hour,,,,,,,,,,
m5zn.12xlarge,m5zn,12xlarge,"ap-southeast-2, ap-southeast-2a, ap-southeast-2c",false,false,false,nitro,48,x86_64,24,"2,4,6,8,10,12,14,16,18,20,22,24",2,"1,2",4.5,192,0,-,-,0,supported,default,100 Gigabit,required,15,50,50,true,"cluster, partition, spread",0,0,true,supported,ebs,true,-,-,true,19000,80000,2375,19000,80000,2375,false,4.956 USD per Hour,5.04 USD per Hour,5.081 USD per Hour,7.164 USD per Hour,5.4744 USD per Hour,,,,,,,,,,
r7gd.medium,r7gd,medium,"ap-southeast-2, ap-southeast-2a, ap-southeast-2b, ap-southeast-2c",false,false,false,nitro,1,arm64,1,-,1,-,2.6,8,59,true,ssd,1,supported,default,Up to 12.5 Gigabit,required,2,4,4,true,"cluster, partition, spread",0,0,-,unsupported,ebs,true,true,-,true,315,2500,39.375,10000,40000,1250,false,0.0783 USD per Hour,0.0801 USD per Hour,0.1346 USD per Hour,,0.0927 USD per Hour,,,,,,,,,,
r5dn.large,r5dn,large,"ap-southeast-2, ap-southeast-2a, ap-southeast-2b, ap-southeast-2c",false,false,false,nitro,2,x86_64,1,1,2,"1,2",3.1,16,75,true,ssd,1,supported,default,Up to 25 Gigabit,required,3,10,10,true,"cluster, partition, spread",0,0,-,unsupported,ebs,true,-,-,true,650,3600,81.25,4750,18750,593.75,false,0.204 USD per Hour,0.2075 USD per Hour,0.2603 USD per Hour,0.296 USD per Hour,0.2328 USD per Hour,,,,,,,,,,
t2.micro,t2,micro,"ap-southeast-2, ap-southeast-2a, ap-southeast-2b, ap-southeast-2c",false,false,false,xen,1,"i386, x86_64",1,-,1,-,2.5,1,0,-,-,0,supported,unsupported,Low to Moderate,unsupported,2,2,2,true,"partition, spread",0,0,true,supported,ebs,-,true,true,true,0,0,0,0,0,0,false,0.0146 USD per Hour,0.0164 USD per Hour,0.0146 USD per Hour,0.0192 USD per Hour,0.029 USD per Hour,,,,,,,,,,
r6a.48xlarge,r6a,48xlarge,"ap-southeast-2, ap-southeast-2a, ap-southeast-2b, ap-southeast-2c",false,false,false,nitro,192,x86_64,96,"8,12,16,20,24,28,32,64,96",2,"1,2",3.6,1536,0,-,-,0,supported,default,50 Gigabit,required,15,50,50,true,"cluster, partition, spread",0,0,true,supported,ebs,true,-,-,true,40000,240000,5000,40000,240000,5000,true,13.0464 USD per Hour,13.3824 USD per Hour,13.1714 USD per Hour,21.8784 USD per Hour,14.8896 USD per Hour,,,,,,,,,,
m6g.4xlarge,m6g,4xlarge,"ap-southeast-2, ap-southeast-2a, ap-southeast-2b, ap-southeast-2c",false,false,false,nitro,16,arm64,16,"1,2,3,4,5,6,7,8,9,10,11,12,13,14,15,16",1,1,2.5,64,0,-,-,0,supported,default,Up to 10 Gigabit,required,8,30,30,true,"cluster, partition, spread",0,0,true,supported,ebs,true,true,-,true,4750,20000,593.75,4750,20000,593.75,false,0.768 USD per Hour,0.796 USD per Hour,0.893 USD per Hour,,0.9408 USD per Hour,,,,,,,,,,
m6g.8xlarge,m6g,8xlarge,"ap-southeast-2, ap-southeast-2a, ap-southeast-2b, ap-southeast-2c",false,false,false,nitro,32,arm64,32,"1,2,3,4,5,6,7,8,9,10,11,12,13,14,15,16,17,18,19,20,21,22,23,24,25,26,27,28,29,30,31,32",1,1,2.5,128,0,-,-,0,supported,default,12 Gigabit,required,8,30,30,true,"cluster, partition, spread",0,0,true,supported,ebs,true,true,-,true,9500,40000,1187.5,9500,40000,1187.5,false,1.536 USD per Hour,1.592 USD per Hour,1.661 USD per Hour,,1.8816 USD per Hour,,,,,,,,,,
r5dn.metal,r5dn,metal,"ap-southeast-2, ap-southeast-2a, ap-southeast-2b, ap-southeast-2c",false,false,true,,96,x86_64,48,-,2,-,3.1,768,3600,true,ssd,4,supported,default,100 Gigabit,required,15,50,50,true,"cluster, partition, spread",0,0,-,unsupported,ebs,true,-,-,true,19000,80000,2375,19000,80000,2375,false,9.792 USD per Hour,9.96 USD per Hour,9.917 USD per Hour,14.208 USD per Hour,10.8288 USD per Hour,,,,,,,,,,
m7gd.metal,m7gd,metal,"ap-southeast-2, ap-southeast-2a, ap-southeast-2b, ap-southeast-2c",false,false,true,,64,arm64,64,-,1,-,2.6,256,3800,true,ssd,2,supported,default,30 Gigabit,required,15,50,50,true,"cluster, partition, spread",0,0,-,unsupported,ebs,true,-,-,true,20000,80000,2500,20000,80000,2500,true,4.2941 USD per Hour,4.4061 USD per Hour,4.4191 USD per Hour,,4.9853 USD per Hour,,,,,,,,,,
r5ad.large,r5ad,large,"ap-southeast-2, ap-southeast-2a, ap-southeast-2b, ap-southeast-2c",false,false,false,nitro,2,x86_64,1,1,2,"1,2",2.2,16,75,true,ssd,1,supported,default,Up to 10 Gigabit,required,3,10,10,true,"cluster, partition, spread",0,0,-,unsupported,ebs,-,true,-,true,650,3600,81.25,2880,16000,360,false,0.159 USD per Hour,0.163 USD per Hour,0.215 USD per Hour,0.251 USD per Hour,0.188 USD per Hour,,,,,,,,,,
m7gd.4xlarge,m7gd,4xlarge,"ap-southeast-2, ap-southeast-2a, ap-southeast-2b, ap-southeast-2c",false,false,false,nitro,16,arm64,16,"1,2,3,4,5,6,7,8,9,10,11,12,13,14,15,16",1,1,2.6,64,950,true,ssd,1,supported,default,Up to 15 Gigabit,required,8,30,30,true,"cluster, partition, spread",0,0,-,unsupported,ebs,true,true,-,true,5000,20000,625,10000,40000,1250,false,1.0735 USD per Hour,1.1015 USD per Hour,1.1985 USD per Hour,,1.2463 USD per Hour,,,,,,,,,,
c7i.xlarge,c7i,xlarge,"ap-southeast-2, ap-southeast-2a, ap-southeast-2b, ap-southeast-2c",false,false,false,nitro,4,x86_64,2,"1,2",2,"1,2",3.2,8,0,-,-,0,supported,default,Up to 12.5 Gigabit,required,4,15,15,true,"cluster, partition, spread",0,0,true,supported,ebs,true,true,-,true,1250,6000,156.25,10000,40000,1250,false,0.2331 USD per Hour,0.2401 USD per Hour,0.2894 USD per Hour,0.4171 USD per Hour,0.2907 USD per Hour,,,,,,,,,,
c5d.18xlarge,c5d,18xlarge,"ap-southeast-2, ap-southeast-2a, ap-southeast-2b, ap-southeast-2c",false,false,false,nitro,72,x86_64,36,"4,6,8,10,12,14,16,18,20,22,24,26,28,30,32,34,36",2,"1,2",3.4,144,1800,true,ssd,2,supported,default,25 Gigabit,required,15,50,50,true,"cluster, partition, spread",0,0,-,unsupported,ebs,true,true,-,true,19000,80000,2375,19000,80000,2375,false,4.536 USD per Hour,4.662 USD per Hour,4.636 USD per Hour,7.848 USD per Hour,5.314 USD per Hour,,,,,,,,,,
c5a.2xlarge,c5a,2xlarge,"ap-southeast-2, ap-southeast-2a, ap-southeast-2b, ap-southeast-2c",false,false,false,nitro,8,x86_64,4,"1,2,3,4",2,"1,2",3.3,16,0,-,-,0,supported,default,Up to 10 Gigabit,required,4,15,15,true,"cluster, partition, spread",0,0,true,supported,ebs,-,-,-,true,800,3200,100,3170,13300,396.25,false,0.4 USD per Hour,0.414 USD per Hour,0.525 USD per Hour,0.768 USD per Hour,0.515 USD per Hour,,,,,,,,,,
r7i.2xlarge,r7i,2xlarge,"ap-southeast-2, ap-southeast-2a, ap-southeast-2b, ap-southeast-2c",false,false,false,nitro,8,x86_64,4,"1,2,3,4",2,"1,2",3.2,64,0,-,-,0,supported,default,Up to 12.5 Gigabit,required,4,15,15,true,"cluster, partition, spread",0,0,true,supported,ebs,true,true,-,true,2500,12000,312.5,10000,40000,1250,false,0.6342 USD per Hour,0.6482 USD per Hour,0.7592 USD per Hour,1.0022 USD per Hour,0.7494 USD per Hour,,,,,,,,,,
c7i-flex.4xlarge,c7i-flex,4xlarge,"ap-southeast-2, ap-southeast-2a, ap-southeast-2b, ap-southeast-2c",false,false,false,nitro,16,x86_64,8,"1,2,3,4,5,6,7,8",2,"1,2",3.2,32,0,-,-,0,supported,default,Up to 12.5 Gigabit,required,8,30,30,true,"partition, spread",0,0,true,supported,ebs,-,true,-,true,2500,12000,312.5,10000,40000,1250,false,0.88578 USD per Hour,0.91378 USD per Hour,1.01078 USD per Hour,1.58498 USD per Hour,1.05858 USD per Hour,,,,,,,,,,
r7i.12xlarge,r7i,12xlarge,"ap-southeast-2, ap-southeast-2a, ap-southeast-2b, ap-southeast-2c",false,false,false,nitro,48,x86_64,24,"1,2,3,4,5,6,7,8,9,10,11,12,13,14,15,16,17,18,19,20,21,22,23,24",2,"1,2",3.2,384,0,-,-,0,supported,default,18.75 Gigabit,required,8,30,30,true,"cluster, partition, spread",0,0,true,supported,ebs,true,-,-,true,15000,60000,1875,15000,60000,1875,true,3.8052 USD per Hour,3.8892 USD per Hour,3.9302 USD per Hour,6.0132 USD per Hour,4.3236 USD per Hour,,,,,,,,,,
c7i-flex.12xlarge,c7i-flex,12xlarge,"ap-southeast-2, ap-southeast-2a, ap-southeast-2b, ap-southeast-2c",false,false,false,nitro,48,x86_64,24,"1,2,3,4,5,6,7,8,9,10,11,12,13,14,15,16,17,18,19,20,21,22,23,24",2,"1,2",3.2,96,0,-,-,0,supported,default,Up to 18.75 Gigabit,required,8,30,30,true,"partition, spread",0,0,true,supported,ebs,-,true,-,true,7500,30000,937.5,15000,60000,1875,false,2.65734 USD per Hour,2.74134 USD per Hour,2.78234 USD per Hour,4.86534 USD per Hour,3.17574 USD per Hour,,,,,,,,,,
m4.large,m4,large,"ap-southeast-2, ap-southeast-2a, ap-southeast-2b, ap-southeast-2c",false,false,false,xen,2,x86_64,1,1,2,"1,2",2.4,8,0,-,-,0,supported,default,Moderate,unsupported,2,10,10,true,"cluster, partition, spread",0,0,true,supported,ebs,true,true,-,false,450,3600,56.25,450,3600,56.25,false,0.125 USD per Hour,0.1285 USD per Hour,0.225 USD per Hour,0.217 USD per Hour,0.1538 USD per Hour,,,,,,,,,,
m6i.32xlarge,m6i,32xlarge,"ap-southeast-2, ap-southeast-2a, ap-southeast-2b, ap-southeast-2c",false,false,false,nitro,128,x86_64,64,"2,4,6,8,10,12,14,16,18,20,22,24,26,28,30,32,34,36,38,40,42,44,46,48,50,52,54,56,58,60,62,64",2,"1,2",3.5,512,0,-,-,0,supported,default,50 Gigabit,required,15,50,50,true,"cluster, partition, spread",0,0,true,supported,ebs,true,-,-,true,40000,160000,5000,40000,160000,5000,true,7.68 USD per Hour,7.904 USD per Hour,7.805 USD per Hour,13.568 USD per Hour,8.9088 USD per Hour,,,,,,,,,,
p5.48xlarge,p5,48xlarge,"ap-southeast-2, ap-southeast-2a, ap-southeast-2b, ap-southeast-2c",false,false,false,nitro,192,x86_64,96,"12,24,36,48,60,72,84,96",2,"1,2",3.6,2048,30400,true,ssd,8,supported,default,3200 Gigabit,required,64,50,50,true,"cluster, partition, spread",8,0,-,unsupported,ebs,-,-,-,true,80000,260000,10000,80000,260000,10000,true,71.552 USD per Hour,71.888 USD per Hour,71.677 USD per Hour,,73.3952 USD per Hour,,,,,,,,,,
c7gd.xlarge,c7gd,xlarge,"ap-southeast-2, ap-southeast-2a, ap-southeast-2b, ap-southeast-2c",false,false,false,nitro,4,arm64,4,"1,2,3,4",1,1,2.6,8,237,true,ssd,1,supported,default,Up to 12.5 Gigabit,required,4,15,15,true,"cluster, partition, spread",0,0,-,unsupported,ebs,true,true,-,true,1250,6000,156.25039999999998,10000,40000,1250,false,0.2382 USD per Hour,0.2452 USD per Hour,0.2945 USD per Hour,,0.2958 USD per Hour,,,,,,,,,,
i4g.2xlarge,i4g,2xlarge,"ap-southeast-2, ap-southeast-2a, ap-southeast-2b, ap-southeast-2c",false,false,false,nitro,8,arm64,8,"1,2,3,4,5,6,7,8",1,1,2.5,64,1875,true,ssd,1,supported,default,Up to 12 Gigabit,required,4,15,15,true,"cluster, partition, spread",0,0,-,unsupported,ebs,true,true,-,true,2500,10000,312.5,10000,40000,1250,false,0.74052 USD per Hour,0.75452 USD per Hour,0.86552 USD per Hour,,0.85572 USD per Hour,,,,,,,,,,
m3.xlarge,m3,xlarge,"ap-southeast-2, ap-southeast-2a, ap-southeast-2b, ap-southeast-2c",false,false,false,xen,4,x86_64,2,"1,2",2,"1,2",2.5,15,80,true,ssd,2,supported,supported,High,unsupported,4,15,0,-,"partition, spread",0,0,true,unsupported,"ebs, instance-store",true,true,-,false,500,4000,62.5,500,4000,62.5,false,0.372 USD per Hour,0.379 USD per Hour,0.472 USD per Hour,0.624 USD per Hour,0.43 USD per Hour,,,,,,,,,,
m1.xlarge,m1,xlarge,"ap-southeast-2, ap-southeast-2a, ap-southeast-2b",false,false,false,xen,4,x86_64,4,-,1,-,,15,1680,true,hdd,4,supported,supported,High,unsupported,4,15,0,-,"partition, spread",0,0,-,unsupported,"ebs, instance-store",-,-,-,false,1000,8000,125,1000,8000,125,false,0.467 USD per Hour,,0.567 USD per Hour,0.747 USD per Hour,0.525 USD per Hour,,,,,,,,,,
c6a.metal,c6a,metal,"ap-southeast-2, ap-southeast-2a, ap-southeast-2b, ap-southeast-2c",false,false,true,,192,x86_64,96,-,2,-,3.6,384,0,-,-,0,supported,default,50 Gigabit,required,15,50,50,true,"cluster, partition, spread",0,0,true,supported,ebs,true,-,-,true,40000,240000,5000,40000,240000,5000,true,9.5904 USD per Hour,9.9264 USD per Hour,9.7154 USD per Hour,18.4224 USD per Hour,11.4336 USD per Hour,,,,,,,,,,
u7in-16tb.224xlarge,u7in-16tb,224xlarge,"ap-southeast-2, ap-southeast-2a, ap-southeast-2b, ap-southeast-2c",false,false,false,nitro,896,x86_64,448,"16,24,32,40,48,56,64,72,80,88,96,104,112,120,128,136,144,152,160,168,176,184,192,200,208,216,224,232,240,248,256,264,272,280,288,296,304,312,320,328,336,344,352,360,368,376,384,392,400,408,416,424,432,440,448",2,"1,2",1.9,16384,0,-,-,0,supported,default,200 Gigabit,required,16,50,50,true,"cluster, partition, spread",0,0,true,supported,ebs,true,-,-,true,100000,420000,12500,100000,420000,12500,true,216.28384 USD per Hour,217.85184 USD per Hour,216.40884 USD per Hour,257.49984 USD per Hour,224.88544 USD per Hour,,,,,,,,,,
r5.16xlarge,r5,16xlarge,"ap-southeast-2, ap-southeast-2a, ap-southeast-2b, ap-southeast-2c",false,false,false,nitro,64,x86_64,32,"2,4,6,8,10,12,14,16,18,20,22,24,26,28,30,32",2,"1,2",3.1,512,0,-,-,0,supported,default,20 Gigabit,required,15,50,50,true,"cluster, partition, spread",0,0,true,supported,ebs,true,-,-,true,13600,60000,1700,13600,60000,1700,false,4.832 USD per Hour,4.944 USD per Hour,4.957 USD per Hour,7.776 USD per Hour,5.523 USD per Hour,,,,,,,,,,
c7i-flex.xlarge,c7i-flex,xlarge,"ap-southeast-2, ap-southeast-2a, ap-southeast-2b, ap-southeast-2c",false,false,false,nitro,4,x86_64,2,"1,2",2,"1,2",3.2,8,0,-,-,0,supported,default,Up to 12.5 Gigabit,required,4,15,15,true,"partition, spread",0,0,true,supported,ebs,-,true,-,true,625,3600,78.125,10000,40000,1250,false,0.22145 USD per Hour,0.22845 USD per Hour,0.27775 USD per Hour,0.39625 USD per Hour,0.27905 USD per Hour,,,,,,,,,,
r5a.4xlarge,r5a,4xlarge,"ap-southeast-2, ap-southeast-2a, ap-southeast-2b, ap-southeast-2c",false,false,false,nitro,16,x86_64,8,"2,4,6,8",2,"1,2",2.5,128,0,-,-,0,supported,default,Up to 10 Gigabit,required,8,30,30,true,"cluster, partition, spread",0,0,true,supported,ebs,-,true,-,true,2880,16000,360,2880,16000,360,false,1.088 USD per Hour,1.116 USD per Hour,1.213 USD per Hour,1.824 USD per Hour,1.261 USD per Hour,,,,,,,,,,
r6gd.4xlarge,r6gd,4xlarge,"ap-southeast-2, ap-southeast-2a, ap-southeast-2b, ap-southeast-2c",false,false,false,nitro,16,arm64,16,"1,2,3,4,5,6,7,8,9,10,11,12,13,14,15,16",1,1,2.5,128,950,true,ssd,1,supported,default,Up to 10 Gigabit,required,8,30,30,true,"cluster, partition, spread",0,0,-,unsupported,ebs,true,true,-,true,4750,20000,593.75,4750,20000,593.75,false,1.112 USD per Hour,1.14 USD per Hour,1.237 USD per Hour,,1.2848 USD per Hour,,,,,,,,,,
i7ie.48xlarge,i7ie,48xlarge,"ap-southeast-2, ap-southeast-2a, ap-southeast-2b, ap-southeast-2c",false,false,false,nitro,192,x86_64,96,"4,6,8,10,12,14,16,18,20,22,24,26,28,30,32,34,36,38,40,42,44,46,48,50,52,54,56,58,60,62,64,66,68,70,72,74,76,78,80,82,84,86,88,90,92,94,96",2,"1,2",3.6,1536,120000,true,ssd,16,supported,default,100 Gigabit,required,15,50,50,true,"cluster, partition, spread",0,0,-,unsupported,ebs,true,-,-,true,60000,240000,7500,60000,240000,7500,true,29.9184 USD per Hour,30.2544 USD per Hour,30.0434 USD per Hour,38.7504 USD per Hour,31.7616 USD per Hour,,,,,,,,,,
i2.xlarge,i2,xlarge,"ap-southeast-2, ap-southeast-2a, ap-southeast-2b, ap-southeast-2c",false,false,false,xen,4,x86_64,2,"1,2",2,"1,2",2.5,30.5,800,true,ssd,1,supported,supported,Moderate,unsupported,4,15,15,true,"cluster, partition, spread",0,0,-,unsupported,"ebs, instance-store",true,-,-,false,500,4000,62.5,500,4000,62.5,false,1.018 USD per Hour,,1.118 USD per Hour,1.169 USD per Hour,1.076 USD per Hour,,,,,,,,,,
m4.16xlarge,m4,16xlarge,"ap-southeast-2, ap-southeast-2a, ap-southeast-2b, ap-southeast-2c",false,false,false,xen,64,x86_64,32,"2,4,6,8,10,12,14,16,18,20,22,24,26,28,30,32",2,"1,2",2.3,256,0,-,-,0,supported,default,25 Gigabit,supported,8,30,30,true,"cluster, partition, spread",0,0,true,supported,ebs,-,-,-,false,10000,65000,1250,10000,65000,1250,false,4 USD per Hour,4.112 USD per Hour,4.1 USD per Hour,6.944 USD per Hour,4.6912 USD per Hour,,,,,,,,,,
r8g.48xlarge,r8g,48xlarge,"ap-southeast-2, ap-southeast-2a, ap-southeast-2b, ap-southeast-2c",false,false,false,nitro,192,arm64,192,"4,6,8,10,12,14,16,18,20,22,24,26,28,30,32,34,36,38,40,42,44,46,48,50,52,54,56,58,60,62,64,66,68,70,72,74,76,78,80,82,84,86,88,90,92,94,96,98,100,102,104,106,108,110,112,114,116,118,120,122,124,126,128,130,132,134,136,138,140,142,144,146,148,150,152,154,156,158,160,162,164,166,168,170,172,174,176,178,180,182,184,186,188,190,192",1,1,2.7,1536,0,-,-,0,supported,default,50 Gigabit,required,15,50,50,true,"cluster, partition, spread",0,0,true,supported,ebs,true,-,-,true,40000,240000,5000,40000,240000,5000,true,13.5552 USD per Hour,13.8912 USD per Hour,13.6802 USD per Hour,,15.3984 USD per Hour,,,,,,,,,,
t4g.large,t4g,large,"ap-southeast-2, ap-southeast-2a, ap-southeast-2b, ap-southeast-2c",false,false,false,nitro,2,arm64,2,"1,2",1,1,2.5,8,0,-,-,0,supported,default,Up to 5 Gigabit,required,3,12,12,true,"partition, spread",0,0,true,supported,ebs,-,true,true,true,695,4000,86.875,2780,15700,347.5,false,0.0848 USD per Hour,0.0883 USD per Hour,0.1411 USD per Hour,,0.1136 USD per Hour,,,,,,,,,,
i4g.16xlarge,i4g,16xlarge,"ap-southeast-2, ap-southeast-2a, ap-southeast-2b, ap-southeast-2c",false,false,false,nitro,64,arm64,64,"1,2,3,4,5,6,7,8,9,10,11,12,13,14,15,16,17,18,19,20,21,22,23,24,25,26,27,28,29,30,31,32,33,34,35,36,37,38,39,40,41,42,43,44,45,46,47,48,49,50,51,52,53,54,55,56,57,58,59,60,61,62,63,64",1,1,2.5,512,15000,true,ssd,4,supported,default,37.5 Gigabit,required,15,50,50,true,"cluster, partition, spread",0,0,-,unsupported,ebs,true,-,-,true,20000,80000,2500,20000,80000,2500,true,5.92416 USD per Hour,6.03616 USD per Hour,6.04916 USD per Hour,,6.61536 USD per Hour,,,,,,,,,,
r5.metal,r5,metal,"ap-southeast-2, ap-southeast-2a, ap-southeast-2b, ap-southeast-2c",false,false,true,,96,x86_64,48,-,2,-,3.1,768,0,-,-,0,supported,default,25 Gigabit,required,15,50,50,true,"cluster, partition, spread",0,0,true,supported,ebs,true,-,-,true,19000,80000,2375,19000,80000,2375,false,7.248 USD per Hour,7.416 USD per Hour,7.373 USD per Hour,11.664 USD per Hour,8.285 USD per Hour,,,,,,,,,,
r5n.24xlarge,r5n,24xlarge,"ap-southeast-2, ap-southeast-2a, ap-southeast-2b, ap-southeast-2c",false,false,false,nitro,96,x86_64,48,"2,4,6,8,10,12,14,16,18,20,22,24,26,28,30,32,34,36,38,40,42,44,46,48",2,"1,2",3.1,768,0,-,-,0,supported,default,100 Gigabit,required,15,50,50,true,"cluster, partition, spread",0,0,true,supported,ebs,true,-,-,true,19000,80000,2375,19000,80000,2375,false,8.688 USD per Hour,8.856 USD per Hour,8.813 USD per Hour,13.104 USD per Hour,9.725 USD per Hour,,,,,,,,,,
r3.2xlarge,r3,2xlarge,"ap-southeast-2, ap-southeast-2a, ap-southeast-2b, ap-southeast-2c",false,false,false,xen,8,x86_64,4,"1,2,3,4",2,"1,2",2.5,61,160,true,ssd,1,supported,supported,High,unsupported,4,15,15,true,"cluster, partition, spread",0,0,true,unsupported,"ebs, instance-store",true,true,-,false,1000,8000,125,1000,8000,125,false,0.798 USD per Hour,,0.898 USD per Hour,1.25 USD per Hour,0.915 USD per Hour,,,,,,,,,,
m6i.metal,m6i,metal,"ap-southeast-2, ap-southeast-2a, ap-southeast-2b, ap-southeast-2c",false,false,true,,128,x86_64,64,-,2,-,3.5,512,0,-,-,0,supported,default,50 Gigabit,required,15,50,50,true,"cluster, partition, spread",0,0,true,supported,ebs,true,-,-,true,40000,160000,5000,40000,160000,5000,true,7.68 USD per Hour,7.904 USD per Hour,7.805 USD per Hour,13.568 USD per Hour,8.9088 USD per Hour,,,,,,,,,,
r5d.2xlarge,r5d,2xlarge,"ap-southeast-2, ap-southeast-2a, ap-southeast-2b, ap-southeast-2c",false,false,false,nitro,8,x86_64,4,"2,4",2,"1,2",3.1,64,300,true,ssd,1,supported,default,Up to 10 Gigabit,required,4,15,15,true,"cluster, partition, spread",0,0,-,unsupported,ebs,true,true,-,true,2300,12000,287.5,4750,18750,593.75,false,0.696 USD per Hour,0.71 USD per Hour,0.821 USD per Hour,1.064 USD per Hour,0.811 USD per Hour,,,,,,,,,,
c6a.12xlarge,c6a,12xlarge,"ap-southeast-2, ap-southeast-2a, ap-southeast-2b, ap-southeast-2c",false,false,false,nitro,48,x86_64,24,"1,2,3,4,5,6,7,8,16,24",2,"1,2",3.6,96,0,-,-,0,supported,default,18.75 Gigabit,required,8,30,30,true,"cluster, partition, spread",0,0,true,supported,ebs,true,-,-,true,15000,60000,1875,15000,60000,1875,true,2.3976 USD per Hour,2.4816 USD per Hour,2.5226 USD per Hour,4.6056 USD per Hour,2.916 USD per Hour,,,,,,,,,,
m8g.xlarge,m8g,xlarge,"ap-southeast-2, ap-southeast-2a, ap-southeast-2b, ap-southeast-2c",false,false,false,nitro,4,arm64,4,"1,2,3,4",1,1,2.8,16,0,-,-,0,supported,default,Up to 12.5 Gigabit,required,4,15,15,true,"cluster, partition, spread",0,0,true,supported,ebs,true,true,-,true,1250,6000,156.25,10000,40000,1250,false,0.2244 USD per Hour,0.2314 USD per Hour,0.2807 USD per Hour,,0.282 USD per Hour,,,,,,,,,,
g5.12xlarge,g5,12xlarge,"ap-southeast-2, ap-southeast-2a, ap-southeast-2c",false,false,false,nitro,48,x86_64,24,-,2,-,3.3,192,3800,true,ssd,1,supported,default,40 Gigabit,required,15,50,50,true,"cluster, partition, spread",4,0,-,unsupported,ebs,-,-,-,true,16000,65000,2000,16000,65000,2000,false,7.37473 USD per Hour,7.45873 USD per Hour,7.49973 USD per Hour,9.58273 USD per Hour,7.89313 USD per Hour,,,,,,,,,,
p4d.24xlarge,p4d,24xlarge,"ap-southeast-2, ap-southeast-2a, ap-southeast-2c",false,false,false,nitro,96,x86_64,48,"2,4,6,8,10,12,14,16,18,20,22,24,26,28,30,32,34,36,38,40,42,44,46,48",2,"1,2",3,1152,8000,true,ssd,8,supported,default,4x 100 Gigabit,required,60,50,50,true,"cluster, partition, spread",8,0,-,unsupported,ebs,true,-,-,true,19000,80000,2375,19000,80000,2375,false,28.54493 USD per Hour,28.71293 USD per Hour,28.66993 USD per Hour,,29.58173 USD per Hour,,,,,,,,,,
r5b.xlarge,r5b,xlarge,"ap-southeast-2, ap-southeast-2a, ap-southeast-2b, ap-southeast-2c",false,false,false,nitro,4,x86_64,2,"1,2",2,"1,2",3.1,32,0,-,-,0,supported,default,Up to 10 Gigabit,required,4,15,15,true,"cluster, partition, spread",0,0,true,supported,ebs,true,-,-,true,2500,10833,312.5,10000,43333,1250,false,0.362 USD per Hour,0.369 USD per Hour,0.4183 USD per Hour,0.546 USD per Hour,0.4196 USD per Hour,,,,,,,,,,
i4i.2xlarge,i4i,2xlarge,"ap-southeast-2, ap-southeast-2a, ap-southeast-2b, ap-southeast-2c",false,false,false,nitro,8,x86_64,4,"1,2,3,4",2,"1,2",3.5,64,1875,true,ssd,1,supported,default,Up to 12 Gigabit,required,4,15,15,true,"cluster, partition, spread",0,0,-,unsupported,ebs,true,-,-,true,2500,10000,312.5,10000,40000,1250,false,0.823 USD per Hour,0.837 USD per Hour,0.948 USD per Hour,1.191 USD per Hour,0.938 USD per Hour,,,,,,,,,,
m5d.24xlarge,m5d,24xlarge,"ap-southeast-2, ap-southeast-2a, ap-southeast-2b, ap-southeast-2c",false,false,false,nitro,96,x86_64,48,"4,6,8,10,12,14,16,18,20,22,24,26,28,30,32,34,36,38,40,42,44,46,48",2,"1,2",3.1,384,3600,true,ssd,4,supported,default,25 Gigabit,required,15,50,50,true,"cluster, partition, spread",0,0,-,unsupported,ebs,true,-,-,true,19000,80000,2375,19000,80000,2375,false,6.816 USD per Hour,6.984 USD per Hour,6.916 USD per Hour,11.232 USD per Hour,7.853 USD per Hour,,,,,,,,,,
r5n.16xlarge,r5n,16xlarge,"ap-southeast-2, ap-southeast-2a, ap-southeast-2b, ap-southeast-2c",false,false,false,nitro,64,x86_64,32,"2,4,6,8,10,12,14,16,18,20,22,24,26,28,30,32",2,"1,2",3.1,512,0,-,-,0,supported,default,75 Gigabit,required,15,50,50,true,"cluster, partition, spread",0,0,true,supported,ebs,true,-,-,true,13600,60000,1700,13600,60000,1700,false,5.792 USD per Hour,5.904 USD per Hour,5.917 USD per Hour,8.736 USD per Hour,6.483 USD per Hour,,,,,,,,,,
r5dn.xlarge,r5dn,xlarge,"ap-southeast-2, ap-southeast-2a, ap-southeast-2b, ap-southeast-2c",false,false,false,nitro,4,x86_64,2,"1,2",2,"1,2",3.1,32,150,true,ssd,1,supported,default,Up to 25 Gigabit,required,4,15,15,true,"cluster, partition, spread",0,0,-,unsupported,ebs,true,-,-,true,1150,6000,143.75,4750,18750,593.75,false,0.408 USD per Hour,0.415 USD per Hour,0.4643 USD per Hour,0.592 USD per Hour,0.4656 USD per Hour,,,,,,,,,,
m6in.metal,m6in,metal,"ap-southeast-2, ap-southeast-2a, ap-southeast-2b, ap-southeast-2c",false,false,true,,128,x86_64,64,-,2,-,3.5,512,0,-,-,0,supported,default,200 Gigabit,required,16,50,50,true,"cluster, partition, spread",0,0,true,supported,ebs,true,-,-,true,100000,400000,12500,100000,400000,12500,true,11.232 USD per Hour,11.456 USD per Hour,11.357 USD per Hour,17.12 USD per Hour,12.4608 USD per Hour,,,,,,,,,,
g3.4xlarge,g3,4xlarge,"ap-southeast-2, ap-southeast-2a, ap-southeast-2b, ap-southeast-2c",false,false,false,xen,16,x86_64,8,"1,2,3,4,5,6,7,8",2,"1,2",2.7,122,0,-,-,0,supported,default,Up to 10 Gigabit,supported,8,30,30,true,"cluster, partition, spread",1,0,true,supported,ebs,true,-,-,false,3500,20000,437.5,3500,20000,437.5,false,1.754 USD per Hour,1.782 USD per Hour,1.854 USD per Hour,2.49 USD per Hour,1.9268 USD per Hour,,,,,,,,,,
m6idn.32xlarge,m6idn,32xlarge,"ap-southeast-2, ap-southeast-2a, ap-southeast-2b, ap-southeast-2c",false,false,false,nitro,128,x86_64,64,"4,6,8,10,12,14,16,18,20,22,24,26,28,30,32,34,36,38,40,42,44,46,48,50,52,54,56,58,60,62,64",2,"1,2",3.5,512,7600,true,ssd,4,supported,default,200 Gigabit,required,16,50,50,true,"cluster, partition, spread",0,0,-,unsupported,ebs,true,-,-,true,100000,400000,12500,100000,400000,12500,true,12.87936 USD per Hour,13.10336 USD per Hour,13.00436 USD per Hour,18.76736 USD per Hour,14.10816 USD per Hour,,,,,,,,,,
r5b.4xlarge,r5b,4xlarge,"ap-southeast-2, ap-southeast-2a, ap-southeast-2b, ap-southeast-2c",false,false,false,nitro,16,x86_64,8,"2,4,6,8",2,"1,2",3.1,128,0,-,-,0,supported,default,Up to 10 Gigabit,required,8,30,30,true,"cluster, partition, spread",0,0,true,supported,ebs,true,-,-,true,10000,43333,1250,10000,43333,1250,false,1.448 USD per Hour,1.476 USD per Hour,1.573 USD per Hour,2.184 USD per Hour,1.6208 USD per Hour,,,,,,,,,,
m6i.4xlarge,m6i,4xlarge,"ap-southeast-2, ap-southeast-2a, ap-southeast-2b, ap-southeast-2c",false,false,false,nitro,16,x86_64,8,"2,4,6,8",2,"1,2",3.5,64,0,-,-,0,supported,default,Up to 12.5 Gigabit,required,8,30,30,true,"cluster, partition, spread",0,0,true,supported,ebs,true,true,-,true,5000,20000,625,10000,40000,1250,false,0.96 USD per Hour,0.988 USD per Hour,1.085 USD per Hour,1.696 USD per Hour,1.1328 USD per Hour,,,,,,,,,,
i7ie.metal-24xl,i7ie,metal-24xl,"ap-southeast-2, ap-southeast-2a, ap-southeast-2b, ap-southeast-2c",false,false,true,,96,x86_64,48,-,2,-,3.6,768,60000,true,ssd,8,supported,default,Up to 100 Gigabit,required,15,50,50,true,"cluster, partition, spread",0,0,-,unsupported,ebs,true,-,-,true,30000,120000,3750,30000,120000,3750,true,14.9592 USD per Hour,15.1272 USD per Hour,15.0842 USD per Hour,19.3752 USD per Hour,15.996 USD per Hour,,,,,,,,,,
c5a.24xlarge,c5a,24xlarge,"ap-southeast-2, ap-southeast-2a, ap-southeast-2b, ap-southeast-2c",false,false,false,nitro,96,x86_64,48,"1,2,3,4,8,12,16,20,24,28,32,36,40,44,48",2,"1,2",3.3,192,0,-,-,0,supported,default,20 Gigabit,required,15,50,50,true,"cluster, partition, spread",0,0,true,supported,ebs,-,-,-,true,9500,40000,1187.5,9500,40000,1187.5,false,4.8 USD per Hour,4.968 USD per Hour,4.925 USD per Hour,9.216 USD per Hour,5.837 USD per Hour,,,,,,,,,,
r5d.xlarge,r5d,xlarge,"ap-southeast-2, ap-southeast-2a, ap-southeast-2b, ap-southeast-2c",false,false,false,nitro,4,x86_64,2,2,2,"1,2",3.1,32,150,true,ssd,1,supported,default,Up to 10 Gigabit,required,4,15,15,true,"cluster, partition, spread",0,0,-,unsupported,ebs,true,true,-,true,1150,6000,143.75,4750,18750,593.75,false,0.348 USD per Hour,0.355 USD per Hour,0.404 USD per Hour,0.532 USD per Hour,0.406 USD per Hour,,,,,,,,,,
r6a.4xlarge,r6a,4xlarge,"ap-southeast-2, ap-southeast-2a, ap-southeast-2b, ap-southeast-2c",false,false,false,nitro,16,x86_64,8,"1,2,3,4,5,6,7,8",2,"1,2",3.6,128,0,-,-,0,supported,default,Up to 12.5 Gigabit,required,8,30,30,true,"cluster, partition, spread",0,0,true,supported,ebs,true,true,-,true,5000,20000,625,10000,40000,1250,false,1.0872 USD per Hour,1.1152 USD per Hour,1.2122 USD per Hour,1.8232 USD per Hour,1.26 USD per Hour,,,,,,,,,,
m7gd.medium,m7gd,medium,"ap-southeast-2, ap-southeast-2a, ap-southeast-2b, ap-southeast-2c",false,false,false,nitro,1,arm64,1,-,1,-,2.6,4,59,true,ssd,1,supported,default,Up to 12.5 Gigabit,required,2,4,4,true,"cluster, partition, spread",0,0,-,unsupported,ebs,true,true,-,true,315,2500,39.375,10000,40000,1250,false,0.0671 USD per Hour,0.0688 USD per Hour,0.1234 USD per Hour,,0.0815 USD per Hour,,,,,,,,,,
r5b.24xlarge,r5b,24xlarge,"ap-southeast-2, ap-southeast-2a, ap-southeast-2b, ap-southeast-2c",false,false,false,nitro,96,x86_64,48,"2,4,6,8,10,12,14,16,18,20,22,24,26,28,30,32,34,36,38,40,42,44,46,48",2,"1,2",3.1,768,0,-,-,0,supported,default,25 Gigabit,required,15,50,50,true,"cluster, partition, spread",0,0,true,supported,ebs,true,-,-,true,60000,260000,7500,60000,260000,7500,false,8.688 USD per Hour,8.856 USD per Hour,8.813 USD per Hour,13.104 USD per Hour,9.7248 USD per Hour,,,,,,,,,,
u-6tb1.56xlarge,u-6tb1,56xlarge,"ap-southeast-2, ap-southeast-2a, ap-southeast-2b, ap-southeast-2c",false,false,false,nitro,224,x86_64,224,"16,24,32,40,48,56,64,72,80,88,96,104,112,120,128,136,144,152,160,168,176,184,192,200,208,216,224",1,1,2.1,6144,0,-,-,0,supported,default,100 Gigabit,required,15,50,50,true,"cluster, partition, spread",0,0,true,supported,ebs,true,-,-,true,38000,160000,4750,38000,160000,4750,false,55.61075 USD per Hour,56.00275 USD per Hour,55.73575 USD per Hour,65.91475 USD per Hour,57.76115 USD per Hour,,,,,,,,,,
inf1.6xlarge,inf1,6xlarge,"ap-southeast-2, ap-southeast-2a, ap-southeast-2b, ap-southeast-2c",false,false,false,nitro,24,x86_64,12,"2,4,6,8,10,12",2,"1,2",2.5,48,0,-,-,0,supported,default,25 Gigabit,required,8,30,30,true,"cluster, partition, spread",0,0,true,supported,ebs,true,-,-,true,4750,20000,593.75,4750,20000,593.75,false,1.475 USD per Hour,,1.6 USD per Hour,,1.735 USD per Hour,,,,,,,,,,
d3en.4xlarge,d3en,4xlarge,"ap-southeast-2, ap-southeast-2a, ap-southeast-2b, ap-southeast-2c",false,false,false,nitro,16,x86_64,8,"2,4,6,8",2,"1,2",3.1,64,111840,true,hdd,8,supported,default,25 Gigabit,required,4,10,10,true,"cluster, partition, spread",0,0,-,unsupported,ebs,-,-,-,true,2800,15000,350,2800,15000,350,false,2.636 USD per Hour,2.664 USD per Hour,2.761 USD per Hour,3.372 USD per Hour,2.809 USD per Hour,,,,,,,,,,
c7i.24xlarge,c7i,24xlarge,"ap-southeast-2, ap-southeast-2a, ap-southeast-2b, ap-southeast-2c",false,false,false,nitro,96,x86_64,48,"1,2,3,4,5,6,7,8,9,10,11,12,13,14,15,16,17,18,19,20,21,22,23,24,25,26,27,28,29,30,31,32,33,34,35,36,37,38,39,40,41,42,43,44,45,46,47,48",2,"1,2",3.2,192,0,-,-,0,supported,default,37.5 Gigabit,required,15,50,50,true,"cluster, partition, spread",0,0,true,supported,ebs,-,-,-,true,30000,120000,3750,30000,120000,3750,true,5.5944 USD per Hour,5.7624 USD per Hour,5.7194 USD per Hour,10.0104 USD per Hour,6.6312 USD per Hour,,,,,,,,,,
c6in.2xlarge,c6in,2xlarge,"ap-southeast-2, ap-southeast-2a, ap-southeast-2b, ap-southeast-2c",false,false,false,nitro,8,x86_64,4,"1,2,3,4",2,"1,2",3.5,16,0,-,-,0,supported,default,Up to 40 Gigabit,required,4,15,15,true,"cluster, partition, spread",0,0,true,supported,ebs,true,true,-,true,6250,25000,781.25,25000,100000,3125,false,0.5922 USD per Hour,,0.7172 USD per Hour,0.9602 USD per Hour,0.7074 USD per Hour,,,,,,,,,,
r5b.2xlarge,r5b,2xlarge,"ap-southeast-2, ap-southeast-2a, ap-southeast-2b, ap-southeast-2c",false,false,false,nitro,8,x86_64,4,"2,4",2,"1,2",3.1,64,0,-,-,0,supported,default,Up to 10 Gigabit,required,4,15,15,true,"cluster, partition, spread",0,0,true,supported,ebs,true,-,-,true,5000,21667,625,10000,43333,1250,false,0.724 USD per Hour,0.738 USD per Hour,0.849 USD per Hour,1.092 USD per Hour,0.8392 USD per Hour,,,,,,,,,,
m6idn.xlarge,m6idn,xlarge,"ap-southeast-2, ap-southeast-2a, ap-southeast-2b, ap-southeast-2c",false,false,false,nitro,4,x86_64,2,"1,2",2,"1,2",3.5,16,237,true,ssd,1,supported,default,Up to 30 Gigabit,required,4,15,15,true,"cluster, partition, spread",0,0,-,unsupported,ebs,true,true,-,true,3125,12500,390.625,25000,100000,3125,false,0.40248 USD per Hour,0.40948 USD per Hour,0.45878 USD per Hour,0.58648 USD per Hour,0.46008 USD per Hour,,,,,,,,,,
m6in.4xlarge,m6in,4xlarge,"ap-southeast-2, ap-southeast-2a, ap-southeast-2b, ap-southeast-2c",false,false,false,nitro,16,x86_64,8,"1,2,3,4,5,6,7,8",2,"1,2",3.5,64,0,-,-,0,supported,default,Up to 50 Gigabit,required,8,30,30,true,"cluster, partition, spread",0,0,true,supported,ebs,true,true,-,true,12500,50000,1562.5,25000,100000,3125,false,1.404 USD per Hour,1.432 USD per Hour,1.529 USD per Hour,2.14 USD per Hour,1.5768 USD per Hour,,,,,,,,,,
c5d.4xlarge,c5d,4xlarge,"ap-southeast-2, ap-southeast-2a, ap-southeast-2b, ap-southeast-2c",false,false,false,nitro,16,x86_64,8,"2,4,6,8",2,"1,2",3.4,32,400,true,ssd,1,supported,default,Up to 10 Gigabit,required,8,30,30,true,"cluster, partition, spread",0,0,-,unsupported,ebs,true,true,-,true,4750,20000,593.75,4750,20000,593.75,false,1.008 USD per Hour,1.036 USD per Hour,1.108 USD per Hour,1.744 USD per Hour,1.181 USD per Hour,,,,,,,,,,
m7i.48xlarge,m7i,48xlarge,"ap-southeast-2, ap-southeast-2a, ap-southeast-2b, ap-southeast-2c",false,false,false,nitro,192,x86_64,96,"4,6,8,10,12,14,16,18,20,22,24,26,28,30,32,34,36,38,40,42,44,46,48,50,52,54,56,58,60,62,64,66,68,70,72,74,76,78,80,82,84,86,88,90,92,94,96",2,"1,2",3.2,768,0,-,-,0,supported,default,50 Gigabit,required,15,50,50,true,"cluster, partition, spread",0,0,true,supported,ebs,-,-,-,true,40000,240000,5000,40000,240000,5000,true,12.096 USD per Hour,12.432 USD per Hour,12.221 USD per Hour,20.928 USD per Hour,13.9392 USD per Hour,,,,,,,,,,
m5.4xlarge,m5,4xlarge,"ap-southeast-2, ap-southeast-2a, ap-southeast-2b, ap-southeast-2c",false,false,false,nitro,16,x86_64,8,"2,4,6,8",2,"1,2",3.1,64,0,-,-,0,supported,default,Up to 10 Gigabit,required,8,30,30,true,"cluster, partition, spread",0,0,true,supported,ebs,true,true,-,true,4750,18750,593.75,4750,18750,593.75,false,0.96 USD per Hour,0.988 USD per Hour,1.06 USD per Hour,1.696 USD per Hour,1.133 USD per Hour,,,,,,,,,,
d3en.6xlarge,d3en,6xlarge,"ap-southeast-2, ap-southeast-2a, ap-southeast-2b, ap-southeast-2c",false,false,false,nitro,24,x86_64,12,"2,4,6,8,10,12",2,"1,2",3.1,96,167760,true,hdd,12,supported,default,40 Gigabit,required,4,15,15,true,"cluster, partition, spread",0,0,-,unsupported,ebs,-,-,-,true,4000,25000,500,4000,25000,500,false,3.954 USD per Hour,3.996 USD per Hour,4.079 USD per Hour,5.058 USD per Hour,4.213 USD per Hour,,,,,,,,,,
c5.24xlarge,c5,24xlarge,"ap-southeast-2, ap-southeast-2a, ap-southeast-2b, ap-southeast-2c",false,false,false,nitro,96,x86_64,48,"2,4,6,8,10,12,14,16,18,20,22,24,26,28,30,32,34,36,38,40,42,44,46,48",2,"1,2",3.6,192,0,-,-,0,supported,default,25 Gigabit,required,15,50,50,true,"cluster, partition, spread",0,0,true,supported,ebs,-,-,-,true,19000,80000,2375,19000,80000,2375,false,5.328 USD per Hour,5.496 USD per Hour,5.428 USD per Hour,9.744 USD per Hour,6.365 USD per Hour,,,,,,,,,,
c6a.8xlarge,c6a,8xlarge,"ap-southeast-2, ap-southeast-2a, ap-southeast-2b, ap-southeast-2c",false,false,false,nitro,32,x86_64,16,"4,6,8,10,12,14,16",2,"1,2",3.6,64,0,-,-,0,supported,default,12.5 Gigabit,required,8,30,30,true,"cluster, partition, spread",0,0,true,supported,ebs,true,true,-,true,10000,40000,1250,10000,40000,1250,false,1.5984 USD per Hour,1.6544 USD per Hour,1.7234 USD per Hour,3.0704 USD per Hour,1.944 USD per Hour,,,,,,,,,,
c6gn.medium,c6gn,medium,"ap-southeast-2, ap-southeast-2a, ap-southeast-2b, ap-southeast-2c",false,false,false,nitro,1,arm64,1,1,1,1,2.5,2,0,-,-,0,supported,default,Up to 16 Gigabit,required,2,4,4,true,"cluster, partition, spread",0,0,true,supported,ebs,true,true,-,true,760,2500,95,9500,40000,1187.5,false,0.0565 USD per Hour,0.05825 USD per Hour,0.0875 USD per Hour,,0.0709 USD per Hour,,,,,,,,,,
m6g.large,m6g,large,"ap-southeast-2, ap-southeast-2a, ap-southeast-2b, ap-southeast-2c",false,false,false,nitro,2,arm64,2,"1,2",1,1,2.5,8,0,-,-,0,supported,default,Up to 10 Gigabit,required,3,10,10,true,"cluster, partition, spread",0,0,true,supported,ebs,true,true,-,true,630,3600,78.75,4750,20000,593.75,false,0.096 USD per Hour,0.0995 USD per Hour,0.1523 USD per Hour,,0.1248 USD per Hour,,,,,,,,,,
c3.xlarge,c3,xlarge,"ap-southeast-2, ap-southeast-2a, ap-southeast-2b, ap-southeast-2c",false,false,false,xen,4,x86_64,2,"1,2",2,"1,2",2.8,7.5,80,true,ssd,2,supported,supported,Moderate,unsupported,4,15,15,true,"cluster, partition, spread",0,0,true,unsupported,"ebs, instance-store",true,true,-,false,500,4000,62.5,500,4000,62.5,false,0.265 USD per Hour,,0.365 USD per Hour,0.477 USD per Hour,0.322 USD per Hour,,,,,,,,,,
r5d.16xlarge,r5d,16xlarge,"ap-southeast-2, ap-southeast-2a, ap-southeast-2b, ap-southeast-2c",false,false,false,nitro,64,x86_64,32,"2,4,6,8,10,12,14,16,18,20,22,24,26,28,30,32",2,"1,2",3.1,512,2400,true,ssd,4,supported,default,20 Gigabit,required,15,50,50,true,"cluster, partition, spread",0,0,-,unsupported,ebs,true,-,-,true,13600,60000,1700,13600,60000,1700,false,5.568 USD per Hour,5.68 USD per Hour,5.693 USD per Hour,8.512 USD per Hour,6.259 USD per Hour,,,,,,,,,,
x2idn.metal,x2idn,metal,"ap-southeast-2, ap-southeast-2a, ap-southeast-2b, ap-southeast-2c",false,false,true,,128,x86_64,64,-,2,-,3.5,2048,3800,true,ssd,2,supported,default,100 Gigabit,required,15,50,50,true,"cluster, partition, spread",0,0,true,unsupported,ebs,true,-,-,true,80000,260000,10000,80000,260000,10000,true,19.341 USD per Hour,19.565 USD per Hour,19.466 USD per Hour,25.229 USD per Hour,20.5698 USD per Hour,,,,,,,,,,
r6id.24xlarge,r6id,24xlarge,"ap-southeast-2, ap-southeast-2a, ap-southeast-2b, ap-southeast-2c",false,false,false,nitro,96,x86_64,48,"2,4,6,8,10,12,14,16,18,20,22,24,26,28,30,32,34,36,38,40,42,44,46,48",2,"1,2",3.5,768,5700,true,ssd,4,supported,default,37.5 Gigabit,required,15,50,50,true,"cluster, partition, spread",0,0,-,unsupported,ebs,true,-,-,true,30000,120000,3750,30000,120000,3750,true,8.352 USD per Hour,8.52 USD per Hour,8.477 USD per Hour,12.768 USD per Hour,9.3888 USD per Hour,,,,,,,,,,
r8g.24xlarge,r8g,24xlarge,"ap-southeast-2, ap-southeast-2a, ap-southeast-2b, ap-southeast-2c",false,false,false,nitro,96,arm64,96,"1,2,3,4,5,6,7,8,9,10,11,12,13,14,15,16,17,18,19,20,21,22,23,24,25,26,27,28,29,30,31,32,33,34,35,36,37,38,39,40,41,42,43,44,45,46,47,48,49,50,51,52,53,54,55,56,57,58,59,60,61,62,63,64,65,66,67,68,69,70,71,72,73,74,75,76,77,78,79,80,81,82,83,84,85,86,87,88,89,90,91,92,93,94,95,96",1,1,2.8,768,0,-,-,0,supported,default,40 Gigabit,required,15,50,50,true,"cluster, partition, spread",0,0,true,supported,ebs,true,-,-,true,30000,120000,3750,30000,120000,3750,true,6.7776 USD per Hour,6.9456 USD per Hour,6.9026 USD per Hour,,7.8144 USD per Hour,,,,,,,,,,
m6i.16xlarge,m6i,16xlarge,"ap-southeast-2, ap-southeast-2a, ap-southeast-2b, ap-southeast-2c",false,false,false,nitro,64,x86_64,32,"2,4,6,8,10,12,14,16,18,20,22,24,26,28,30,32",2,"1,2",3.5,256,0,-,-,0,supported,default,25 Gigabit,required,15,50,50,true,"cluster, partition, spread",0,0,true,supported,ebs,true,-,-,true,20000,80000,2500,20000,80000,2500,true,3.84 USD per Hour,3.952 USD per Hour,3.965 USD per Hour,6.784 USD per Hour,4.5312 USD per Hour,,,,,,,,,,
c7i-flex.large,c7i-flex,large,"ap-southeast-2, ap-southeast-2a, ap-southeast-2b, ap-southeast-2c",true,false,false,nitro,2,x86_64,1,1,2,"1,2",3.2,4,0,-,-,0,supported,default,Up to 12.5 Gigabit,required,3,10,10,true,"partition, spread",0,0,true,supported,ebs,-,true,-,true,312,2500,39.0625,10000,40000,1250,false,0.11072 USD per Hour,0.11422 USD per Hour,0.16702 USD per Hour,0.19812 USD per Hour,0.13952 USD per Hour,,,,,,,,,,
r5n.2xlarge,r5n,2xlarge,"ap-southeast-2, ap-southeast-2a, ap-southeast-2b, ap-southeast-2c",false,false,false,nitro,8,x86_64,4,"2,4",2,"1,2",3.1,64,0,-,-,0,supported,default,Up to 25 Gigabit,required,4,15,15,true,"cluster, partition, spread",0,0,true,supported,ebs,true,-,-,true,2300,12000,287.5,4750,18750,593.75,false,0.724 USD per Hour,0.738 USD per Hour,0.849 USD per Hour,1.092 USD per Hour,0.839 USD per Hour,,,,,,,,,,
d3.2xlarge,d3,2xlarge,"ap-southeast-2, ap-southeast-2a, ap-southeast-2b, ap-southeast-2c",false,false,false,nitro,8,x86_64,4,"2,4",2,"1,2",3.1,64,11880,true,hdd,6,supported,default,Up to 15 Gigabit,required,4,5,5,true,"cluster, partition, spread",0,0,-,unsupported,ebs,-,-,-,true,1700,10000,212.5,2800,15000,350,false,1.252 USD per Hour,1.266 USD per Hour,1.377 USD per Hour,1.62 USD per Hour,1.367 USD per Hour,,,,,,,,,,
r7gd.2xlarge,r7gd,2xlarge,"ap-southeast-2, ap-southeast-2a, ap-southeast-2b, ap-southeast-2c",false,false,false,nitro,8,arm64,8,"1,2,3,4,5,6,7,8",1,1,2.6,64,474,true,ssd,1,supported,default,Up to 15 Gigabit,required,4,15,15,true,"cluster, partition, spread",0,0,-,unsupported,ebs,true,true,-,true,2500,12000,312.5,10000,40000,1250,false,0.6264 USD per Hour,0.6404 USD per Hour,0.7514 USD per Hour,,0.7416 USD per Hour,,,,,,,,,,
m7a.medium,m7a,medium,"ap-southeast-2, ap-southeast-2a, ap-southeast-2b, ap-southeast-2c",false,false,false,nitro,1,x86_64,1,-,1,-,3.7,4,0,-,-,0,supported,default,Up to 12.5 Gigabit,required,2,4,4,true,"cluster, partition, spread",0,0,true,supported,ebs,true,true,-,true,325,2500,40.625,10000,40000,1250,false,0.07245 USD per Hour,0.0742 USD per Hour,0.12875 USD per Hour,0.11845 USD per Hour,0.08685 USD per Hour,,,,,,,,,,
c4.2xlarge,c4,2xlarge,"ap-southeast-2, ap-southeast-2a, ap-southeast-2b, ap-southeast-2c",false,false,false,xen,8,x86_64,4,"1,2,3,4",2,"1,2",2.9,15,0,-,-,0,supported,default,High,unsupported,4,15,15,true,"cluster, partition, spread",0,0,true,supported,ebs,true,true,-,false,1000,8000,125,1000,8000,125,false,0.522 USD per Hour,0.534 USD per Hour,0.622 USD per Hour,0.89 USD per Hour,0.635 USD per Hour,,,,,,,,,,
m8g.12xlarge,m8g,12xlarge,"ap-southeast-2, ap-southeast-2a, ap-southeast-2b, ap-southeast-2c",false,false,false,nitro,48,arm64,48,"1,2,3,4,5,6,7,8,9,10,11,12,13,14,15,16,17,18,19,20,21,22,23,24,25,26,27,28,29,30,31,32,33,34,35,36,37,38,39,40,41,42,43,44,45,46,47,48",1,1,2.8,192,0,-,-,0,supported,default,22.5 Gigabit,required,8,30,30,true,"cluster, partition, spread",0,0,true,supported,ebs,true,-,-,true,15000,60000,1875,15000,60000,1875,true,2.6928 USD per Hour,2.7768 USD per Hour,2.8178 USD per Hour,,3.2112 USD per Hour,,,,,,,,,,
a1.metal,a1,metal,"ap-southeast-2, ap-southeast-2a, ap-southeast-2c",false,false,true,,16,arm64,16,-,1,-,2.3,32,0,-,-,0,supported,default,Up to 10 Gigabit,required,8,30,30,true,"cluster, partition, spread",0,0,true,supported,ebs,true,-,-,false,3500,20000,437.5,3500,20000,437.5,false,0.533 USD per Hour,,0.658 USD per Hour,,0.706 USD per Hour,,,,,,,,,,
z1d.12xlarge,z1d,12xlarge,"ap-southeast-2, ap-southeast-2a, ap-southeast-2b, ap-southeast-2c",false,false,false,nitro,48,x86_64,24,"4,6,8,10,12,14,16,18,20,22,24",2,"1,2",4,384,1800,true,ssd,2,supported,default,25 Gigabit,required,15,50,50,true,"cluster, partition, spread",0,0,-,unsupported,ebs,true,-,-,true,19000,80000,2375,19000,80000,2375,false,5.424 USD per Hour,5.508 USD per Hour,5.549 USD per Hour,7.632 USD per Hour,5.942 USD per Hour,,,,,,,,,,
t3.nano,t3,nano,"ap-southeast-2, ap-southeast-2a, ap-southeast-2b, ap-southeast-2c",false,false,false,nitro,2,x86_64,1,1,2,"1,2",2.5,0.5,0,-,-,0,supported,default,Up to 5 Gigabit,required,2,2,2,true,"partition, spread",0,0,true,supported,ebs,true,true,true,true,43,250,5.375,2085,11800,260.625,false,0.0066 USD per Hour,0.0101 USD per Hour,0.0066 USD per Hour,0.0112 USD per Hour,,,,,,,,,,,
m7i-flex.4xlarge,m7i-flex,4xlarge,"ap-southeast-2, ap-southeast-2a, ap-southeast-2b, ap-southeast-2c",false,false,false,nitro,16,x86_64,8,"1,2,3,4,5,6,7,8",2,"1,2",3.2,64,0,-,-,0,supported,default,Up to 12.5 Gigabit,required,8,30,30,true,"partition, spread",0,0,true,supported,ebs,-,true,-,true,2500,12000,312.5,10000,40000,1250,false,0.9576 USD per Hour,0.9856 USD per Hour,1.0826 USD per Hour,1.6568 USD per Hour,1.1304 USD per Hour,,,,,,,,,,
i3.large,i3,large,"ap-southeast-2, ap-southeast-2a, ap-southeast-2b, ap-southeast-2c",false,false,false,xen,2,x86_64,1,1,2,"1,2",2.3,15.3,475,true,ssd,1,supported,default,Up to 10 Gigabit,supported,3,10,10,true,"cluster, partition, spread",0,0,-,unsupported,ebs,true,true,-,true,425,3000,53.125,425,3000,53.125,false,0.187 USD per Hour,0.191 USD per Hour,0.287 USD per Hour,0.279 USD per Hour,0.216 USD per Hour,,,,,,,,,,
m6idn.24xlarge,m6idn,24xlarge,"ap-southeast-2, ap-southeast-2a, ap-southeast-2b, ap-southeast-2c",false,false,false,nitro,96,x86_64,48,"4,6,8,10,12,14,16,18,20,22,24,26,28,30,32,34,36,38,40,42,44,46,48",2,"1,2",3.5,384,5700,true,ssd,4,supported,default,150 Gigabit,required,15,50,50,true,"cluster, partition, spread",0,0,-,unsupported,ebs,true,-,-,true,75000,300000,9375,75000,300000,9375,true,9.65952 USD per Hour,9.82752 USD per Hour,9.78452 USD per Hour,14.07552 USD per Hour,10.69632 USD per Hour,,,,,,,,,,
m7a.8xlarge,m7a,8xlarge,"ap-southeast-2, ap-southeast-2a, ap-southeast-2b, ap-southeast-2c",false,false,false,nitro,32,x86_64,32,"1,2,3,4,8,12,16,20,24,28,32",1,1,3.7,128,0,-,-,0,supported,default,12.5 Gigabit,required,8,30,30,true,"cluster, partition, spread",0,0,true,supported,ebs,true,true,-,true,10000,40000,1250,10000,40000,1250,false,2.3184 USD per Hour,2.3744 USD per Hour,2.4434 USD per Hour,3.7904 USD per Hour,2.664 USD per Hour,,,,,,,,,,
m6g.16xlarge,m6g,16xlarge,"ap-southeast-2, ap-southeast-2a, ap-southeast-2b, ap-southeast-2c",false,false,false,nitro,64,arm64,64,"1,2,3,4,5,6,7,8,9,10,11,12,13,14,15,16,17,18,19,20,21,22,23,24,25,26,27,28,29,30,31,32,33,34,35,36,37,38,39,40,41,42,43,44,45,46,47,48,49,50,51,52,53,54,55,56,57,58,59,60,61,62,63,64",1,1,2.5,256,0,-,-,0,supported,default,25 Gigabit,required,15,50,50,true,"cluster, partition, spread",0,0,true,supported,ebs,true,-,-,true,19000,80000,2375,19000,80000,2375,false,3.072 USD per Hour,3.184 USD per Hour,3.197 USD per Hour,,3.7632 USD per Hour,,,,,,,,,,
c6a.4xlarge,c6a,4xlarge,"ap-southeast-2, ap-southeast-2a, ap-southeast-2b, ap-southeast-2c",false,false,false,nitro,16,x86_64,8,"1,2,3,4,5,6,7,8",2,"1,2",3.6,32,0,-,-,0,supported,default,Up to 12.5 Gigabit,required,8,30,30,true,"cluster, partition, spread",0,0,true,supported,ebs,true,true,-,true,5000,20000,625,10000,40000,1250,false,0.7992 USD per Hour,0.8272 USD per Hour,0.9242 USD per Hour,1.5352 USD per Hour,0.972 USD per Hour,,,,,,,,,,
r7gd.metal,r7gd,metal,"ap-southeast-2, ap-southeast-2a, ap-southeast-2b, ap-southeast-2c",false,false,true,,64,arm64,64,-,1,-,2.6,512,3800,true,ssd,2,supported,default,30 Gigabit,required,15,50,50,true,"cluster, partition, spread",0,0,-,unsupported,ebs,true,-,-,true,20000,80000,2500,20000,80000,2500,true,5.0112 USD per Hour,5.1232 USD per Hour,5.1362 USD per Hour,,5.7024 USD per Hour,,,,,,,,,,
c7gd.2xlarge,c7gd,2xlarge,"ap-southeast-2, ap-southeast-2a, ap-southeast-2b, ap-southeast-2c",false,false,false,nitro,8,arm64,8,"1,2,3,4,5,6,7,8",1,1,2.6,16,474,true,ssd,1,supported,default,Up to 15 Gigabit,required,4,15,15,true,"cluster, partition, spread",0,0,-,unsupported,ebs,true,true,-,true,2500,12000,312.5,10000,40000,1250,false,0.4763 USD per Hour,0.4903 USD per Hour,0.6013 USD per Hour,,0.5915 USD per Hour,,,,,,,,,,
g6.2xlarge,g6,2xlarge,"ap-southeast-2, ap-southeast-2a, ap-southeast-2c",false,false,false,nitro,8,x86_64,4,"1,2,3,4",2,"1,2",3.4,32,450,true,ssd,1,supported,default,Up to 10 Gigabit,required,4,15,15,true,"cluster, partition, spread",1,0,-,unsupported,ebs,-,-,-,true,2000,8000,250,5000,20000,625,false,1.27107 USD per Hour,1.28507 USD per Hour,1.39607 USD per Hour,1.63907 USD per Hour,1.38627 USD per Hour,,,,,,,,,,
is4gen.2xlarge,is4gen,2xlarge,"ap-southeast-2, ap-southeast-2a, ap-southeast-2b, ap-southeast-2c",false,false,false,nitro,8,arm64,8,"1,2,3,4,5,6,7,8",1,1,2.5,48,7500,true,ssd,1,supported,default,Up to 25 Gigabit,required,4,15,15,true,"cluster, partition, spread",0,0,-,unsupported,ebs,-,true,-,true,5000,20000,625,10000,40000,1250,false,1.3821 USD per Hour,1.3961 USD per Hour,1.5071 USD per Hour,,1.4973 USD per Hour,,,,,,,,,,
c8g.metal-24xl,c8g,metal-24xl,"ap-southeast-2, ap-southeast-2a, ap-southeast-2b, ap-southeast-2c",false,false,true,,96,arm64,96,-,1,-,2.8,192,0,-,-,0,supported,default,40 Gigabit,required,15,50,50,true,"cluster, partition, spread",0,0,true,supported,ebs,true,-,-,true,30000,120000,3750,30000,120000,3750,true,4.9824 USD per Hour,5.1504 USD per Hour,5.1074 USD per Hour,,6.0192 USD per Hour,,,,,,,,,,
r7gd.large,r7gd,large,"ap-southeast-2, ap-southeast-2a, ap-southeast-2b, ap-southeast-2c",false,false,false,nitro,2,arm64,2,"1,2",1,1,2.6,16,118,true,ssd,1,supported,default,Up to 12.5 Gigabit,required,3,10,10,true,"cluster, partition, spread",0,0,-,unsupported,ebs,true,true,-,true,630,3600,78.75,10000,40000,1250,false,0.1566 USD per Hour,0.1601 USD per Hour,0.2129 USD per Hour,,0.1854 USD per Hour,,,,,,,,,,
r5dn.12xlarge,r5dn,12xlarge,"ap-southeast-2, ap-southeast-2a, ap-southeast-2b, ap-southeast-2c",false,false,false,nitro,48,x86_64,24,"2,4,6,8,10,12,14,16,18,20,22,24",2,"1,2",3.1,384,1800,true,ssd,2,supported,default,50 Gigabit,required,8,30,30,true,"cluster, partition, spread",0,0,-,unsupported,ebs,true,-,-,true,9500,40000,1187.5,9500,40000,1187.5,false,4.896 USD per Hour,4.98 USD per Hour,5.021 USD per Hour,7.104 USD per Hour,5.4144 USD per Hour,,,,,,,,,,
c7i.metal-48xl,c7i,metal-48xl,"ap-southeast-2, ap-southeast-2a, ap-southeast-2b, ap-southeast-2c",false,false,true,,192,x86_64,96,-,2,-,3.2,384,0,-,-,0,supported,default,50 Gigabit,required,15,50,50,true,"cluster, partition, spread",0,0,true,supported,ebs,true,-,-,true,40000,240000,5000,40000,240000,5000,true,11.1888 USD per Hour,11.5248 USD per Hour,11.3138 USD per Hour,20.0208 USD per Hour,13.032 USD per Hour,,,,,,,,,,
c5ad.2xlarge,c5ad,2xlarge,"ap-southeast-2, ap-southeast-2a, ap-southeast-2b, ap-southeast-2c",false,false,false,nitro,8,x86_64,4,"1,2,3,4",2,"1,2",3.3,16,300,true,ssd,1,supported,default,Up to 10 Gigabit,required,4,15,15,true,"cluster, partition, spread",0,0,-,unsupported,ebs,-,-,-,true,800,3200,100,3170,13300,396.25,false,0.452 USD per Hour,0.466 USD per Hour,0.577 USD per Hour,0.82 USD per Hour,0.567 USD per Hour,,,,,,,,,,
r5.xlarge,r5,xlarge,"ap-southeast-2, ap-southeast-2-per-1, ap-southeast-2a, ap-southeast-2b, ap-southeast-2c",false,false,false,nitro,4,x86_64,2,2,2,"1,2",3.1,32,0,-,-,0,supported,default,Up to 10 Gigabit,required,4,15,15,true,"cluster, partition, spread",0,0,true,supported,ebs,true,true,-,true,1150,6000,143.75,4750,18750,593.75,false,0.302 USD per Hour,0.309 USD per Hour,0.358 USD per Hour,0.486 USD per Hour,0.36 USD per Hour,,,,,,0.464 USD per Hour,0.415 USD per Hour,0.465 USD per Hour,0.592 USD per Hour,0.408 USD per Hour
x2iedn.4xlarge,x2iedn,4xlarge,"ap-southeast-2, ap-southeast-2a, ap-southeast-2b, ap-southeast-2c",false,false,false,nitro,16,x86_64,8,"2,4,6,8",2,"1,2",3.5,512,475,true,ssd,1,supported,default,Up to 25 Gigabit,required,8,30,30,true,"cluster, partition, spread",0,0,true,unsupported,ebs,true,-,-,true,10000,32500,1250,20000,65000,2500,false,4.83525 USD per Hour,4.86325 USD per Hour,4.96025 USD per Hour,5.57125 USD per Hour,5.00805 USD per Hour,,,,,,,,,,
c5n.18xlarge,c5n,18xlarge,"ap-southeast-2, ap-southeast-2a, ap-southeast-2b, ap-southeast-2c",false,false,false,nitro,72,x86_64,36,"4,6,8,10,12,14,16,18,20,22,24,26,28,30,32,34,36",2,"1,2",3.4,192,0,-,-,0,supported,default,100 Gigabit,required,15,50,50,true,"cluster, partition, spread",0,0,true,supported,ebs,true,-,-,true,19000,80000,2375,19000,80000,2375,false,5.076 USD per Hour,5.202 USD per Hour,5.201 USD per Hour,8.388 USD per Hour,5.854 USD per Hour,,,,,,,,,,
m7g.xlarge,m7g,xlarge,"ap-southeast-2, ap-southeast-2a, ap-southeast-2b, ap-southeast-2c",false,false,false,nitro,4,arm64,4,"1,2,3,4",1,1,2.6,16,0,-,-,0,supported,default,Up to 12.5 Gigabit,required,4,15,15,true,"cluster, partition, spread",0,0,true,supported,ebs,true,true,-,true,1250,6000,156.25039999999998,10000,40000,1250,false,0.204 USD per Hour,0.211 USD per Hour,0.2603 USD per Hour,,0.2616 USD per Hour,,,,,,,,,,
c3.4xlarge,c3,4xlarge,"ap-southeast-2, ap-southeast-2a, ap-southeast-2b, ap-southeast-2c",false,false,false,xen,16,x86_64,8,"1,2,3,4,5,6,7,8",2,"1,2",2.8,30,320,true,ssd,2,supported,supported,High,unsupported,8,30,30,true,"cluster, partition, spread",0,0,true,unsupported,"ebs, instance-store",true,true,-,false,2000,16000,250,2000,16000,250,false,1.058 USD per Hour,,1.158 USD per Hour,1.906 USD per Hour,1.229 USD per Hour,,,,,,,,,,
c6a.xlarge,c6a,xlarge,"ap-southeast-2, ap-southeast-2a, ap-southeast-2b, ap-southeast-2c",false,false,false,nitro,4,x86_64,2,"1,2",2,"1,2",3.6,8,0,-,-,0,supported,default,Up to 12.5 Gigabit,required,4,15,15,true,"cluster, partition, spread",0,0,true,supported,ebs,true,true,-,true,1250,6000,156.25,10000,40000,1250,false,0.1998 USD per Hour,0.2068 USD per Hour,0.2561 USD per Hour,0.3838 USD per Hour,0.2574 USD per Hour,,,,,,,,,,
c5.9xlarge,c5,9xlarge,"ap-southeast-2, ap-southeast-2a, ap-southeast-2b, ap-southeast-2c",false,false,false,nitro,36,x86_64,18,"2,4,6,8,10,12,14,16,18",2,"1,2",3.4,72,0,-,-,0,supported,default,12 Gigabit,required,8,30,30,true,"cluster, partition, spread",0,0,true,supported,ebs,true,true,-,true,9500,40000,1187.5,9500,40000,1187.5,false,1.998 USD per Hour,2.061 USD per Hour,2.098 USD per Hour,3.654 USD per Hour,2.387 USD per Hour,,,,,,,,,,
m6id.16xlarge,m6id,16xlarge,"ap-southeast-2, ap-southeast-2a, ap-southeast-2b, ap-southeast-2c",false,false,false,nitro,64,x86_64,32,"2,4,6,8,10,12,14,16,18,20,22,24,26,28,30,32",2,"1,2",3.5,256,3800,true,ssd,2,supported,default,25 Gigabit,required,15,50,50,true,"cluster, partition, spread",0,0,-,unsupported,ebs,true,-,-,true,20000,80000,2500,20000,80000,2500,true,4.7712 USD per Hour,4.8832 USD per Hour,4.8962 USD per Hour,7.7152 USD per Hour,5.4624 USD per Hour,,,,,,,,,,
i2.4xlarge,i2,4xlarge,"ap-southeast-2, ap-southeast-2a, ap-southeast-2b, ap-southeast-2c",false,false,false,xen,16,x86_64,8,"1,2,3,4,5,6,7,8",2,"1,2",2.5,122,3200,true,ssd,4,supported,supported,High,unsupported,8,30,30,true,"cluster, partition, spread",0,0,-,unsupported,"ebs, instance-store",true,-,-,false,2000,16000,250,2000,16000,250,false,4.07 USD per Hour,,4.17 USD per Hour,4.674 USD per Hour,4.245 USD per Hour,,,,,,,,,,
i4i.large,i4i,large,"ap-southeast-2, ap-southeast-2a, ap-southeast-2b, ap-southeast-2c",false,false,false,nitro,2,x86_64,1,1,2,"1,2",3.5,16,468,true,ssd,1,supported,default,Up to 10 Gigabit,required,3,10,10,true,"cluster, partition, spread",0,0,-,unsupported,ebs,true,-,-,true,625,2500,78.125,10000,40000,1250,false,0.206 USD per Hour,0.209 USD per Hour,0.262 USD per Hour,0.298 USD per Hour,0.235 USD per Hour,,,,,,,,,,
x1e.16xlarge,x1e,16xlarge,"ap-southeast-2, ap-southeast-2a, ap-southeast-2c",false,false,false,xen,64,x86_64,32,"2,4,6,8,10,12,14,16,18,20,22,24,26,28,30,32",2,"1,2",2.3,1952,1920,true,ssd,1,supported,default,10 Gigabit,supported,8,30,30,true,"cluster, partition, spread",0,0,true,unsupported,ebs,true,-,-,true,7000,40000,875,7000,40000,875,false,19.344 USD per Hour,19.456 USD per Hour,19.444 USD per Hour,22.288 USD per Hour,20.035 USD per Hour,,,,,,,,,,
c7g.metal,c7g,metal,"ap-southeast-2, ap-southeast-2a, ap-southeast-2b, ap-southeast-2c",false,false,true,,64,arm64,64,-,1,-,2.6,128,0,-,-,0,supported,default,30 Gigabit,required,15,50,50,true,"cluster, partition, spread",0,0,true,supported,ebs,true,-,-,true,20000,80000,2500,20000,80000,2500,true,3.0195 USD per Hour,3.1315 USD per Hour,3.1445 USD per Hour,,3.7107 USD per Hour,,,,,,,,,,
t4g.xlarge,t4g,xlarge,"ap-southeast-2, ap-southeast-2a, ap-southeast-2b, ap-southeast-2c",false,false,false,nitro,4,arm64,4,"1,2,3,4",1,1,2.5,16,0,-,-,0,supported,default,Up to 5 Gigabit,required,4,15,15,true,"partition, spread",0,0,true,supported,ebs,-,true,true,true,695,4000,86.875,2780,15700,347.5,false,0.1696 USD per Hour,0.1766 USD per Hour,0.2259 USD per Hour,,0.2272 USD per Hour,,,,,,,,,,
r6a.24xlarge,r6a,24xlarge,"ap-southeast-2, ap-southeast-2a, ap-southeast-2b, ap-southeast-2c",false,false,false,nitro,96,x86_64,48,"4,6,8,10,12,14,16,32,48",2,"1,2",3.6,768,0,-,-,0,supported,default,37.5 Gigabit,required,15,50,50,true,"cluster, partition, spread",0,0,true,supported,ebs,true,-,-,true,30000,120000,3750,30000,120000,3750,true,6.5232 USD per Hour,6.6912 USD per Hour,6.6482 USD per Hour,10.9392 USD per Hour,7.56 USD per Hour,,,,,,,,,,
m6idn.metal,m6idn,metal,"ap-southeast-2, ap-southeast-2a, ap-southeast-2b, ap-southeast-2c",false,false,true,,128,x86_64,64,-,2,-,3.5,512,7600,true,ssd,4,supported,default,200 Gigabit,required,16,50,50,true,"cluster, partition, spread",0,0,-,unsupported,ebs,true,-,-,true,100000,400000,12500,100000,400000,12500,true,12.87936 USD per Hour,13.10336 USD per Hour,13.00436 USD per Hour,18.76736 USD per Hour,14.10816 USD per Hour,,,,,,,,,,
r7g.8xlarge,r7g,8xlarge,"ap-southeast-2, ap-southeast-2a, ap-southeast-2b, ap-southeast-2c",false,false,false,nitro,32,arm64,32,"1,2,3,4,5,6,7,8,9,10,11,12,13,14,15,16,17,18,19,20,21,22,23,24,25,26,27,28,29,30,31,32",1,1,2.6,256,0,-,-,0,supported,default,15 Gigabit,required,8,30,30,true,"cluster, partition, spread",0,0,true,supported,ebs,true,-,-,true,10000,40000,1250,10000,40000,1250,false,2.0538 USD per Hour,2.1098 USD per Hour,2.1788 USD per Hour,,2.3994 USD per Hour,,,,,,,,,,
m3.2xlarge,m3,2xlarge,"ap-southeast-2, ap-southeast-2a, ap-southeast-2b, ap-southeast-2c",false,false,false,xen,8,x86_64,4,"1,2,3,4",2,"1,2",2.5,30,160,true,ssd,2,supported,supported,High,unsupported,4,30,0,-,"partition, spread",0,0,true,unsupported,"ebs, instance-store",true,true,-,false,1000,8000,125,1000,8000,125,false,0.745 USD per Hour,0.758 USD per Hour,0.845 USD per Hour,1.249 USD per Hour,0.859 USD per Hour,,,,,,,,,,
r6idn.large,r6idn,large,"ap-southeast-2, ap-southeast-2a, ap-southeast-2b, ap-southeast-2c",false,false,false,nitro,2,x86_64,1,1,2,"1,2",3.5,16,118,true,ssd,1,supported,default,Up to 25 Gigabit,required,3,10,10,true,"cluster, partition, spread",0,0,-,unsupported,ebs,true,true,-,true,1562,6250,195.3125,25000,100000,3125,false,0.23868 USD per Hour,0.24218 USD per Hour,0.29498 USD per Hour,0.33068 USD per Hour,0.26748 USD per Hour,,,,,,,,,,
c6id.metal,c6id,metal,"ap-southeast-2, ap-southeast-2a, ap-southeast-2b, ap-southeast-2c",false,false,true,,128,x86_64,64,-,2,-,3.5,256,7600,true,ssd,4,supported,default,50 Gigabit,required,15,50,50,true,"cluster, partition, spread",0,0,-,unsupported,ebs,true,-,-,true,40000,160000,5000,40000,160000,5000,true,8.4672 USD per Hour,8.6912 USD per Hour,8.5922 USD per Hour,14.3552 USD per Hour,9.696 USD per Hour,,,,,,,,,,
r6i.16xlarge,r6i,16xlarge,"ap-southeast-2, ap-southeast-2a, ap-southeast-2b, ap-southeast-2c",false,false,false,nitro,64,x86_64,32,"2,4,6,8,10,12,14,16,18,20,22,24,26,28,30,32",2,"1,2",3.5,512,0,-,-,0,supported,default,25 Gigabit,required,15,50,50,true,"cluster, partition, spread",0,0,true,supported,ebs,true,-,-,true,20000,80000,2500,20000,80000,2500,true,4.832 USD per Hour,4.944 USD per Hour,4.957 USD per Hour,7.776 USD per Hour,5.5232 USD per Hour,,,,,,,,,,
m5a.8xlarge,m5a,8xlarge,"ap-southeast-2, ap-southeast-2a, ap-southeast-2b, ap-southeast-2c",false,false,false,nitro,32,x86_64,16,"4,6,8,10,12,14,16",2,"1,2",2.5,128,0,-,-,0,supported,default,Up to 10 Gigabit,required,8,30,30,true,"cluster, partition, spread",0,0,true,supported,ebs,-,true,-,true,4750,20000,593.75,4750,20000,593.75,false,1.728 USD per Hour,1.784 USD per Hour,1.853 USD per Hour,3.2 USD per Hour,2.074 USD per Hour,,,,,,,,,,
r6i.12xlarge,r6i,12xlarge,"ap-southeast-2, ap-southeast-2a, ap-southeast-2b, ap-southeast-2c",false,false,false,nitro,48,x86_64,24,"2,4,6,8,10,12,14,16,18,20,22,24",2,"1,2",3.5,384,0,-,-,0,supported,default,18.75 Gigabit,required,8,30,30,true,"cluster, partition, spread",0,0,true,supported,ebs,true,-,-,true,15000,60000,1875,15000,60000,1875,true,3.624 USD per Hour,3.708 USD per Hour,3.749 USD per Hour,5.832 USD per Hour,4.1424 USD per Hour,,,,,,,,,,
g5.16xlarge,g5,16xlarge,"ap-southeast-2, ap-southeast-2a, ap-southeast-2c",false,false,false,nitro,64,x86_64,32,-,2,-,3.3,256,1900,true,ssd,1,supported,default,25 Gigabit,required,8,30,30,true,"cluster, partition, spread",1,0,-,unsupported,ebs,-,-,-,true,16000,65000,2000,16000,65000,2000,false,5.32561 USD per Hour,5.43761 USD per Hour,5.45061 USD per Hour,8.26961 USD per Hour,6.01681 USD per Hour,,,,,,,,,,
r5d.8xlarge,r5d,8xlarge,"ap-southeast-2, ap-southeast-2a, ap-southeast-2b, ap-southeast-2c",false,false,false,nitro,32,x86_64,16,"2,4,6,8,10,12,14,16",2,"1,2",3.1,256,1200,true,ssd,2,supported,default,10 Gigabit,required,8,30,30,true,"cluster, partition, spread",0,0,-,unsupported,ebs,true,-,-,true,6800,30000,850,6800,30000,850,false,2.784 USD per Hour,2.84 USD per Hour,2.909 USD per Hour,4.256 USD per Hour,3.13 USD per Hour,,,,,,,,,,
t2.medium,t2,medium,"ap-southeast-2, ap-southeast-2a, ap-southeast-2b, ap-southeast-2c",false,false,false,xen,2,"i386, x86_64",2,-,1,-,2.3,4,0,-,-,0,supported,unsupported,Low to Moderate,unsupported,3,6,6,true,"partition, spread",0,0,true,supported,ebs,-,true,true,true,0,0,0,0,0,0,false,0.0584 USD per Hour,0.0619 USD per Hour,0.1584 USD per Hour,0.0764 USD per Hour,0.0872 USD per Hour,,,,,,,,,,
c5a.16xlarge,c5a,16xlarge,"ap-southeast-2, ap-southeast-2a, ap-southeast-2b, ap-southeast-2c",false,false,false,nitro,64,x86_64,32,"1,2,3,4,8,12,16,20,24,28,32",2,"1,2",3.3,128,0,-,-,0,supported,default,20 Gigabit,required,15,50,50,true,"cluster, partition, spread",0,0,true,supported,ebs,-,-,-,true,6300,26700,787.5,6300,26700,787.5,false,3.2 USD per Hour,3.312 USD per Hour,3.325 USD per Hour,6.144 USD per Hour,3.891 USD per Hour,,,,,,,,,,
c6in.large,c6in,large,"ap-southeast-2, ap-southeast-2a, ap-southeast-2b, ap-southeast-2c",false,false,false,nitro,2,x86_64,1,1,2,"1,2",3.5,4,0,-,-,0,supported,default,Up to 25 Gigabit,required,3,10,10,true,"cluster, partition, spread",0,0,true,supported,ebs,true,true,-,true,1562,6250,195.3125,25000,100000,3125,false,0.14805 USD per Hour,,0.20435 USD per Hour,0.24005 USD per Hour,0.17685 USD per Hour,,,,,,,,,,
m7a.48xlarge,m7a,48xlarge,"ap-southeast-2, ap-southeast-2a, ap-southeast-2b, ap-southeast-2c",false,false,false,nitro,192,x86_64,192,"4,6,8,10,12,14,16,18,20,22,24,48,72,96,120,144,168,192",1,1,3.7,768,0,-,-,0,supported,default,50 Gigabit,required,15,50,50,true,"cluster, partition, spread",0,0,true,supported,ebs,true,-,-,true,40000,240000,5000,40000,240000,5000,true,13.9104 USD per Hour,14.2464 USD per Hour,14.0354 USD per Hour,22.7424 USD per Hour,15.7536 USD per Hour,,,,,,,,,,
m7i-flex.16xlarge,m7i-flex,16xlarge,"ap-southeast-2, ap-southeast-2a, ap-southeast-2b, ap-southeast-2c",false,false,false,nitro,64,x86_64,32,"1,2,3,4,5,6,7,8,9,10,11,12,13,14,15,16,17,18,19,20,21,22,23,24,25,26,27,28,29,30,31,32",2,"1,2",3.2,256,0,-,-,0,supported,default,Up to 25 Gigabit,required,15,50,50,true,"partition, spread",0,0,true,supported,ebs,-,true,-,true,10000,40000,1250,20000,80000,2500,false,3.8304 USD per Hour,3.9424 USD per Hour,3.9554 USD per Hour,6.7744 USD per Hour,4.5216 USD per Hour,,,,,,,,,,
t4g.micro,t4g,micro,"ap-southeast-2, ap-southeast-2a, ap-southeast-2b, ap-southeast-2c",true,false,false,nitro,2,arm64,2,"1,2",1,1,2.5,1,0,-,-,0,supported,default,Up to 5 Gigabit,required,2,2,2,true,"partition, spread",0,0,true,supported,ebs,-,true,true,true,87,500,10.875,2085,11800,260.625,false,0.0106 USD per Hour,0.0141 USD per Hour,0.0106 USD per Hour,,0.0394 USD per Hour,,,,,,,,,,
m7a.12xlarge,m7a,12xlarge,"ap-southeast-2, ap-southeast-2a, ap-southeast-2b, ap-southeast-2c",false,false,false,nitro,48,x86_64,48,"1,2,3,4,5,6,12,18,24,30,36,42,48",1,1,3.7,192,0,-,-,0,supported,default,18.75 Gigabit,required,8,30,30,true,"cluster, partition, spread",0,0,true,supported,ebs,true,-,-,true,15000,60000,1875,15000,60000,1875,true,3.4776 USD per Hour,3.5616 USD per Hour,3.6026 USD per Hour,5.6856 USD per Hour,3.996 USD per Hour,,,,,,,,,,
u-6tb1.112xlarge,u-6tb1,112xlarge,"ap-southeast-2, ap-southeast-2a, ap-southeast-2b, ap-southeast-2c",false,false,false,nitro,448,x86_64,224,"16,24,32,40,48,56,64,72,80,88,96,104,112,120,128,136,144,152,160,168,176,184,192,200,208,216,224",2,"1,2",2.1,6144,0,-,-,0,supported,default,100 Gigabit,required,15,50,50,true,"cluster, partition, spread",0,0,true,supported,ebs,true,-,-,true,38000,160000,4750,38000,160000,4750,false,65.433 USD per Hour,66.217 USD per Hour,65.558 USD per Hour,86.041 USD per Hour,69.7338 USD per Hour,,,,,,,,,,
m6id.metal,m6id,metal,"ap-southeast-2, ap-southeast-2a, ap-southeast-2b, ap-southeast-2c",false,false,true,,128,x86_64,64,-,2,-,3.5,512,7600,true,ssd,4,supported,default,50 Gigabit,required,15,50,50,true,"cluster, partition, spread",0,0,-,unsupported,ebs,true,-,-,true,40000,160000,5000,40000,160000,5000,true,9.5424 USD per Hour,9.7664 USD per Hour,9.6674 USD per Hour,15.4304 USD per Hour,10.7712 USD per Hour,,,,,,,,,,
m6in.large,m6in,large,"ap-southeast-2, ap-southeast-2a, ap-southeast-2b, ap-southeast-2c",false,false,false,nitro,2,x86_64,1,1,2,"1,2",3.5,8,0,-,-,0,supported,default,Up to 25 Gigabit,required,3,10,10,true,"cluster, partition, spread",0,0,true,supported,ebs,true,true,-,true,1562,6250,195.3125,25000,100000,3125,false,0.1755 USD per Hour,0.179 USD per Hour,0.2318 USD per Hour,0.2675 USD per Hour,0.2043 USD per Hour,,,,,,,,,,
t3a.large,t3a,large,"ap-southeast-2, ap-southeast-2a, ap-southeast-2b, ap-southeast-2c",false,false,false,nitro,2,x86_64,1,1,2,"1,2",2.2,8,0,-,-,0,supported,default,Up to 5 Gigabit,required,3,12,12,true,"partition, spread",0,0,true,supported,ebs,-,true,true,true,695,4000,86.875,2780,15700,347.5,false,0.095 USD per Hour,0.0985 USD per Hour,0.1513 USD per Hour,0.1226 USD per Hour,0.1238 USD per Hour,,,,,,,,,,
m5.16xlarge,m5,16xlarge,"ap-southeast-2, ap-southeast-2a, ap-southeast-2b, ap-southeast-2c",false,false,false,nitro,64,x86_64,32,"2,4,6,8,10,12,14,16,18,20,22,24,26,28,30,32",2,"1,2",3.1,256,0,-,-,0,supported,default,20 Gigabit,required,15,50,50,true,"cluster, partition, spread",0,0,true,supported,ebs,true,-,-,true,13600,60000,1700,13600,60000,1700,false,3.84 USD per Hour,3.952 USD per Hour,3.94 USD per Hour,6.784 USD per Hour,4.531 USD per Hour,,,,,,,,,,
g6.xlarge,g6,xlarge,"ap-southeast-2, ap-southeast-2a, ap-southeast-2c",false,false,false,nitro,4,x86_64,2,"1,2",2,"1,2",3.4,16,250,true,ssd,1,supported,default,Up to 10 Gigabit,required,4,15,15,true,"cluster, partition, spread",1,0,-,unsupported,ebs,-,-,-,true,1000,4000,125,5000,20000,625,false,1.0464 USD per Hour,1.0534 USD per Hour,1.1027 USD per Hour,1.2304 USD per Hour,1.104 USD per Hour,,,,,,,,,,
m4.2xlarge,m4,2xlarge,"ap-southeast-2, ap-southeast-2a, ap-southeast-2b, ap-southeast-2c",false,false,false,xen,8,x86_64,4,"1,2,3,4",2,"1,2",2.4,32,0,-,-,0,supported,default,High,unsupported,4,15,15,true,"cluster, partition, spread",0,0,true,supported,ebs,true,true,-,false,1000,8000,125,1000,8000,125,false,0.5 USD per Hour,0.514 USD per Hour,0.6 USD per Hour,0.868 USD per Hour,0.6152 USD per Hour,,,,,,,,,,
m6g.12xlarge,m6g,12xlarge,"ap-southeast-2, ap-southeast-2a, ap-southeast-2b, ap-southeast-2c",false,false,false,nitro,48,arm64,48,"1,2,3,4,5,6,7,8,9,10,11,12,13,14,15,16,17,18,19,20,21,22,23,24,25,26,27,28,29,30,31,32,33,34,35,36,37,38,39,40,41,42,43,44,45,46,47,48",1,1,2.5,192,0,-,-,0,supported,default,20 Gigabit,required,8,30,30,true,"cluster, partition, spread",0,0,true,supported,ebs,true,-,-,true,14250,50000,1781.25,14250,50000,1781.25,false,2.304 USD per Hour,2.388 USD per Hour,2.429 USD per Hour,,2.8224 USD per Hour,,,,,,,,,,
z1d.metal,z1d,metal,"ap-southeast-2, ap-southeast-2a, ap-southeast-2b, ap-southeast-2c",false,false,true,,48,x86_64,24,-,2,-,4,384,1800,true,ssd,2,supported,default,25 Gigabit,required,15,50,50,true,"cluster, partition, spread",0,0,-,unsupported,ebs,true,-,-,true,19000,80000,2375,19000,80000,2375,false,5.424 USD per Hour,5.508 USD per Hour,5.549 USD per Hour,7.632 USD per Hour,5.942 USD per Hour,,,,,,,,,,
r7i.xlarge,r7i,xlarge,"ap-southeast-2, ap-southeast-2a, ap-southeast-2b, ap-southeast-2c",false,false,false,nitro,4,x86_64,2,"1,2",2,"1,2",3.2,32,0,-,-,0,supported,default,Up to 12.5 Gigabit,required,4,15,15,true,"cluster, partition, spread",0,0,true,supported,ebs,true,true,-,true,1250,6000,156.25,10000,40000,1250,false,0.3171 USD per Hour,0.3241 USD per Hour,0.3734 USD per Hour,0.5011 USD per Hour,0.3747 USD per Hour,,,,,,,,,,
i3.xlarge,i3,xlarge,"ap-southeast-2, ap-southeast-2a, ap-southeast-2b, ap-southeast-2c",false,false,false,xen,4,x86_64,2,"1,2",2,"1,2",2.3,30.5,950,true,ssd,1,supported,default,Up to 10 Gigabit,supported,4,15,15,true,"cluster, partition, spread",0,0,-,unsupported,ebs,true,true,-,true,850,6000,106.25,850,6000,106.25,false,0.374 USD per Hour,0.381 USD per Hour,0.474 USD per Hour,0.558 USD per Hour,0.432 USD per Hour,,,,,,,,,,
m5ad.24xlarge,m5ad,24xlarge,"ap-southeast-2, ap-southeast-2a, ap-southeast-2b, ap-southeast-2c",false,false,false,nitro,96,x86_64,48,"12,18,24,36,48",2,"1,2",2.2,384,3600,true,ssd,4,supported,default,20 Gigabit,required,15,50,50,true,"cluster, partition, spread",0,0,-,unsupported,ebs,-,-,-,true,13750,60000,1718.75,13750,60000,1718.75,false,6.24 USD per Hour,6.408 USD per Hour,6.365 USD per Hour,10.656 USD per Hour,7.277 USD per Hour,,,,,,,,,,
r6gd.8xlarge,r6gd,8xlarge,"ap-southeast-2, ap-southeast-2a, ap-southeast-2b, ap-southeast-2c",false,false,false,nitro,32,arm64,32,"1,2,3,4,5,6,7,8,9,10,11,12,13,14,15,16,17,18,19,20,21,22,23,24,25,26,27,28,29,30,31,32",1,1,2.5,256,1900,true,ssd,1,supported,default,12 Gigabit,required,8,30,30,true,"cluster, partition, spread",0,0,-,unsupported,ebs,true,-,-,true,9500,40000,1187.5,9500,40000,1187.5,false,2.224 USD per Hour,2.28 USD per Hour,2.349 USD per Hour,,2.5696 USD per Hour,,,,,,,,,,
c5.large,c5,large,"ap-southeast-2, ap-southeast-2a, ap-southeast-2b, ap-southeast-2c",false,false,false,nitro,2,x86_64,1,1,2,"1,2",3.4,4,0,-,-,0,supported,default,Up to 10 Gigabit,required,3,10,10,true,"cluster, partition, spread",0,0,true,supported,ebs,true,true,-,true,650,4000,81.25,4750,20000,593.75,false,0.111 USD per Hour,0.115 USD per Hour,0.167 USD per Hour,0.203 USD per Hour,0.14 USD per Hour,,,,,,,,,,
m6in.xlarge,m6in,xlarge,"ap-southeast-2, ap-southeast-2a, ap-southeast-2b, ap-southeast-2c",false,false,false,nitro,4,x86_64,2,"1,2",2,"1,2",3.5,16,0,-,-,0,supported,default,Up to 30 Gigabit,required,4,15,15,true,"cluster, partition, spread",0,0,true,supported,ebs,true,true,-,true,3125,12500,390.625,25000,100000,3125,false,0.351 USD per Hour,0.358 USD per Hour,0.4073 USD per Hour,0.535 USD per Hour,0.4086 USD per Hour,,,,,,,,,,
r7g.4xlarge,r7g,4xlarge,"ap-southeast-2, ap-southeast-2a, ap-southeast-2b, ap-southeast-2c",false,false,false,nitro,16,arm64,16,"1,2,3,4,5,6,7,8,9,10,11,12,13,14,15,16",1,1,2.6,128,0,-,-,0,supported,default,Up to 15 Gigabit,required,8,30,30,true,"cluster, partition, spread",0,0,true,supported,ebs,true,true,-,true,5000,20000,625,10000,40000,1250,false,1.0269 USD per Hour,1.0549 USD per Hour,1.1519 USD per Hour,,1.1997 USD per Hour,,,,,,,,,,
r5dn.16xlarge,r5dn,16xlarge,"ap-southeast-2, ap-southeast-2a, ap-southeast-2b, ap-southeast-2c",false,false,false,nitro,64,x86_64,32,"2,4,6,8,10,12,14,16,18,20,22,24,26,28,30,32",2,"1,2",3.1,512,2400,true,ssd,4,supported,default,75 Gigabit,required,15,50,50,true,"cluster, partition, spread",0,0,-,unsupported,ebs,true,-,-,true,13600,60000,1700,13600,60000,1700,false,6.528 USD per Hour,6.64 USD per Hour,6.653 USD per Hour,9.472 USD per Hour,7.2192 USD per Hour,,,,,,,,,,
r4.xlarge,r4,xlarge,"ap-southeast-2, ap-southeast-2a, ap-southeast-2b, ap-southeast-2c",false,false,false,xen,4,x86_64,2,"1,2",2,"1,2",2.3,30.5,0,-,-,0,supported,default,Up to 10 Gigabit,supported,4,15,15,true,"cluster, partition, spread",0,0,true,supported,ebs,true,true,-,false,850,6000,106.25,850,6000,106.25,false,0.3192 USD per Hour,0.327 USD per Hour,0.4192 USD per Hour,0.5032 USD per Hour,0.3776 USD per Hour,,,,,,,,,,
r5ad.2xlarge,r5ad,2xlarge,"ap-southeast-2, ap-southeast-2a, ap-southeast-2b, ap-southeast-2c",false,false,false,nitro,8,x86_64,4,"2,4",2,"1,2",2.2,64,300,true,ssd,1,supported,default,Up to 10 Gigabit,required,4,15,15,true,"cluster, partition, spread",0,0,-,unsupported,ebs,-,true,-,true,1580,8333,197.5,2880,16000,360,false,0.636 USD per Hour,0.65 USD per Hour,0.761 USD per Hour,1.004 USD per Hour,0.751 USD per Hour,,,,,,,,,,
r7i.large,r7i,large,"ap-southeast-2, ap-southeast-2a, ap-southeast-2b, ap-southeast-2c",false,false,false,nitro,2,x86_64,1,1,2,"1,2",3.2,16,0,-,-,0,supported,default,Up to 12.5 Gigabit,required,3,10,10,true,"cluster, partition, spread",0,0,true,supported,ebs,true,true,-,true,650,3600,81.25,10000,40000,1250,false,0.15855 USD per Hour,0.16205 USD per Hour,0.21485 USD per Hour,0.25055 USD per Hour,0.18735 USD per Hour,,,,,,,,,,
c7g.2xlarge,c7g,2xlarge,"ap-southeast-2, ap-southeast-2a, ap-southeast-2b, ap-southeast-2c",false,false,false,nitro,8,arm64,8,"1,2,3,4,5,6,7,8",1,1,2.6,16,0,-,-,0,supported,default,Up to 15 Gigabit,required,4,15,15,true,"cluster, partition, spread",0,0,true,supported,ebs,true,true,-,true,2500,12000,312.5,10000,40000,1250,false,0.3774 USD per Hour,0.3914 USD per Hour,0.5024 USD per Hour,,0.4926 USD per Hour,,,,,,,,,,
c8g.12xlarge,c8g,12xlarge,"ap-southeast-2, ap-southeast-2a, ap-southeast-2b, ap-southeast-2c",false,false,false,nitro,48,arm64,48,"1,2,3,4,5,6,7,8,9,10,11,12,13,14,15,16,17,18,19,20,21,22,23,24,25,26,27,28,29,30,31,32,33,34,35,36,37,38,39,40,41,42,43,44,45,46,47,48",1,1,2.8,96,0,-,-,0,supported,default,22.5 Gigabit,required,8,30,30,true,"cluster, partition, spread",0,0,true,supported,ebs,true,true,-,true,15000,60000,1875,15000,60000,1875,true,2.4912 USD per Hour,2.5752 USD per Hour,2.6162 USD per Hour,,3.0096 USD per Hour,,,,,,,,,,
m5ad.xlarge,m5ad,xlarge,"ap-southeast-2, ap-southeast-2a, ap-southeast-2b, ap-southeast-2c",false,false,false,nitro,4,x86_64,2,2,2,"1,2",2.2,16,150,true,ssd,1,supported,default,Up to 10 Gigabit,required,4,15,15,true,"cluster, partition, spread",0,0,-,unsupported,ebs,-,true,-,true,1085,6000,135.625,2880,16000,360,false,0.26 USD per Hour,0.267 USD per Hour,0.316 USD per Hour,0.444 USD per Hour,0.318 USD per Hour,,,,,,,,,,
c4.xlarge,c4,xlarge,"ap-southeast-2, ap-southeast-2a, ap-southeast-2b, ap-southeast-2c",false,false,false,xen,4,x86_64,2,"1,2",2,"1,2",2.9,7.5,0,-,-,0,supported,default,High,unsupported,4,15,15,true,"cluster, partition, spread",0,0,true,supported,ebs,true,true,-,false,750,6000,93.75,750,6000,93.75,false,0.261 USD per Hour,0.267 USD per Hour,0.361 USD per Hour,0.445 USD per Hour,0.318 USD per Hour,,,,,,,,,,
c6id.32xlarge,c6id,32xlarge,"ap-southeast-2, ap-southeast-2a, ap-southeast-2b, ap-southeast-2c",false,false,false,nitro,128,x86_64,64,"2,4,6,8,10,12,14,16,18,20,22,24,26,28,30,32,34,36,38,40,42,44,46,48,50,52,54,56,58,60,62,64",2,"1,2",3.5,256,7600,true,ssd,4,supported,default,50 Gigabit,required,15,50,50,true,"cluster, partition, spread",0,0,-,unsupported,ebs,true,-,-,true,40000,160000,5000,40000,160000,5000,true,8.4672 USD per Hour,8.6912 USD per Hour,8.5922 USD per Hour,14.3552 USD per Hour,9.696 USD per Hour,,,,,,,,,,
m7a.24xlarge,m7a,24xlarge,"ap-southeast-2, ap-southeast-2a, ap-southeast-2b, ap-southeast-2c",false,false,false,nitro,96,x86_64,96,"1,2,3,4,5,6,7,8,9,10,11,12,24,36,48,60,72,84,96",1,1,3.7,384,0,-,-,0,supported,default,37.5 Gigabit,required,15,50,50,true,"cluster, partition, spread",0,0,true,supported,ebs,true,-,-,true,30000,120000,3750,30000,120000,3750,true,6.9552 USD per Hour,7.1232 USD per Hour,7.0802 USD per Hour,11.3712 USD per Hour,7.992 USD per Hour,,,,,,,,,,
m7a.4xlarge,m7a,4xlarge,"ap-southeast-2, ap-southeast-2a, ap-southeast-2b, ap-southeast-2c",false,false,false,nitro,16,x86_64,16,"1,2,4,6,8,10,12,14,16",1,1,3.7,64,0,-,-,0,supported,default,Up to 12.5 Gigabit,required,8,30,30,true,"cluster, partition, spread",0,0,true,supported,ebs,true,true,-,true,5000,20000,625,10000,40000,1250,false,1.1592 USD per Hour,1.1872 USD per Hour,1.2842 USD per Hour,1.8952 USD per Hour,1.332 USD per Hour,,,,,,,,,,
a1.2xlarge,a1,2xlarge,"ap-southeast-2, ap-southeast-2a, ap-southeast-2c",false,false,false,nitro,8,arm64,8,-,1,-,2.3,16,0,-,-,0,supported,default,Up to 10 Gigabit,required,4,15,15,true,"cluster, partition, spread",0,0,true,supported,ebs,true,-,-,false,1750,10000,218.75,3500,20000,437.5,false,0.2664 USD per Hour,,0.3914 USD per Hour,,0.3816 USD per Hour,,,,,,,,,,
m6a.16xlarge,m6a,16xlarge,"ap-southeast-2, ap-southeast-2a, ap-southeast-2b, ap-southeast-2c",false,false,false,nitro,64,x86_64,32,"4,6,8,10,12,14,16,32",2,"1,2",3.6,256,0,-,-,0,supported,default,25 Gigabit,required,15,50,50,true,"cluster, partition, spread",0,0,true,supported,ebs,true,-,-,true,20000,80000,2500,20000,80000,2500,true,3.456 USD per Hour,3.568 USD per Hour,3.581 USD per Hour,6.4 USD per Hour,4.1472 USD per Hour,,,,,,,,,,
r4.2xlarge,r4,2xlarge,"ap-southeast-2, ap-southeast-2a, ap-southeast-2b, ap-southeast-2c",false,false,false,xen,8,x86_64,4,"1,2,3,4",2,"1,2",2.3,61,0,-,-,0,supported,default,Up to 10 Gigabit,supported,4,15,15,true,"cluster, partition, spread",0,0,true,supported,ebs,true,true,-,false,1700,12000,212.5,1700,12000,212.5,false,0.6384 USD per Hour,0.654 USD per Hour,0.7384 USD per Hour,1.0064 USD per Hour,0.7552 USD per Hour,,,,,,,,,,
c5n.metal,c5n,metal,"ap-southeast-2, ap-southeast-2a, ap-southeast-2b, ap-southeast-2c",false,false,true,,72,x86_64,36,-,2,-,3.4,192,0,-,-,0,supported,default,100 Gigabit,required,15,50,50,true,"cluster, partition, spread",0,0,true,supported,ebs,true,-,-,true,19000,80000,2375,19000,80000,2375,false,5.076 USD per Hour,5.202 USD per Hour,5.201 USD per Hour,8.388 USD per Hour,5.854 USD per Hour,,,,,,,,,,
r5ad.16xlarge,r5ad,16xlarge,"ap-southeast-2, ap-southeast-2a, ap-southeast-2b, ap-southeast-2c",false,false,false,nitro,64,x86_64,32,"8,10,12,14,16,18,20,22,24,26,28,30,32",2,"1,2",2.5,512,2400,true,ssd,4,supported,default,12 Gigabit,required,15,50,50,true,"cluster, partition, spread",0,0,-,unsupported,ebs,-,-,-,true,9500,40000,1187.5,9500,40000,1187.5,false,5.088 USD per Hour,5.2 USD per Hour,5.213 USD per Hour,8.032 USD per Hour,5.779 USD per Hour,,,,,,,,,,
c5.metal,c5,metal,"ap-southeast-2, ap-southeast-2a, ap-southeast-2b, ap-southeast-2c",false,false,true,,96,x86_64,48,-,2,-,3.6,192,0,-,-,0,supported,default,25 Gigabit,required,15,50,50,true,"cluster, partition, spread",0,0,true,supported,ebs,-,-,-,true,19000,80000,2375,19000,80000,2375,false,5.328 USD per Hour,5.496 USD per Hour,5.428 USD per Hour,9.744 USD per Hour,6.365 USD per Hour,,,,,,,,,,
c7gd.8xlarge,c7gd,8xlarge,"ap-southeast-2, ap-southeast-2a, ap-southeast-2b, ap-southeast-2c",false,false,false,nitro,32,arm64,32,"1,2,3,4,5,6,7,8,9,10,11,12,13,14,15,16,17,18,19,20,21,22,23,24,25,26,27,28,29,30,31,32",1,1,2.6,64,1900,true,ssd,1,supported,default,15 Gigabit,required,8,30,30,true,"cluster, partition, spread",0,0,-,unsupported,ebs,true,true,-,true,10000,40000,1250,10000,40000,1250,false,1.9053 USD per Hour,1.9613 USD per Hour,2.0303 USD per Hour,,2.2509 USD per Hour,,,,,,,,,,
r6id.large,r6id,large,"ap-southeast-2, ap-southeast-2a, ap-southeast-2b, ap-southeast-2c",false,false,false,nitro,2,x86_64,1,1,2,"1,2",3.5,16,118,true,ssd,1,supported,default,Up to 12.5 Gigabit,required,3,10,10,true,"cluster, partition, spread",0,0,-,unsupported,ebs,true,-,-,true,650,3600,81.25,10000,40000,1250,false,0.174 USD per Hour,0.1775 USD per Hour,0.2303 USD per Hour,0.266 USD per Hour,0.2028 USD per Hour,,,,,,,,,,
r6in.4xlarge,r6in,4xlarge,"ap-southeast-2, ap-southeast-2a, ap-southeast-2b, ap-southeast-2c",false,false,false,nitro,16,x86_64,8,"1,2,3,4,5,6,7,8",2,"1,2",3.5,128,0,-,-,0,supported,default,Up to 50 Gigabit,required,8,30,30,true,"cluster, partition, spread",0,0,true,supported,ebs,true,true,-,true,12500,50000,1562.5,25000,100000,3125,false,1.69416 USD per Hour,1.72216 USD per Hour,1.81916 USD per Hour,2.43016 USD per Hour,1.86696 USD per Hour,,,,,,,,,,
m5zn.metal,m5zn,metal,"ap-southeast-2, ap-southeast-2a, ap-southeast-2c",false,false,true,,48,x86_64,24,-,2,-,4.5,192,0,-,-,0,supported,default,100 Gigabit,required,15,50,50,true,"cluster, partition, spread",0,0,true,supported,ebs,true,-,-,true,19000,80000,2375,19000,80000,2375,false,4.956 USD per Hour,5.04 USD per Hour,5.081 USD per Hour,7.164 USD per Hour,5.4744 USD per Hour,,,,,,,,,,
c7g.medium,c7g,medium,"ap-southeast-2, ap-southeast-2a, ap-southeast-2b, ap-southeast-2c",false,false,false,nitro,1,arm64,1,-,1,-,2.6,2,0,-,-,0,supported,default,Up to 12.5 Gigabit,required,2,4,4,true,"cluster, partition, spread",0,0,true,supported,ebs,true,true,-,true,315,2500,39.375,10000,40000,1250,false,0.0472 USD per Hour,0.0489 USD per Hour,0.1035 USD per Hour,,0.0616 USD per Hour,,,,,,,,,,
r6idn.4xlarge,r6idn,4xlarge,"ap-southeast-2, ap-southeast-2a, ap-southeast-2b, ap-southeast-2c",false,false,false,nitro,16,x86_64,8,"1,2,3,4,5,6,7,8",2,"1,2",3.5,128,950,true,ssd,1,supported,default,Up to 50 Gigabit,required,8,30,30,true,"cluster, partition, spread",0,0,-,unsupported,ebs,true,true,-,true,12500,50000,1562.5,25000,100000,3125,false,1.90944 USD per Hour,1.93744 USD per Hour,2.03444 USD per Hour,2.64544 USD per Hour,2.08224 USD per Hour,,,,,,,,,,
r6in.8xlarge,r6in,8xlarge,"ap-southeast-2, ap-southeast-2a, ap-southeast-2b, ap-southeast-2c",false,false,false,nitro,32,x86_64,16,"1,2,3,4,5,6,7,8,9,10,11,12,13,14,15,16",2,"1,2",3.5,256,0,-,-,0,supported,default,50 Gigabit,required,8,30,30,true,"cluster, partition, spread",0,0,true,supported,ebs,true,-,-,true,25000,100000,3125,25000,100000,3125,true,3.38832 USD per Hour,3.44432 USD per Hour,3.51332 USD per Hour,4.86032 USD per Hour,3.73392 USD per Hour,,,,,,,,,,
r5.8xlarge,r5,8xlarge,"ap-southeast-2, ap-southeast-2a, ap-southeast-2b, ap-southeast-2c",false,false,false,nitro,32,x86_64,16,"2,4,6,8,10,12,14,16",2,"1,2",3.1,256,0,-,-,0,supported,default,10 Gigabit,required,8,30,30,true,"cluster, partition, spread",0,0,true,supported,ebs,true,-,-,true,6800,30000,850,6800,30000,850,false,2.416 USD per Hour,2.472 USD per Hour,2.541 USD per Hour,3.888 USD per Hour,2.762 USD per Hour,,,,,,,,,,
r5b.16xlarge,r5b,16xlarge,"ap-southeast-2, ap-southeast-2a, ap-southeast-2b, ap-southeast-2c",false,false,false,nitro,64,x86_64,32,"2,4,6,8,10,12,14,16,18,20,22,24,26,28,30,32",2,"1,2",3.1,512,0,-,-,0,supported,default,20 Gigabit,required,15,50,50,true,"cluster, partition, spread",0,0,true,supported,ebs,true,-,-,true,40000,173333,5000,40000,173333,5000,false,5.792 USD per Hour,5.904 USD per Hour,5.917 USD per Hour,8.736 USD per Hour,6.4832 USD per Hour,,,,,,,,,,
r5d.24xlarge,r5d,24xlarge,"ap-southeast-2, ap-southeast-2a, ap-southeast-2b, ap-southeast-2c",false,false,false,nitro,96,x86_64,48,"4,6,8,10,12,14,16,18,20,22,24,26,28,30,32,34,36,38,40,42,44,46,48",2,"1,2",3.1,768,3600,true,ssd,4,supported,default,25 Gigabit,required,15,50,50,true,"cluster, partition, spread",0,0,-,unsupported,ebs,true,-,-,true,19000,80000,2375,19000,80000,2375,false,8.352 USD per Hour,8.52 USD per Hour,8.477 USD per Hour,12.768 USD per Hour,9.389 USD per Hour,,,,,,,,,,
t3.micro,t3,micro,"ap-southeast-2, ap-southeast-2a, ap-southeast-2b, ap-southeast-2c",true,false,false,nitro,2,x86_64,1,1,2,"1,2",2.5,1,0,-,-,0,supported,default,Up to 5 Gigabit,required,2,2,2,true,"partition, spread",0,0,true,supported,ebs,true,true,true,true,87,500,10.875,2085,11800,260.625,false,0.0132 USD per Hour,0.0167 USD per Hour,0.0132 USD per Hour,0.0224 USD per Hour,0.042 USD per Hour,,,,,,,,,,
g4dn.xlarge,g4dn,xlarge,"ap-southeast-2, ap-southeast-2a, ap-southeast-2b, ap-southeast-2c",false,false,false,nitro,4,x86_64,2,2,2,"1,2",2.5,16,125,true,ssd,1,supported,default,Up to 25 Gigabit,required,3,10,10,true,"cluster, partition, spread",1,0,-,unsupported,ebs,-,-,-,true,950,3000,118.75,3500,20000,437.5,false,0.684 USD per Hour,0.691 USD per Hour,0.74 USD per Hour,0.868 USD per Hour,0.742 USD per Hour,,,,,,,,,,
r3.xlarge,r3,xlarge,"ap-southeast-2, ap-southeast-2a, ap-southeast-2b, ap-southeast-2c",false,false,false,xen,4,x86_64,2,"1,2",2,"1,2",2.5,30.5,80,true,ssd,1,supported,supported,Moderate,unsupported,4,15,15,true,"cluster, partition, spread",0,0,true,unsupported,"ebs, instance-store",true,true,-,false,500,4000,62.5,500,4000,62.5,false,0.399 USD per Hour,,0.499 USD per Hour,0.625 USD per Hour,0.458 USD per Hour,,,,,,,,,,
m6idn.2xlarge,m6idn,2xlarge,"ap-southeast-2, ap-southeast-2a, ap-southeast-2b, ap-southeast-2c",false,false,false,nitro,8,x86_64,4,"1,2,3,4",2,"1,2",3.5,32,474,true,ssd,1,supported,default,Up to 40 Gigabit,required,4,15,15,true,"cluster, partition, spread",0,0,-,unsupported,ebs,true,true,-,true,6250,25000,781.25,25000,100000,3125,false,0.80496 USD per Hour,0.81896 USD per Hour,0.92996 USD per Hour,1.17296 USD per Hour,0.92016 USD per Hour,,,,,,,,,,
inf2.xlarge,inf2,xlarge,"ap-southeast-2, ap-southeast-2a, ap-southeast-2b",false,false,false,nitro,4,x86_64,2,"1,2",2,"1,2",3.6,16,0,-,-,0,supported,default,Up to 15 Gigabit,required,4,15,15,true,"cluster, partition, spread",0,0,-,supported,ebs,-,-,-,true,1250,6000,156.25,10000,40000,1250,false,0.98566 USD per Hour,,,,1.04326 USD per Hour,,,,,,,,,,
x2idn.16xlarge,x2idn,16xlarge,"ap-southeast-2, ap-southeast-2a, ap-southeast-2b, ap-southeast-2c",false,false,false,nitro,64,x86_64,32,"2,4,6,8,10,12,14,16,18,20,22,24,26,28,30,32",2,"1,2",3.5,1024,1900,true,ssd,1,supported,default,50 Gigabit,required,15,50,50,true,"cluster, partition, spread",0,0,true,unsupported,ebs,true,-,-,true,40000,173333,5000,40000,173333,5000,true,9.6705 USD per Hour,9.7825 USD per Hour,9.7955 USD per Hour,12.6145 USD per Hour,10.3617 USD per Hour,,,,,,,,,,
m7g.medium,m7g,medium,"ap-southeast-2, ap-southeast-2a, ap-southeast-2b, ap-southeast-2c",false,false,false,nitro,1,arm64,1,-,1,-,2.6,4,0,-,-,0,supported,default,Up to 12.5 Gigabit,required,2,4,4,true,"cluster, partition, spread",0,0,true,supported,ebs,true,true,-,true,315,2500,39.375,10000,40000,1250,false,0.051 USD per Hour,0.0528 USD per Hour,0.1073 USD per Hour,,0.0654 USD per Hour,,,,,,,,,,
im4gn.4xlarge,im4gn,4xlarge,"ap-southeast-2, ap-southeast-2a, ap-southeast-2b, ap-southeast-2c",false,false,false,nitro,16,arm64,16,"1,2,3,4,5,6,7,8,9,10,11,12,13,14,15,16",1,1,2.5,64,7500,true,ssd,1,supported,default,25 Gigabit,required,8,30,30,true,"cluster, partition, spread",0,0,-,unsupported,ebs,true,true,-,true,10000,40000,1250,10000,40000,1250,true,1.74434 USD per Hour,1.77234 USD per Hour,1.86934 USD per Hour,,1.91714 USD per Hour,,,,,,,,,,
g5.xlarge,g5,xlarge,"ap-southeast-2, ap-southeast-2a, ap-southeast-2c",false,false,false,nitro,4,x86_64,2,-,2,-,3.3,16,250,true,ssd,1,supported,default,Up to 10 Gigabit,required,4,15,15,true,"cluster, partition, spread",1,0,-,unsupported,ebs,-,-,-,true,700,3000,87.5,3500,15000,437.5,false,1.308 USD per Hour,1.315 USD per Hour,1.3643 USD per Hour,1.492 USD per Hour,1.3656 USD per Hour,,,,,,,,,,
m5.2xlarge,m5,2xlarge,"ap-southeast-2, ap-southeast-2-akl-1, ap-southeast-2-per-1, ap-southeast-2a, ap-southeast-2b, ap-southeast-2c",false,false,false,nitro,8,x86_64,4,"2,4",2,"1,2",3.1,32,0,-,-,0,supported,default,Up to 10 Gigabit,required,4,15,15,true,"cluster, partition, spread",0,0,true,supported,ebs,true,true,-,true,2300,12000,287.5,4750,18750,593.75,false,0.48 USD per Hour,0.494 USD per Hour,0.58 USD per Hour,0.848 USD per Hour,0.595 USD per Hour,0.773 USD per Hour,1.016 USD per Hour,0.763 USD per Hour,0.648 USD per Hour,0.662 USD per Hour,0.773 USD per Hour,0.662 USD per Hour,0.763 USD per Hour,1.016 USD per Hour,0.648 USD per Hour
r4.8xlarge,r4,8xlarge,"ap-southeast-2, ap-southeast-2a, ap-southeast-2b, ap-southeast-2c",false,false,false,xen,32,x86_64,16,"1,2,3,4,5,6,7,8,9,10,11,12,13,14,15,16",2,"1,2",2.3,244,0,-,-,0,supported,default,10 Gigabit,supported,8,30,30,true,"cluster, partition, spread",0,0,true,supported,ebs,true,-,-,false,7000,37500,875,7000,37500,875,false,2.5536 USD per Hour,2.616 USD per Hour,2.6536 USD per Hour,4.0256 USD per Hour,2.9056 USD per Hour,,,,,,,,,,
r5a.24xlarge,r5a,24xlarge,"ap-southeast-2, ap-southeast-2a, ap-southeast-2b, ap-southeast-2c",false,false,false,nitro,96,x86_64,48,"12,18,24,36,48",2,"1,2",2.5,768,0,-,-,0,supported,default,20 Gigabit,required,15,50,50,true,"cluster, partition, spread",0,0,true,supported,ebs,-,-,-,true,13570,60000,1696.25,13570,60000,1696.25,false,6.528 USD per Hour,6.696 USD per Hour,6.653 USD per Hour,10.944 USD per Hour,7.565 USD per Hour,,,,,,,,,,
c5ad.8xlarge,c5ad,8xlarge,"ap-southeast-2, ap-southeast-2a, ap-southeast-2b, ap-southeast-2c",false,false,false,nitro,32,x86_64,16,"1,2,3,4,8,12,16",2,"1,2",3.3,64,1200,true,ssd,2,supported,default,10 Gigabit,required,8,30,30,true,"cluster, partition, spread",0,0,-,unsupported,ebs,-,-,-,true,3170,13300,396.25,3170,13300,396.25,false,1.808 USD per Hour,1.864 USD per Hour,1.933 USD per Hour,3.28 USD per Hour,2.154 USD per Hour,,,,,,,,,,
hpc6a.48xlarge,hpc6a,48xlarge,"ap-southeast-2, ap-southeast-2a",false,false,false,nitro,96,x86_64,96,-,1,-,3.6,384,0,-,-,0,supported,default,100 Gigabit,required,2,50,50,true,"cluster, partition, spread",0,0,true,supported,ebs,-,-,-,true,87,500,10.875,2085,11000,260.625,false,3.7609 USD per Hour,3.9289 USD per Hour,3.8859 USD per Hour,8.1769 USD per Hour,4.7977 USD per Hour,,,,,,,,,,
c6g.medium,c6g,medium,"ap-southeast-2, ap-southeast-2a, ap-southeast-2b, ap-southeast-2c",false,false,false,nitro,1,arm64,1,-,1,-,2.5,2,0,-,-,0,supported,default,Up to 10 Gigabit,required,2,4,4,true,"cluster, partition, spread",0,0,true,supported,ebs,true,true,-,true,315,2500,39.375,4750,20000,593.75,false,0.0444 USD per Hour,0.0462 USD per Hour,0.0754 USD per Hour,,0.0588 USD per Hour,,,,,,,,,,
x1e.xlarge,x1e,xlarge,"ap-southeast-2, ap-southeast-2a, ap-southeast-2c",false,false,false,xen,4,x86_64,2,"1,2",2,"1,2",2.3,122,120,true,ssd,1,supported,default,Up to 10 Gigabit,supported,3,10,10,true,"cluster, partition, spread",0,0,true,unsupported,ebs,true,-,-,true,500,3700,62.5,500,3700,62.5,false,1.209 USD per Hour,1.216 USD per Hour,1.265 USD per Hour,1.393 USD per Hour,1.267 USD per Hour,,,,,,,,,,
m6idn.16xlarge,m6idn,16xlarge,"ap-southeast-2, ap-southeast-2a, ap-southeast-2b, ap-southeast-2c",false,false,false,nitro,64,x86_64,32,"1,2,3,4,5,6,7,8,9,10,11,12,13,14,15,16,17,18,19,20,21,22,23,24,25,26,27,28,29,30,31,32",2,"1,2",3.5,256,3800,true,ssd,2,supported,default,100 Gigabit,required,15,50,50,true,"cluster, partition, spread",0,0,-,unsupported,ebs,true,-,-,true,50000,200000,6250,50000,200000,6250,true,6.43968 USD per Hour,6.55168 USD per Hour,6.56468 USD per Hour,9.38368 USD per Hour,7.13088 USD per Hour,,,,,,,,,,
r6id.8xlarge,r6id,8xlarge,"ap-southeast-2, ap-southeast-2a, ap-southeast-2b, ap-southeast-2c",false,false,false,nitro,32,x86_64,16,"2,4,6,8,10,12,14,16",2,"1,2",3.5,256,1900,true,ssd,1,supported,default,12.5 Gigabit,required,8,30,30,true,"cluster, partition, spread",0,0,-,unsupported,ebs,true,-,-,true,10000,40000,1250,10000,40000,1250,true,2.784 USD per Hour,2.84 USD per Hour,2.909 USD per Hour,4.256 USD per Hour,3.1296 USD per Hour,,,,,,,,,,
r6idn.32xlarge,r6idn,32xlarge,"ap-southeast-2, ap-southeast-2a, ap-southeast-2b, ap-southeast-2c",false,false,false,nitro,128,x86_64,64,"4,6,8,10,12,14,16,18,20,22,24,26,28,30,32,34,36,38,40,42,44,46,48,50,52,54,56,58,60,62,64",2,"1,2",3.5,1024,7600,true,ssd,4,supported,default,200 Gigabit,required,16,50,50,true,"cluster, partition, spread",0,0,-,unsupported,ebs,true,-,-,true,100000,400000,12500,100000,400000,12500,true,15.27552 USD per Hour,15.49952 USD per Hour,15.40052 USD per Hour,21.16352 USD per Hour,16.50432 USD per Hour,,,,,,,,,,
t2.xlarge,t2,xlarge,"ap-southeast-2, ap-southeast-2a, ap-southeast-2b, ap-southeast-2c",false,false,false,xen,4,x86_64,4,-,1,-,2.3,16,0,-,-,0,supported,unsupported,Moderate,unsupported,3,15,15,true,"partition, spread",0,0,true,supported,ebs,-,true,true,true,0,0,0,0,0,0,false,0.2336 USD per Hour,0.2406 USD per Hour,0.3336 USD per Hour,0.2746 USD per Hour,0.2912 USD per Hour,,,,,,,,,,
inf1.24xlarge,inf1,24xlarge,"ap-southeast-2, ap-southeast-2a, ap-southeast-2b, ap-southeast-2c",false,false,false,nitro,96,x86_64,48,"2,4,6,8,10,12,14,16,18,20,22,24,26,28,30,32,34,36,38,40,42,44,46,48",2,"1,2",2.5,192,0,-,-,0,supported,default,100 Gigabit,required,11,30,30,true,"cluster, partition, spread",0,0,true,supported,ebs,true,-,-,true,19000,80000,2375,19000,80000,2375,false,5.902 USD per Hour,,6.027 USD per Hour,,6.938 USD per Hour,,,,,,,,,,
c5d.xlarge,c5d,xlarge,"ap-southeast-2, ap-southeast-2a, ap-southeast-2b, ap-southeast-2c",false,false,false,nitro,4,x86_64,2,2,2,"1,2",3.4,8,100,true,ssd,1,supported,default,Up to 10 Gigabit,required,4,15,15,true,"cluster, partition, spread",0,0,-,unsupported,ebs,true,true,-,true,1150,6000,143.75,4750,20000,593.75,false,0.252 USD per Hour,0.259 USD per Hour,0.308 USD per Hour,0.436 USD per Hour,0.31 USD per Hour,,,,,,,,,,
m5d.12xlarge,m5d,12xlarge,"ap-southeast-2, ap-southeast-2a, ap-southeast-2b, ap-southeast-2c",false,false,false,nitro,48,x86_64,24,"2,4,6,8,10,12,14,16,18,20,22,24",2,"1,2",3.1,192,1800,true,ssd,2,supported,default,12 Gigabit,required,8,30,30,true,"cluster, partition, spread",0,0,-,unsupported,ebs,true,-,-,true,9500,40000,1187.5,9500,40000,1187.5,false,3.408 USD per Hour,3.492 USD per Hour,3.508 USD per Hour,5.616 USD per Hour,3.926 USD per Hour,,,,,,,,,,
r6in.16xlarge,r6in,16xlarge,"ap-southeast-2, ap-southeast-2a, ap-southeast-2b, ap-southeast-2c",false,false,false,nitro,64,x86_64,32,"1,2,3,4,5,6,7,8,9,10,11,12,13,14,15,16,17,18,19,20,21,22,23,24,25,26,27,28,29,30,31,32",2,"1,2",3.5,512,0,-,-,0,supported,default,100 Gigabit,required,15,50,50,true,"cluster, partition, spread",0,0,true,supported,ebs,true,-,-,true,50000,200000,6250,50000,200000,6250,true,6.77664 USD per Hour,6.88864 USD per Hour,6.90164 USD per Hour,9.72064 USD per Hour,7.46784 USD per Hour,,,,,,,,,,
c6gn.2xlarge,c6gn,2xlarge,"ap-southeast-2, ap-southeast-2a, ap-southeast-2b, ap-southeast-2c",false,false,false,nitro,8,arm64,8,"1,2,3,4,5,6,7,8",1,1,2.5,16,0,-,-,0,supported,default,Up to 25 Gigabit,required,4,15,15,true,"cluster, partition, spread",0,0,true,supported,ebs,true,true,-,true,4750,20000,593.75,9500,40000,1187.5,false,0.452 USD per Hour,0.466 USD per Hour,0.577 USD per Hour,,0.5672 USD per Hour,,,,,,,,,,
m7i-flex.8xlarge,m7i-flex,8xlarge,"ap-southeast-2, ap-southeast-2a, ap-southeast-2b, ap-southeast-2c",false,false,false,nitro,32,x86_64,16,"1,2,3,4,5,6,7,8,9,10,11,12,13,14,15,16",2,"1,2",3.2,128,0,-,-,0,supported,default,Up to 12.5 Gigabit,required,8,30,30,true,"partition, spread",0,0,true,supported,ebs,-,true,-,true,5000,20000,625,10000,40000,1250,false,1.9152 USD per Hour,1.9712 USD per Hour,2.0402 USD per Hour,3.3136 USD per Hour,2.2608 USD per Hour,,,,,,,,,,
m5ad.16xlarge,m5ad,16xlarge,"ap-southeast-2, ap-southeast-2a, ap-southeast-2b, ap-southeast-2c",false,false,false,nitro,64,x86_64,32,"8,10,12,14,16,18,20,22,24,26,28,30,32",2,"1,2",2.5,256,2400,true,ssd,4,supported,default,12 Gigabit,required,15,50,50,true,"cluster, partition, spread",0,0,-,unsupported,ebs,-,-,-,true,9500,40000,1187.5,9500,40000,1187.5,false,4.16 USD per Hour,4.272 USD per Hour,4.285 USD per Hour,7.104 USD per Hour,4.851 USD per Hour,,,,,,,,,,
r8g.metal-48xl,r8g,metal-48xl,"ap-southeast-2, ap-southeast-2a, ap-southeast-2b, ap-southeast-2c",false,false,true,,192,arm64,192,-,1,-,2.7,1536,0,-,-,0,supported,default,50 Gigabit,required,15,50,50,true,"cluster, partition, spread",0,0,true,supported,ebs,true,-,-,true,40000,240000,5000,40000,240000,5000,true,13.5552 USD per Hour,13.8912 USD per Hour,13.6802 USD per Hour,,15.3984 USD per Hour,,,,,,,,,,
x2iedn.16xlarge,x2iedn,16xlarge,"ap-southeast-2, ap-southeast-2a, ap-southeast-2b, ap-southeast-2c",false,false,false,nitro,64,x86_64,32,"2,4,6,8,10,12,14,16,18,20,22,24,26,28,30,32",2,"1,2",3.5,2048,1900,true,ssd,1,supported,default,50 Gigabit,required,15,50,50,true,"cluster, partition, spread",0,0,true,unsupported,ebs,true,-,-,true,40000,130000,5000,40000,130000,5000,true,19.341 USD per Hour,19.453 USD per Hour,19.466 USD per Hour,22.285 USD per Hour,20.0322 USD per Hour,,,,,,,,,,
m6gd.8xlarge,m6gd,8xlarge,"ap-southeast-2, ap-southeast-2a, ap-southeast-2b, ap-southeast-2c",false,false,false,nitro,32,arm64,32,"1,2,3,4,5,6,7,8,9,10,11,12,13,14,15,16,17,18,19,20,21,22,23,24,25,26,27,28,29,30,31,32",1,1,2.5,128,1900,true,ssd,1,supported,default,12 Gigabit,required,8,30,30,true,"cluster, partition, spread",0,0,-,unsupported,ebs,true,true,-,true,9500,40000,1187.5,9500,40000,1187.5,false,1.824 USD per Hour,1.88 USD per Hour,1.949 USD per Hour,,2.1696 USD per Hour,,,,,,,,,,
m4.10xlarge,m4,10xlarge,"ap-southeast-2, ap-southeast-2a, ap-southeast-2b, ap-southeast-2c",false,false,false,xen,40,x86_64,20,"2,4,6,8,10,12,14,16,18,20",2,"1,2",2.4,160,0,-,-,0,supported,default,10 Gigabit,unsupported,8,30,30,true,"cluster, partition, spread",0,0,true,supported,ebs,true,-,-,false,4000,32000,500,4000,32000,500,false,2.5 USD per Hour,2.57 USD per Hour,2.6 USD per Hour,4.34 USD per Hour,2.932 USD per Hour,,,,,,,,,,
r7i.24xlarge,r7i,24xlarge,"ap-southeast-2, ap-southeast-2a, ap-southeast-2b, ap-southeast-2c",false,false,false,nitro,96,x86_64,48,"1,2,3,4,5,6,7,8,9,10,11,12,13,14,15,16,17,18,19,20,21,22,23,24,25,26,27,28,29,30,31,32,33,34,35,36,37,38,39,40,41,42,43,44,45,46,47,48",2,"1,2",3.2,768,0,-,-,0,supported,default,37.5 Gigabit,required,15,50,50,true,"cluster, partition, spread",0,0,true,supported,ebs,-,-,-,true,30000,120000,3750,30000,120000,3750,true,7.6104 USD per Hour,7.7784 USD per Hour,7.7354 USD per Hour,12.0264 USD per Hour,8.6472 USD per Hour,,,,,,,,,,
m8g.2xlarge,m8g,2xlarge,"ap-southeast-2, ap-southeast-2a, ap-southeast-2b, ap-southeast-2c",false,false,false,nitro,8,arm64,8,"1,2,3,4,5,6,7,8",1,1,2.8,32,0,-,-,0,supported,default,Up to 15 Gigabit,required,4,15,15,true,"cluster, partition, spread",0,0,true,supported,ebs,true,true,-,true,2500,12000,312.5,10000,40000,1250,false,0.4488 USD per Hour,0.4628 USD per Hour,0.5738 USD per Hour,,0.564 USD per Hour,,,,,,,,,,
c6in.4xlarge,c6in,4xlarge,"ap-southeast-2, ap-southeast-2a, ap-southeast-2b, ap-southeast-2c",false,false,false,nitro,16,x86_64,8,"1,2,3,4,5,6,7,8",2,"1,2",3.5,32,0,-,-,0,supported,default,Up to 50 Gigabit,required,8,30,30,true,"cluster, partition, spread",0,0,true,supported,ebs,true,true,-,true,12500,50000,1562.5,25000,100000,3125,false,1.1844 USD per Hour,,1.3094 USD per Hour,1.9204 USD per Hour,1.3572 USD per Hour,,,,,,,,,,
m5a.large,m5a,large,"ap-southeast-2, ap-southeast-2a, ap-southeast-2b, ap-southeast-2c",false,false,false,nitro,2,x86_64,1,1,2,"1,2",2.5,8,0,-,-,0,supported,default,Up to 10 Gigabit,required,3,10,10,true,"cluster, partition, spread",0,0,true,supported,ebs,-,true,-,true,650,3600,81.25,2880,16000,360,false,0.108 USD per Hour,0.112 USD per Hour,0.164 USD per Hour,0.2 USD per Hour,0.137 USD per Hour,,,,,,,,,,
c6id.12xlarge,c6id,12xlarge,"ap-southeast-2, ap-southeast-2a, ap-southeast-2b, ap-southeast-2c",false,false,false,nitro,48,x86_64,24,"2,4,6,8,10,12,14,16,18,20,22,24",2,"1,2",3.5,96,2850,true,ssd,2,supported,default,18.75 Gigabit,required,8,30,30,true,"cluster, partition, spread",0,0,-,unsupported,ebs,true,true,-,true,15000,60000,1875,15000,60000,1875,true,3.1752 USD per Hour,3.2592 USD per Hour,3.3002 USD per Hour,5.3832 USD per Hour,3.6936 USD per Hour,,,,,,,,,,
m6i.xlarge,m6i,xlarge,"ap-southeast-2, ap-southeast-2a, ap-southeast-2b, ap-southeast-2c",false,false,false,nitro,4,x86_64,2,"1,2",2,"1,2",3.5,16,0,-,-,0,supported,default,Up to 12.5 Gigabit,required,4,15,15,true,"cluster, partition, spread",0,0,true,supported,ebs,true,true,-,true,1250,6000,156.25,10000,40000,1250,false,0.24 USD per Hour,0.247 USD per Hour,0.2963 USD per Hour,0.424 USD per Hour,0.2976 USD per Hour,,,,,,,,,,
r6a.16xlarge,r6a,16xlarge,"ap-southeast-2, ap-southeast-2a, ap-southeast-2b, ap-southeast-2c",false,false,false,nitro,64,x86_64,32,"4,6,8,10,12,14,16,32",2,"1,2",3.6,512,0,-,-,0,supported,default,25 Gigabit,required,15,50,50,true,"cluster, partition, spread",0,0,true,supported,ebs,true,-,-,true,20000,80000,2500,20000,80000,2500,true,4.3488 USD per Hour,4.4608 USD per Hour,4.4738 USD per Hour,7.2928 USD per Hour,5.04 USD per Hour,,,,,,,,,,
m6id.4xlarge,m6id,4xlarge,"ap-southeast-2, ap-southeast-2a, ap-southeast-2b, ap-southeast-2c",false,false,false,nitro,16,x86_64,8,"2,4,6,8",2,"1,2",3.5,64,950,true,ssd,1,supported,default,Up to 12.5 Gigabit,required,8,30,30,true,"cluster, partition, spread",0,0,-,unsupported,ebs,true,true,-,true,5000,20000,625,10000,40000,1250,false,1.1928 USD per Hour,1.2208 USD per Hour,1.3178 USD per Hour,1.9288 USD per Hour,1.3656 USD per Hour,,,,,,,,,,
c3.2xlarge,c3,2xlarge,"ap-southeast-2, ap-southeast-2a, ap-southeast-2b, ap-southeast-2c",false,false,false,xen,8,x86_64,4,"1,2,3,4",2,"1,2",2.8,15,160,true,ssd,2,supported,supported,High,unsupported,4,15,15,true,"cluster, partition, spread",0,0,true,unsupported,"ebs, instance-store",true,true,-,false,1000,8000,125,1000,8000,125,false,0.529 USD per Hour,,0.629 USD per Hour,0.953 USD per Hour,0.643 USD per Hour,,,,,,,,,,
c5a.8xlarge,c5a,8xlarge,"ap-southeast-2, ap-southeast-2a, ap-southeast-2b, ap-southeast-2c",false,false,false,nitro,32,x86_64,16,"1,2,3,4,8,12,16",2,"1,2",3.3,64,0,-,-,0,supported,default,10 Gigabit,required,8,30,30,true,"cluster, partition, spread",0,0,true,supported,ebs,-,-,-,true,3170,13300,396.25,3170,13300,396.25,false,1.6 USD per Hour,1.656 USD per Hour,1.725 USD per Hour,3.072 USD per Hour,1.946 USD per Hour,,,,,,,,,,
c5d.metal,c5d,metal,"ap-southeast-2, ap-southeast-2a, ap-southeast-2b, ap-southeast-2c",false,false,true,,96,x86_64,48,-,2,-,3.6,192,3600,true,ssd,4,supported,default,25 Gigabit,required,15,50,50,true,"cluster, partition, spread",0,0,-,unsupported,ebs,-,-,-,true,19000,80000,2375,19000,80000,2375,false,6.048 USD per Hour,6.216 USD per Hour,6.148 USD per Hour,10.464 USD per Hour,7.085 USD per Hour,,,,,,,,,,
c7g.12xlarge,c7g,12xlarge,"ap-southeast-2, ap-southeast-2a, ap-southeast-2b, ap-southeast-2c",false,false,false,nitro,48,arm64,48,"1,2,3,4,5,6,7,8,9,10,11,12,13,14,15,16,17,18,19,20,21,22,23,24,25,26,27,28,29,30,31,32,33,34,35,36,37,38,39,40,41,42,43,44,45,46,47,48",1,1,2.6,96,0,-,-,0,supported,default,22.5 Gigabit,required,8,30,30,true,"cluster, partition, spread",0,0,true,supported,ebs,true,true,-,true,15000,60000,1875,15000,60000,1875,true,2.2646 USD per Hour,2.3486 USD per Hour,2.3896 USD per Hour,,2.783 USD per Hour,,,,,,,,,,
i3en.2xlarge,i3en,2xlarge,"ap-southeast-2, ap-southeast-2a, ap-southeast-2b, ap-southeast-2c",false,false,false,nitro,8,x86_64,4,"2,4",2,"1,2",3.1,64,5000,true,ssd,2,supported,default,Up to 25 Gigabit,required,4,15,15,true,"cluster, partition, spread",0,0,-,unsupported,ebs,true,true,-,true,2307,12000,288.3875,4750,20000,593.75,false,1.084 USD per Hour,1.098 USD per Hour,1.209 USD per Hour,1.452 USD per Hour,1.199 USD per Hour,,,,,,,,,,
mac2-m2pro.metal,mac2-m2pro,metal,"ap-southeast-2a, ap-southeast-2b",false,false,true,,12,arm64_mac,12,-,1,-,3.5,32,0,-,-,0,supported,default,10 Gigabit,required,8,30,30,true,"partition, spread",0,0,-,unsupported,ebs,true,-,-,true,8000,55000,1000,8000,55000,1000,false,,,,,,,,,,,,,,,
m5zn.xlarge,m5zn,xlarge,"ap-southeast-2, ap-southeast-2a, ap-southeast-2c",false,false,false,nitro,4,x86_64,2,"1,2",2,"1,2",4.5,16,0,-,-,0,supported,default,Up to 25 Gigabit,required,4,15,15,true,"cluster, partition, spread",0,0,true,supported,ebs,true,-,-,true,1564,6667,195.5,3170,13333,396.25,false,0.413 USD per Hour,0.42 USD per Hour,0.4693 USD per Hour,0.597 USD per Hour,0.4706 USD per Hour,,,,,,,,,,
c6gn.large,c6gn,large,"ap-southeast-2, ap-southeast-2a, ap-southeast-2b, ap-southeast-2c",false,false,false,nitro,2,arm64,2,"1,2",1,1,2.5,4,0,-,-,0,supported,default,Up to 25 Gigabit,required,3,10,10,true,"cluster, partition, spread",0,0,true,supported,ebs,true,true,-,true,1235,5000,154.375,9500,40000,1187.5,false,0.113 USD per Hour,0.1165 USD per Hour,0.1693 USD per Hour,,0.1418 USD per Hour,,,,,,,,,,
r5ad.xlarge,r5ad,xlarge,"ap-southeast-2, ap-southeast-2a, ap-southeast-2b, ap-southeast-2c",false,false,false,nitro,4,x86_64,2,2,2,"1,2",2.2,32,150,true,ssd,1,supported,default,Up to 10 Gigabit,required,4,15,15,true,"cluster, partition, spread",0,0,-,unsupported,ebs,-,true,-,true,1085,6000,135.625,2880,16000,360,false,0.318 USD per Hour,0.325 USD per Hour,0.374 USD per Hour,0.502 USD per Hour,0.376 USD per Hour,,,,,,,,,,
m7i.large,m7i,large,"ap-southeast-2, ap-southeast-2a, ap-southeast-2b, ap-southeast-2c",false,false,false,nitro,2,x86_64,1,1,2,"1,2",3.2,8,0,-,-,0,supported,default,Up to 12.5 Gigabit,required,3,10,10,true,"cluster, partition, spread",0,0,true,supported,ebs,true,true,-,true,650,3600,81.25,10000,40000,1250,false,0.126 USD per Hour,0.1295 USD per Hour,0.1823 USD per Hour,0.218 USD per Hour,0.1548 USD per Hour,,,,,,,,,,
r5n.8xlarge,r5n,8xlarge,"ap-southeast-2, ap-southeast-2a, ap-southeast-2b, ap-southeast-2c",false,false,false,nitro,32,x86_64,16,"2,4,6,8,10,12,14,16",2,"1,2",3.1,256,0,-,-,0,supported,default,25 Gigabit,required,8,30,30,true,"cluster, partition, spread",0,0,true,supported,ebs,true,-,-,true,6800,30000,850,6800,30000,850,false,2.896 USD per Hour,2.952 USD per Hour,3.021 USD per Hour,4.368 USD per Hour,3.242 USD per Hour,,,,,,,,,,
c7i.4xlarge,c7i,4xlarge,"ap-southeast-2, ap-southeast-2a, ap-southeast-2b, ap-southeast-2c",false,false,false,nitro,16,x86_64,8,"1,2,3,4,5,6,7,8",2,"1,2",3.2,32,0,-,-,0,supported,default,Up to 12.5 Gigabit,required,8,30,30,true,"cluster, partition, spread",0,0,true,supported,ebs,true,true,-,true,5000,20000,625,10000,40000,1250,false,0.9324 USD per Hour,0.9604 USD per Hour,1.0574 USD per Hour,1.6684 USD per Hour,1.1052 USD per Hour,,,,,,,,,,
m5d.2xlarge,m5d,2xlarge,"ap-southeast-2, ap-southeast-2a, ap-southeast-2b, ap-southeast-2c",false,false,false,nitro,8,x86_64,4,"2,4",2,"1,2",3.1,32,300,true,ssd,1,supported,default,Up to 10 Gigabit,required,4,15,15,true,"cluster, partition, spread",0,0,-,unsupported,ebs,true,true,-,true,2300,12000,287.5,4750,18750,593.75,false,0.568 USD per Hour,0.582 USD per Hour,0.668 USD per Hour,0.936 USD per Hour,0.683 USD per Hour,,,,,,,,,,
i3en.xlarge,i3en,xlarge,"ap-southeast-2, ap-southeast-2a, ap-southeast-2b, ap-southeast-2c",false,false,false,nitro,4,x86_64,2,"1,2",2,"1,2",3.1,32,2500,true,ssd,1,supported,default,Up to 25 Gigabit,required,4,15,15,true,"cluster, partition, spread",0,0,-,unsupported,ebs,true,true,-,true,1153,6000,144.2,4750,20000,593.75,false,0.542 USD per Hour,0.549 USD per Hour,0.598 USD per Hour,0.726 USD per Hour,0.6 USD per Hour,,,,,,,,,,
r6idn.metal,r6idn,metal,"ap-southeast-2, ap-southeast-2a, ap-southeast-2b, ap-southeast-2c",false,false,true,,128,x86_64,64,-,2,-,3.5,1024,7600,true,ssd,4,supported,default,200 Gigabit,required,16,50,50,true,"cluster, partition, spread",0,0,-,unsupported,ebs,true,-,-,true,100000,400000,12500,100000,400000,12500,true,15.27552 USD per Hour,15.49952 USD per Hour,15.40052 USD per Hour,21.16352 USD per Hour,16.50432 USD per Hour,,,,,,,,,,
c6in.32xlarge,c6in,32xlarge,"ap-southeast-2, ap-southeast-2a, ap-southeast-2b, ap-southeast-2c",false,false,false,nitro,128,x86_64,64,"4,6,8,10,12,14,16,18,20,22,24,26,28,30,32,34,36,38,40,42,44,46,48,50,52,54,56,58,60,62,64",2,"1,2",3.5,256,0,-,-,0,supported,default,200 Gigabit,required,16,50,50,true,"cluster, partition, spread",0,0,true,supported,ebs,true,-,-,true,100000,400000,12500,100000,400000,12500,true,9.4752 USD per Hour,,9.6002 USD per Hour,15.3632 USD per Hour,10.704 USD per Hour,,,,,,,,,,
r6gd.16xlarge,r6gd,16xlarge,"ap-southeast-2, ap-southeast-2a, ap-southeast-2b, ap-southeast-2c",false,false,false,nitro,64,arm64,64,"1,2,3,4,5,6,7,8,9,10,11,12,13,14,15,16,17,18,19,20,21,22,23,24,25,26,27,28,29,30,31,32,33,34,35,36,37,38,39,40,41,42,43,44,45,46,47,48,49,50,51,52,53,54,55,56,57,58,59,60,61,62,63,64",1,1,2.5,512,3800,true,ssd,2,supported,default,25 Gigabit,required,15,50,50,true,"cluster, partition, spread",0,0,-,unsupported,ebs,true,-,-,true,19000,80000,2375,19000,80000,2375,false,4.448 USD per Hour,4.56 USD per Hour,4.573 USD per Hour,,5.1392 USD per Hour,,,,,,,,,,
gr6.4xlarge,gr6,4xlarge,"ap-southeast-2, ap-southeast-2a, ap-southeast-2c",false,false,false,nitro,16,x86_64,8,"1,2,3,4,5,6,7,8",2,"1,2",3.4,128,600,true,ssd,1,supported,default,Up to 25 Gigabit,required,8,30,30,true,"cluster, partition, spread",1,0,-,unsupported,ebs,-,-,-,true,8000,32000,1000,8000,32000,1000,false,2.0012 USD per Hour,2.0292 USD per Hour,2.1262 USD per Hour,2.7372 USD per Hour,2.174 USD per Hour,,,,,,,,,,
c8g.medium,c8g,medium,"ap-southeast-2, ap-southeast-2a, ap-southeast-2b, ap-southeast-2c",false,false,false,nitro,1,arm64,1,-,1,-,2.8,2,0,-,-,0,supported,default,Up to 12.5 Gigabit,required,2,4,4,true,"cluster, partition, spread",0,0,true,supported,ebs,true,true,-,true,315,2500,39.375,10000,40000,1250,false,0.0519 USD per Hour,0.05365 USD per Hour,0.1082 USD per Hour,,0.0663 USD per Hour,,,,,,,,,,
r5ad.4xlarge,r5ad,4xlarge,"ap-southeast-2, ap-southeast-2a, ap-southeast-2b, ap-southeast-2c",false,false,false,nitro,16,x86_64,8,"2,4,6,8",2,"1,2",2.2,128,600,true,ssd,2,supported,default,Up to 10 Gigabit,required,8,30,30,true,"cluster, partition, spread",0,0,-,unsupported,ebs,-,true,-,true,2880,16000,360,2880,16000,360,false,1.272 USD per Hour,1.3 USD per Hour,1.397 USD per Hour,2.008 USD per Hour,1.445 USD per Hour,,,,,,,,,,
r6i.metal,r6i,metal,"ap-southeast-2, ap-southeast-2a, ap-southeast-2b, ap-southeast-2c",false,false,true,,128,x86_64,64,-,2,-,3.5,1024,0,-,-,0,supported,default,50 Gigabit,required,15,50,50,true,"cluster, partition, spread",0,0,true,supported,ebs,true,-,-,true,40000,160000,5000,40000,160000,5000,true,9.664 USD per Hour,9.888 USD per Hour,9.789 USD per Hour,15.552 USD per Hour,10.8928 USD per Hour,,,,,,,,,,
r5.2xlarge,r5,2xlarge,"ap-southeast-2, ap-southeast-2-akl-1, ap-southeast-2-per-1, ap-southeast-2a, ap-southeast-2b, ap-southeast-2c",false,false,false,nitro,8,x86_64,4,"2,4",2,"1,2",3.1,64,0,-,-,0,supported,default,Up to 10 Gigabit,required,4,15,15,true,"cluster, partition, spread",0,0,true,supported,ebs,true,true,-,true,2300,12000,287.5,4750,18750,593.75,false,0.604 USD per Hour,0.618 USD per Hour,0.729 USD per Hour,0.972 USD per Hour,0.719 USD per Hour,0.94 USD per Hour,1.183 USD per Hour,0.931 USD per Hour,0.815 USD per Hour,0.829 USD per Hour,0.94 USD per Hour,0.829 USD per Hour,0.931 USD per Hour,1.183 USD per Hour,0.815 USD per Hour
c6gn.8xlarge,c6gn,8xlarge,"ap-southeast-2, ap-southeast-2a, ap-southeast-2b, ap-southeast-2c",false,false,false,nitro,32,arm64,32,"1,2,3,4,5,6,7,8,9,10,11,12,13,14,15,16,17,18,19,20,21,22,23,24,25,26,27,28,29,30,31,32",1,1,2.5,64,0,-,-,0,supported,default,50 Gigabit,required,8,30,30,true,"cluster, partition, spread",0,0,true,supported,ebs,true,true,-,true,19000,80000,2375,19000,80000,2375,true,1.808 USD per Hour,1.864 USD per Hour,1.933 USD per Hour,,2.1536 USD per Hour,,,,,,,,,,
f2.48xlarge,f2,48xlarge,"ap-southeast-2, ap-southeast-2a",false,false,false,nitro,192,x86_64,96,"4,6,8,10,12,24,36,48,60,72,84,96",2,"1,2",3.4,2048,7520,true,ssd,8,supported,default,100 Gigabit,required,15,50,50,true,"cluster, partition, spread",0,8,-,unsupported,ebs,true,-,-,true,60000,240000,7500,60000,240000,7500,false,19.008 USD per Hour,19.344 USD per Hour,19.133 USD per Hour,,20.8512 USD per Hour,,,,,,,,,,
c6a.2xlarge,c6a,2xlarge,"ap-southeast-2, ap-southeast-2a, ap-southeast-2b, ap-southeast-2c",false,false,false,nitro,8,x86_64,4,"1,2,3,4",2,"1,2",3.6,16,0,-,-,0,supported,default,Up to 12.5 Gigabit,required,4,15,15,true,"cluster, partition, spread",0,0,true,supported,ebs,true,true,-,true,2500,12000,312.5,10000,40000,1250,false,0.3996 USD per Hour,0.4136 USD per Hour,0.5246 USD per Hour,0.7676 USD per Hour,0.5148 USD per Hour,,,,,,,,,,
p3.16xlarge,p3,16xlarge,"ap-southeast-2, ap-southeast-2a",false,false,false,xen,64,x86_64,32,"2,4,6,8,10,12,14,16,18,20,22,24,26,28,30,32",2,"1,2",2.7,488,0,-,-,0,supported,default,25 Gigabit,supported,8,30,30,true,"cluster, partition, spread",8,0,true,supported,ebs,true,-,-,true,14000,80000,1750,14000,80000,1750,false,33.872 USD per Hour,33.984 USD per Hour,33.972 USD per Hour,36.816 USD per Hour,34.563 USD per Hour,,,,,,,,,,
m7g.metal,m7g,metal,"ap-southeast-2, ap-southeast-2a, ap-southeast-2b, ap-southeast-2c",false,false,true,,64,arm64,64,-,1,-,2.6,256,0,-,-,0,supported,default,30 Gigabit,required,15,50,50,true,"cluster, partition, spread",0,0,true,supported,ebs,true,-,-,true,20000,80000,2500,20000,80000,2500,true,3.264 USD per Hour,3.376 USD per Hour,3.389 USD per Hour,,3.9552 USD per Hour,,,,,,,,,,
d2.4xlarge,d2,4xlarge,"ap-southeast-2, ap-southeast-2a, ap-southeast-2b, ap-southeast-2c",false,false,false,xen,16,x86_64,8,"1,2,3,4,5,6,7,8",2,"1,2",2.4,122,24576,true,hdd,12,supported,default,High,unsupported,8,30,30,true,"cluster, partition, spread",0,0,-,unsupported,"ebs, instance-store",true,-,-,false,2000,16000,250,2000,16000,250,false,3.48 USD per Hour,3.508 USD per Hour,3.58 USD per Hour,3.782 USD per Hour,3.653 USD per Hour,,,,,,,,,,
z1d.6xlarge,z1d,6xlarge,"ap-southeast-2, ap-southeast-2a, ap-southeast-2b, ap-southeast-2c",false,false,false,nitro,24,x86_64,12,"2,4,6,8,10,12",2,"1,2",4,192,900,true,ssd,1,supported,default,12 Gigabit,required,8,30,30,true,"cluster, partition, spread",0,0,-,unsupported,ebs,true,-,-,true,9500,40000,1187.5,9500,40000,1187.5,false,2.712 USD per Hour,2.754 USD per Hour,2.837 USD per Hour,3.816 USD per Hour,2.971 USD per Hour,,,,,,,,,,
i2.8xlarge,i2,8xlarge,"ap-southeast-2, ap-southeast-2a, ap-southeast-2b, ap-southeast-2c",false,false,false,xen,32,x86_64,16,"2,4,6,8,10,12,14,16",2,"1,2",2.5,244,6400,true,ssd,8,supported,unsupported,10 Gigabit,unsupported,8,30,30,true,"cluster, partition, spread",0,0,-,unsupported,"ebs, instance-store",true,-,-,false,0,0,0,0,0,0,false,8.14 USD per Hour,,8.24 USD per Hour,9.348 USD per Hour,8.49 USD per Hour,,,,,,,,,,
a1.4xlarge,a1,4xlarge,"ap-southeast-2, ap-southeast-2a, ap-southeast-2c",false,false,false,nitro,16,arm64,16,-,1,-,2.3,32,0,-,-,0,supported,default,Up to 10 Gigabit,required,8,30,30,true,"cluster, partition, spread",0,0,true,supported,ebs,true,-,-,false,3500,20000,437.5,3500,20000,437.5,false,0.5328 USD per Hour,,0.6578 USD per Hour,,0.7056 USD per Hour,,,,,,,,,,
m8g.48xlarge,m8g,48xlarge,"ap-southeast-2, ap-southeast-2a, ap-southeast-2b, ap-southeast-2c",false,false,false,nitro,192,arm64,192,"4,6,8,10,12,14,16,18,20,22,24,26,28,30,32,34,36,38,40,42,44,46,48,50,52,54,56,58,60,62,64,66,68,70,72,74,76,78,80,82,84,86,88,90,92,94,96,98,100,102,104,106,108,110,112,114,116,118,120,122,124,126,128,130,132,134,136,138,140,142,144,146,148,150,152,154,156,158,160,162,164,166,168,170,172,174,176,178,180,182,184,186,188,190,192",1,1,2.7,768,0,-,-,0,supported,default,50 Gigabit,required,15,50,50,true,"cluster, partition, spread",0,0,true,supported,ebs,true,-,-,true,40000,240000,5000,40000,240000,5000,true,10.7712 USD per Hour,11.1072 USD per Hour,10.8962 USD per Hour,,12.6144 USD per Hour,,,,,,,,,,
im4gn.large,im4gn,large,"ap-southeast-2, ap-southeast-2a, ap-southeast-2b, ap-southeast-2c",false,false,false,nitro,2,arm64,2,"1,2",1,1,2.5,8,937,true,ssd,1,supported,default,Up to 25 Gigabit,required,3,10,10,true,"cluster, partition, spread",0,0,-,unsupported,ebs,true,true,-,true,1250,5000,156.25,10000,40000,1250,false,0.21804 USD per Hour,0.22154 USD per Hour,0.27434 USD per Hour,,0.24684 USD per Hour,,,,,,,,,,
r6id.metal,r6id,metal,"ap-southeast-2, ap-southeast-2a, ap-southeast-2b, ap-southeast-2c",false,false,true,,128,x86_64,64,-,2,-,3.5,1024,7600,true,ssd,4,supported,default,50 Gigabit,required,15,50,50,true,"cluster, partition, spread",0,0,-,unsupported,ebs,true,-,-,true,40000,160000,5000,40000,160000,5000,true,11.136 USD per Hour,11.36 USD per Hour,11.261 USD per Hour,17.024 USD per Hour,12.3648 USD per Hour,,,,,,,,,,
r6g.xlarge,r6g,xlarge,"ap-southeast-2, ap-southeast-2a, ap-southeast-2b, ap-southeast-2c",false,false,false,nitro,4,arm64,4,"1,2,3,4",1,1,2.5,32,0,-,-,0,supported,default,Up to 10 Gigabit,required,4,15,15,true,"cluster, partition, spread",0,0,true,supported,ebs,true,true,-,true,1188,6000,148.5,4750,20000,593.75,false,0.2416 USD per Hour,0.2486 USD per Hour,0.2979 USD per Hour,,0.2992 USD per Hour,,,,,,,,,,
x2idn.32xlarge,x2idn,32xlarge,"ap-southeast-2, ap-southeast-2a, ap-southeast-2b, ap-southeast-2c",false,false,false,nitro,128,x86_64,64,"2,4,6,8,10,12,14,16,18,20,22,24,26,28,30,32,34,36,38,40,42,44,46,48,50,52,54,56,58,60,62,64",2,"1,2",3.5,2048,3800,true,ssd,2,supported,default,100 Gigabit,required,15,50,50,true,"cluster, partition, spread",0,0,true,unsupported,ebs,true,-,-,true,80000,260000,10000,80000,260000,10000,true,19.341 USD per Hour,19.565 USD per Hour,19.466 USD per Hour,25.229 USD per Hour,20.5698 USD per Hour,,,,,,,,,,
c7g.large,c7g,large,"ap-southeast-2, ap-southeast-2a, ap-southeast-2b, ap-southeast-2c",false,false,false,nitro,2,arm64,2,"1,2",1,1,2.6,4,0,-,-,0,supported,default,Up to 12.5 Gigabit,required,3,10,10,true,"cluster, partition, spread",0,0,true,supported,ebs,true,true,-,true,630,3600,78.75,10000,40000,1250,false,0.0944 USD per Hour,0.0979 USD per Hour,0.1507 USD per Hour,,0.1232 USD per Hour,,,,,,,,,,
i3.8xlarge,i3,8xlarge,"ap-southeast-2, ap-southeast-2a, ap-southeast-2b, ap-southeast-2c",false,false,false,xen,32,x86_64,16,"1,2,3,4,5,6,7,8,9,10,11,12,13,14,15,16",2,"1,2",2.3,244,7600,true,ssd,4,supported,default,10 Gigabit,supported,8,30,30,true,"cluster, partition, spread",0,0,-,unsupported,ebs,true,-,-,true,7000,32500,875,7000,32500,875,false,2.992 USD per Hour,3.048 USD per Hour,3.092 USD per Hour,4.464 USD per Hour,3.338 USD per Hour,,,,,,,,,,
g4dn.16xlarge,g4dn,16xlarge,"ap-southeast-2, ap-southeast-2a, ap-southeast-2b, ap-southeast-2c",false,false,false,nitro,64,x86_64,32,"2,4,6,8,10,12,14,16,18,20,22,24,26,28,30,32",2,"1,2",2.5,256,900,true,ssd,1,supported,default,50 Gigabit,required,4,15,15,true,"cluster, partition, spread",1,0,-,unsupported,ebs,-,-,-,true,9500,40000,1187.5,9500,40000,1187.5,false,5.659 USD per Hour,5.771 USD per Hour,5.784 USD per Hour,8.603 USD per Hour,6.35 USD per Hour,,,,,,,,,,
r4.large,r4,large,"ap-southeast-2, ap-southeast-2a, ap-southeast-2b, ap-southeast-2c",false,false,false,xen,2,x86_64,1,1,2,"1,2",2.3,15.3,0,-,-,0,supported,default,Up to 10 Gigabit,supported,3,10,10,true,"cluster, partition, spread",0,0,true,supported,ebs,true,true,-,false,425,3000,53.125,425,3000,53.125,false,0.1596 USD per Hour,0.1635 USD per Hour,0.2596 USD per Hour,0.2516 USD per Hour,0.1888 USD per Hour,,,,,,,,,,
r5d.metal,r5d,metal,"ap-southeast-2, ap-southeast-2a, ap-southeast-2b, ap-southeast-2c",false,false,true,,96,x86_64,48,-,2,-,3.1,768,3600,true,ssd,4,supported,default,25 Gigabit,required,15,50,50,true,"cluster, partition, spread",0,0,-,unsupported,ebs,true,-,-,true,19000,80000,2375,19000,80000,2375,false,8.352 USD per Hour,8.52 USD per Hour,8.477 USD per Hour,12.768 USD per Hour,9.389 USD per Hour,,,,,,,,,,
r8g.xlarge,r8g,xlarge,"ap-southeast-2, ap-southeast-2a, ap-southeast-2b, ap-southeast-2c",false,false,false,nitro,4,arm64,4,"1,2,3,4",1,1,2.8,32,0,-,-,0,supported,default,Up to 12.5 Gigabit,required,4,15,15,true,"cluster, partition, spread",0,0,true,supported,ebs,true,true,-,true,1250,6000,156.25,10000,40000,1250,false,0.2824 USD per Hour,0.2894 USD per Hour,0.3387 USD per Hour,,0.34 USD per Hour,,,,,,,,,,
m8g.metal-24xl,m8g,metal-24xl,"ap-southeast-2, ap-southeast-2a, ap-southeast-2b, ap-southeast-2c",false,false,true,,96,arm64,96,-,1,-,2.8,384,0,-,-,0,supported,default,40 Gigabit,required,15,50,50,true,"cluster, partition, spread",0,0,true,supported,ebs,true,-,-,true,30000,120000,3750,30000,120000,3750,true,5.3856 USD per Hour,5.5536 USD per Hour,5.5106 USD per Hour,,6.4224 USD per Hour,,,,,,,,,,
im4gn.16xlarge,im4gn,16xlarge,"ap-southeast-2, ap-southeast-2a, ap-southeast-2b, ap-southeast-2c",false,false,false,nitro,64,arm64,64,"1,2,3,4,5,6,7,8,9,10,11,12,13,14,15,16,17,18,19,20,21,22,23,24,25,26,27,28,29,30,31,32,33,34,35,36,37,38,39,40,41,42,43,44,45,46,47,48,49,50,51,52,53,54,55,56,57,58,59,60,61,62,63,64",1,1,2.5,256,30000,true,ssd,4,supported,default,100 Gigabit,required,15,50,50,true,"cluster, partition, spread",0,0,-,unsupported,ebs,true,-,-,true,40000,160000,5000,40000,160000,5000,true,6.97734 USD per Hour,7.08934 USD per Hour,7.10234 USD per Hour,,7.66854 USD per Hour,,,,,,,,,,
r7g.large,r7g,large,"ap-southeast-2, ap-southeast-2a, ap-southeast-2b, ap-southeast-2c",false,false,false,nitro,2,arm64,2,"1,2",1,1,2.6,16,0,-,-,0,supported,default,Up to 12.5 Gigabit,required,3,10,10,true,"cluster, partition, spread",0,0,true,supported,ebs,true,true,-,true,630,3600,78.75,10000,40000,1250,false,0.1284 USD per Hour,0.1319 USD per Hour,0.1847 USD per Hour,,0.1572 USD per Hour,,,,,,,,,,
i3.16xlarge,i3,16xlarge,"ap-southeast-2, ap-southeast-2a, ap-southeast-2b, ap-southeast-2c",false,false,false,xen,64,x86_64,32,"2,4,6,8,10,12,14,16,18,20,22,24,26,28,30,32",2,"1,2",2.3,488,15200,true,ssd,8,supported,default,25 Gigabit,supported,15,50,50,true,"cluster, partition, spread",0,0,-,unsupported,ebs,true,-,-,true,14000,65000,1750,14000,65000,1750,false,5.984 USD per Hour,6.096 USD per Hour,6.084 USD per Hour,8.928 USD per Hour,6.675 USD per Hour,,,,,,,,,,
m7g.2xlarge,m7g,2xlarge,"ap-southeast-2, ap-southeast-2a, ap-southeast-2b, ap-southeast-2c",false,false,false,nitro,8,arm64,8,"1,2,3,4,5,6,7,8",1,1,2.6,32,0,-,-,0,supported,default,Up to 15 Gigabit,required,4,15,15,true,"cluster, partition, spread",0,0,true,supported,ebs,true,true,-,true,2500,12000,312.5,10000,40000,1250,false,0.408 USD per Hour,0.422 USD per Hour,0.533 USD per Hour,,0.5232 USD per Hour,,,,,,,,,,
i4i.12xlarge,i4i,12xlarge,"ap-southeast-2, ap-southeast-2a, ap-southeast-2b, ap-southeast-2c",false,false,false,nitro,48,x86_64,24,"1,2,3,4,5,6,7,8,9,10,11,12,13,14,15,16,17,18,19,20,21,22,23,24",2,"1,2",3.5,384,11250,true,ssd,3,supported,default,28.12 Gigabit,required,8,30,30,true,"cluster, partition, spread",0,0,-,unsupported,ebs,-,-,-,true,15000,60000,1875,15000,60000,1875,true,4.937 USD per Hour,5.021 USD per Hour,5.062 USD per Hour,7.145 USD per Hour,5.455 USD per Hour,,,,,,,,,,
is4gen.large,is4gen,large,"ap-southeast-2, ap-southeast-2a, ap-southeast-2b, ap-southeast-2c",false,false,false,nitro,2,arm64,2,"1,2",1,1,2.5,12,1875,true,ssd,1,supported,default,Up to 25 Gigabit,required,3,10,10,true,"cluster, partition, spread",0,0,-,unsupported,ebs,-,true,-,true,1250,5000,156.25,10000,40000,1250,false,0.34553 USD per Hour,0.34903 USD per Hour,0.40183 USD per Hour,,0.37433 USD per Hour,,,,,,,,,,
p5e.48xlarge,p5e,48xlarge,ap-southeast-2b,false,false,false,nitro,192,x86_64,96,"12,24,36,48,60,72,84,96",2,"1,2",3.6,2048,30400,true,ssd,8,supported,default,3200 Gigabit,required,64,50,50,true,"cluster, partition, spread",8,0,-,unsupported,ebs,-,-,-,true,80000,260000,10000,80000,260000,10000,true,,,,,,,,,,,,,,,
r5a.8xlarge,r5a,8xlarge,"ap-southeast-2, ap-southeast-2a, ap-southeast-2b, ap-southeast-2c",false,false,false,nitro,32,x86_64,16,"4,6,8,10,12,14,16",2,"1,2",2.5,256,0,-,-,0,supported,default,Up to 10 Gigabit,required,8,30,30,true,"cluster, partition, spread",0,0,true,supported,ebs,-,-,-,true,4750,20000,593.75,4750,20000,593.75,false,2.176 USD per Hour,2.232 USD per Hour,2.301 USD per Hour,3.648 USD per Hour,2.522 USD per Hour,,,,,,,,,,
d3.4xlarge,d3,4xlarge,"ap-southeast-2, ap-southeast-2a, ap-southeast-2b, ap-southeast-2c",false,false,false,nitro,16,x86_64,8,"2,4,6,8",2,"1,2",3.1,128,23760,true,hdd,12,supported,default,Up to 15 Gigabit,required,4,10,10,true,"cluster, partition, spread",0,0,-,unsupported,ebs,-,-,-,true,2800,15000,350,2800,15000,350,false,2.504 USD per Hour,2.532 USD per Hour,2.629 USD per Hour,3.24 USD per Hour,2.677 USD per Hour,,,,,,,,,,
c7gd.metal,c7gd,metal,"ap-southeast-2, ap-southeast-2a, ap-southeast-2b, ap-southeast-2c",false,false,true,,64,arm64,64,-,1,-,2.6,128,3800,true,ssd,2,supported,default,30 Gigabit,required,15,50,50,true,"cluster, partition, spread",0,0,-,unsupported,ebs,true,-,-,true,20000,80000,2500,20000,80000,2500,true,3.8106 USD per Hour,3.9226 USD per Hour,3.9356 USD per Hour,,4.5018 USD per Hour,,,,,,,,,,
c5.2xlarge,c5,2xlarge,"ap-southeast-2, ap-southeast-2-akl-1, ap-southeast-2-per-1, ap-southeast-2a, ap-southeast-2b, ap-southeast-2c",false,false,false,nitro,8,x86_64,4,"2,4",2,"1,2",3.4,16,0,-,-,0,supported,default,Up to 10 Gigabit,required,4,15,15,true,"cluster, partition, spread",0,0,true,supported,ebs,true,true,-,true,2300,10000,287.5,4750,20000,593.75,false,0.444 USD per Hour,0.458 USD per Hour,0.544 USD per Hour,0.812 USD per Hour,0.559 USD per Hour,0.724 USD per Hour,0.967 USD per Hour,0.715 USD per Hour,0.599 USD per Hour,0.613 USD per Hour,0.724 USD per Hour,0.613 USD per Hour,0.715 USD per Hour,0.967 USD per Hour,0.599 USD per Hour
m7i.xlarge,m7i,xlarge,"ap-southeast-2, ap-southeast-2a, ap-southeast-2b, ap-southeast-2c",false,false,false,nitro,4,x86_64,2,"1,2",2,"1,2",3.2,16,0,-,-,0,supported,default,Up to 12.5 Gigabit,required,4,15,15,true,"cluster, partition, spread",0,0,true,supported,ebs,true,true,-,true,1250,6000,156.25,10000,40000,1250,false,0.252 USD per Hour,0.259 USD per Hour,0.3083 USD per Hour,0.436 USD per Hour,0.3096 USD per Hour,,,,,,,,,,
c7i.12xlarge,c7i,12xlarge,"ap-southeast-2, ap-southeast-2a, ap-southeast-2b, ap-southeast-2c",false,false,false,nitro,48,x86_64,24,"1,2,3,4,5,6,7,8,9,10,11,12,13,14,15,16,17,18,19,20,21,22,23,24",2,"1,2",3.2,96,0,-,-,0,supported,default,18.75 Gigabit,required,8,30,30,true,"cluster, partition, spread",0,0,true,supported,ebs,true,true,-,true,15000,60000,1875,15000,60000,1875,true,2.7972 USD per Hour,2.8812 USD per Hour,2.9222 USD per Hour,5.0052 USD per Hour,3.3156 USD per Hour,,,,,,,,,,
x2iedn.24xlarge,x2iedn,24xlarge,"ap-southeast-2, ap-southeast-2a, ap-southeast-2b, ap-southeast-2c",false,false,false,nitro,96,x86_64,48,"2,4,6,8,10,12,14,16,18,20,22,24,26,28,30,32,34,36,38,40,42,44,46,48",2,"1,2",3.5,3072,2850,true,ssd,2,supported,default,75 Gigabit,required,15,50,50,true,"cluster, partition, spread",0,0,true,unsupported,ebs,true,-,-,true,60000,195000,7500,60000,195000,7500,true,29.0115 USD per Hour,29.1795 USD per Hour,29.1365 USD per Hour,33.4275 USD per Hour,30.0483 USD per Hour,,,,,,,,,,
g6.12xlarge,g6,12xlarge,"ap-southeast-2, ap-southeast-2a, ap-southeast-2c",false,false,false,nitro,48,x86_64,24,"1,2,3,6,9,12,15,18,21,24",2,"1,2",3.4,192,3760,true,ssd,4,supported,default,40 Gigabit,required,8,30,30,true,"cluster, partition, spread",4,0,-,unsupported,ebs,-,-,-,true,20000,80000,2500,20000,80000,2500,false,5.98299 USD per Hour,6.06699 USD per Hour,6.10799 USD per Hour,8.19099 USD per Hour,6.50139 USD per Hour,,,,,,,,,,
m6idn.8xlarge,m6idn,8xlarge,"ap-southeast-2, ap-southeast-2a, ap-southeast-2b, ap-southeast-2c",false,false,false,nitro,32,x86_64,16,"1,2,3,4,5,6,7,8,9,10,11,12,13,14,15,16",2,"1,2",3.5,128,1900,true,ssd,1,supported,default,50 Gigabit,required,8,30,30,true,"cluster, partition, spread",0,0,-,unsupported,ebs,true,true,-,true,25000,100000,3125,25000,100000,3125,true,3.21984 USD per Hour,3.27584 USD per Hour,3.34484 USD per Hour,4.69184 USD per Hour,3.56544 USD per Hour,,,,,,,,,,
c7gd.12xlarge,c7gd,12xlarge,"ap-southeast-2, ap-southeast-2a, ap-southeast-2b, ap-southeast-2c",false,false,false,nitro,48,arm64,48,"1,2,3,4,5,6,7,8,9,10,11,12,13,14,15,16,17,18,19,20,21,22,23,24,25,26,27,28,29,30,31,32,33,34,35,36,37,38,39,40,41,42,43,44,45,46,47,48",1,1,2.6,96,2850,true,ssd,2,supported,default,22.5 Gigabit,required,8,30,30,true,"cluster, partition, spread",0,0,-,unsupported,ebs,true,true,-,true,15000,60000,1875,15000,60000,1875,true,2.8579 USD per Hour,2.9419 USD per Hour,2.9829 USD per Hour,,3.3763 USD per Hour,,,,,,,,,,
m5.large,m5,large,"ap-southeast-2, ap-southeast-2-per-1, ap-southeast-2a, ap-southeast-2b, ap-southeast-2c",false,false,false,nitro,2,x86_64,1,1,2,"1,2",3.1,8,0,-,-,0,supported,default,Up to 10 Gigabit,required,3,10,10,true,"cluster, partition, spread",0,0,true,supported,ebs,true,true,-,true,650,3600,81.25,4750,18750,593.75,false,0.12 USD per Hour,0.124 USD per Hour,0.176 USD per Hour,0.212 USD per Hour,0.149 USD per Hour,,,,,,0.218 USD per Hour,0.166 USD per Hour,0.191 USD per Hour,0.254 USD per Hour,0.162 USD per Hour
g6.16xlarge,g6,16xlarge,"ap-southeast-2, ap-southeast-2a, ap-southeast-2c",false,false,false,nitro,64,x86_64,32,"1,2,3,4,8,12,16,20,24,28,32",2,"1,2",3.4,256,1880,true,ssd,2,supported,default,25 Gigabit,required,15,50,50,true,"cluster, partition, spread",1,0,-,unsupported,ebs,-,-,-,true,20000,80000,2500,20000,80000,2500,false,4.41652 USD per Hour,4.52852 USD per Hour,4.54152 USD per Hour,7.36052 USD per Hour,5.10772 USD per Hour,,,,,,,,,,
r5n.xlarge,r5n,xlarge,"ap-southeast-2, ap-southeast-2a, ap-southeast-2b, ap-southeast-2c",false,false,false,nitro,4,x86_64,2,"1,2",2,"1,2",3.1,32,0,-,-,0,supported,default,Up to 25 Gigabit,required,4,15,15,true,"cluster, partition, spread",0,0,true,supported,ebs,true,-,-,true,1150,6000,143.75,4750,18750,593.75,false,0.362 USD per Hour,0.369 USD per Hour,0.418 USD per Hour,0.546 USD per Hour,0.42 USD per Hour,,,,,,,,,,
m7a.2xlarge,m7a,2xlarge,"ap-southeast-2, ap-southeast-2a, ap-southeast-2b, ap-southeast-2c",false,false,false,nitro,8,x86_64,8,"1,2,3,4,5,6,7,8",1,1,3.7,32,0,-,-,0,supported,default,Up to 12.5 Gigabit,required,4,15,15,true,"cluster, partition, spread",0,0,true,supported,ebs,true,true,-,true,2500,12000,312.5,10000,40000,1250,false,0.5796 USD per Hour,0.5936 USD per Hour,0.7046 USD per Hour,0.9476 USD per Hour,0.6948 USD per Hour,,,,,,,,,,
z1d.large,z1d,large,"ap-southeast-2, ap-southeast-2a, ap-southeast-2b, ap-southeast-2c",false,false,false,nitro,2,x86_64,1,1,2,"1,2",4,16,75,true,ssd,1,supported,default,Up to 10 Gigabit,required,3,10,10,true,"cluster, partition, spread",0,0,-,unsupported,ebs,true,-,-,true,800,3333,100,3170,13333,396.25,false,0.226 USD per Hour,0.23 USD per Hour,0.282 USD per Hour,0.318 USD per Hour,0.255 USD per Hour,,,,,,,,,,
r5.12xlarge,r5,12xlarge,"ap-southeast-2, ap-southeast-2-per-1, ap-southeast-2a, ap-southeast-2b, ap-southeast-2c",false,false,false,nitro,48,x86_64,24,"2,4,6,8,10,12,14,16,18,20,22,24",2,"1,2",3.1,384,0,-,-,0,supported,default,12 Gigabit,required,8,30,30,true,"cluster, partition, spread",0,0,true,supported,ebs,true,-,-,true,9500,40000,1187.5,9500,40000,1187.5,false,3.624 USD per Hour,3.708 USD per Hour,3.749 USD per Hour,5.832 USD per Hour,4.142 USD per Hour,,,,,,5.017 USD per Hour,4.976 USD per Hour,5.411 USD per Hour,7.1 USD per Hour,4.892 USD per Hour
r5dn.2xlarge,r5dn,2xlarge,"ap-southeast-2, ap-southeast-2a, ap-southeast-2b, ap-southeast-2c",false,false,false,nitro,8,x86_64,4,"2,4",2,"1,2",3.1,64,300,true,ssd,1,supported,default,Up to 25 Gigabit,required,4,15,15,true,"cluster, partition, spread",0,0,-,unsupported,ebs,true,-,-,true,2300,12000,287.5,4750,18750,593.75,false,0.816 USD per Hour,0.83 USD per Hour,0.941 USD per Hour,1.184 USD per Hour,0.9312 USD per Hour,,,,,,,,,,
r6gd.12xlarge,r6gd,12xlarge,"ap-southeast-2, ap-southeast-2a, ap-southeast-2b, ap-southeast-2c",false,false,false,nitro,48,arm64,48,"1,2,3,4,5,6,7,8,9,10,11,12,13,14,15,16,17,18,19,20,21,22,23,24,25,26,27,28,29,30,31,32,33,34,35,36,37,38,39,40,41,42,43,44,45,46,47,48",1,1,2.5,384,2850,true,ssd,2,supported,default,20 Gigabit,required,8,30,30,true,"cluster, partition, spread",0,0,-,unsupported,ebs,true,-,-,true,14250,50000,1781.25,14250,50000,1781.25,false,3.336 USD per Hour,3.42 USD per Hour,3.461 USD per Hour,,3.8544 USD per Hour,,,,,,,,,,
m6in.8xlarge,m6in,8xlarge,"ap-southeast-2, ap-southeast-2a, ap-southeast-2b, ap-southeast-2c",false,false,false,nitro,32,x86_64,16,"1,2,3,4,5,6,7,8,9,10,11,12,13,14,15,16",2,"1,2",3.5,128,0,-,-,0,supported,default,50 Gigabit,required,8,30,30,true,"cluster, partition, spread",0,0,true,supported,ebs,true,true,-,true,25000,100000,3125,25000,100000,3125,true,2.808 USD per Hour,2.864 USD per Hour,2.933 USD per Hour,4.28 USD per Hour,3.1536 USD per Hour,,,,,,,,,,
x2iedn.32xlarge,x2iedn,32xlarge,"ap-southeast-2, ap-southeast-2a, ap-southeast-2b, ap-southeast-2c",false,false,false,nitro,128,x86_64,64,"2,4,6,8,10,12,14,16,18,20,22,24,26,28,30,32,34,36,38,40,42,44,46,48,50,52,54,56,58,60,62,64",2,"1,2",3.5,4096,3800,true,ssd,2,supported,default,100 Gigabit,required,15,50,50,true,"cluster, partition, spread",0,0,true,unsupported,ebs,true,-,-,true,80000,260000,10000,80000,260000,10000,true,38.682 USD per Hour,38.906 USD per Hour,38.807 USD per Hour,44.57 USD per Hour,39.9108 USD per Hour,,,,,,,,,,
m6a.24xlarge,m6a,24xlarge,"ap-southeast-2, ap-southeast-2a, ap-southeast-2b, ap-southeast-2c",false,false,false,nitro,96,x86_64,48,"4,6,8,10,12,14,16,32,48",2,"1,2",3.6,384,0,-,-,0,supported,default,37.5 Gigabit,required,15,50,50,true,"cluster, partition, spread",0,0,true,supported,ebs,true,-,-,true,30000,120000,3750,30000,120000,3750,true,5.184 USD per Hour,5.352 USD per Hour,5.309 USD per Hour,9.6 USD per Hour,6.2208 USD per Hour,,,,,,,,,,
t2.nano,t2,nano,"ap-southeast-2, ap-southeast-2a, ap-southeast-2b, ap-southeast-2c",false,false,false,xen,1,"i386, x86_64",1,-,1,-,2.4,0.5,0,-,-,0,supported,unsupported,Low to Moderate,unsupported,2,2,2,true,"partition, spread",0,0,true,supported,ebs,-,true,true,true,0,0,0,0,0,0,false,0.0073 USD per Hour,0.0091 USD per Hour,0.0073 USD per Hour,0.0096 USD per Hour,,,,,,,,,,,
r6g.metal,r6g,metal,"ap-southeast-2, ap-southeast-2a, ap-southeast-2b, ap-southeast-2c",false,false,true,,64,arm64,64,-,1,-,2.5,512,0,-,-,0,supported,default,25 Gigabit,required,15,50,50,true,"cluster, partition, spread",0,0,true,supported,ebs,true,-,-,true,19000,80000,2375,19000,80000,2375,false,3.8656 USD per Hour,3.9776 USD per Hour,3.9906 USD per Hour,,4.5568 USD per Hour,,,,,,,,,,
r6g.2xlarge,r6g,2xlarge,"ap-southeast-2, ap-southeast-2a, ap-southeast-2b, ap-southeast-2c",false,false,false,nitro,8,arm64,8,"1,2,3,4,5,6,7,8",1,1,2.5,64,0,-,-,0,supported,default,Up to 10 Gigabit,required,4,15,15,true,"cluster, partition, spread",0,0,true,supported,ebs,true,true,-,true,2375,12000,296.875,4750,20000,593.75,false,0.4832 USD per Hour,0.4972 USD per Hour,0.6082 USD per Hour,,0.5984 USD per Hour,,,,,,,,,,
m6i.2xlarge,m6i,2xlarge,"ap-southeast-2, ap-southeast-2a, ap-southeast-2b, ap-southeast-2c",false,false,false,nitro,8,x86_64,4,"2,4",2,"1,2",3.5,32,0,-,-,0,supported,default,Up to 12.5 Gigabit,required,4,15,15,true,"cluster, partition, spread",0,0,true,supported,ebs,true,true,-,true,2500,12000,312.5,10000,40000,1250,false,0.48 USD per Hour,0.494 USD per Hour,0.605 USD per Hour,0.848 USD per Hour,0.5952 USD per Hour,,,,,,,,,,
m6a.xlarge,m6a,xlarge,"ap-southeast-2, ap-southeast-2a, ap-southeast-2b, ap-southeast-2c",false,false,false,nitro,4,x86_64,2,"1,2",2,"1,2",3.6,16,0,-,-,0,supported,default,Up to 12.5 Gigabit,required,4,15,15,true,"cluster, partition, spread",0,0,true,supported,ebs,true,true,-,true,1250,6000,156.25,10000,40000,1250,false,0.216 USD per Hour,0.223 USD per Hour,0.2723 USD per Hour,0.4 USD per Hour,0.2736 USD per Hour,,,,,,,,,,
m7i-flex.xlarge,m7i-flex,xlarge,"ap-southeast-2, ap-southeast-2a, ap-southeast-2b, ap-southeast-2c",false,false,false,nitro,4,x86_64,2,"1,2",2,"1,2",3.2,16,0,-,-,0,supported,default,Up to 12.5 Gigabit,required,4,15,15,true,"partition, spread",0,0,true,supported,ebs,-,true,-,true,625,3600,78.125,10000,40000,1250,false,0.2394 USD per Hour,0.2464 USD per Hour,0.2957 USD per Hour,0.4142 USD per Hour,0.297 USD per Hour,,,,,,,,,,
r7i.48xlarge,r7i,48xlarge,"ap-southeast-2, ap-southeast-2a, ap-southeast-2b, ap-southeast-2c",false,false,false,nitro,192,x86_64,96,"4,6,8,10,12,14,16,18,20,22,24,26,28,30,32,34,36,38,40,42,44,46,48,50,52,54,56,58,60,62,64,66,68,70,72,74,76,78,80,82,84,86,88,90,92,94,96",2,"1,2",3.2,1536,0,-,-,0,supported,default,50 Gigabit,required,15,50,50,true,"cluster, partition, spread",0,0,true,supported,ebs,-,-,-,true,40000,240000,5000,40000,240000,5000,true,15.2208 USD per Hour,15.5568 USD per Hour,15.3458 USD per Hour,24.0528 USD per Hour,17.064 USD per Hour,,,,,,,,,,
m3.medium,m3,medium,"ap-southeast-2, ap-southeast-2a, ap-southeast-2b, ap-southeast-2c",false,false,false,xen,1,x86_64,1,-,1,-,2.5,3.75,4,true,ssd,1,supported,unsupported,Moderate,unsupported,2,6,0,-,"partition, spread",0,0,true,unsupported,"ebs, instance-store",true,true,-,false,0,0,0,0,0,0,false,0.093 USD per Hour,0.095 USD per Hour,0.193 USD per Hour,0.156 USD per Hour,0.107 USD per Hour,,,,,,,,,,
p3.8xlarge,p3,8xlarge,"ap-southeast-2, ap-southeast-2a",false,false,false,xen,32,x86_64,16,"1,2,3,4,5,6,7,8,9,10,11,12,13,14,15,16",2,"1,2",2.7,244,0,-,-,0,supported,default,10 Gigabit,supported,8,30,30,true,"cluster, partition, spread",4,0,true,supported,ebs,true,-,-,true,7000,40000,875,7000,40000,875,false,16.936 USD per Hour,16.992 USD per Hour,17.036 USD per Hour,18.408 USD per Hour,17.282 USD per Hour,,,,,,,,,,
is4gen.8xlarge,is4gen,8xlarge,"ap-southeast-2, ap-southeast-2a, ap-southeast-2b, ap-southeast-2c",false,false,false,nitro,32,arm64,32,"1,2,3,4,5,6,7,8,9,10,11,12,13,14,15,16,17,18,19,20,21,22,23,24,25,26,27,28,29,30,31,32",1,1,2.5,192,30000,true,ssd,4,supported,default,50 Gigabit,required,8,30,30,true,"cluster, partition, spread",0,0,-,unsupported,ebs,-,-,-,true,20000,80000,2500,20000,80000,2500,false,5.52842 USD per Hour,5.58442 USD per Hour,5.65342 USD per Hour,,5.87402 USD per Hour,,,,,,,,,,
z1d.3xlarge,z1d,3xlarge,"ap-southeast-2, ap-southeast-2a, ap-southeast-2b, ap-southeast-2c",false,false,false,nitro,12,x86_64,6,"2,4,6",2,"1,2",4,96,450,true,ssd,1,supported,default,Up to 10 Gigabit,required,8,30,30,true,"cluster, partition, spread",0,0,-,unsupported,ebs,true,-,-,true,4750,20000,593.75,4750,20000,593.75,false,1.356 USD per Hour,1.377 USD per Hour,1.481 USD per Hour,1.908 USD per Hour,1.486 USD per Hour,,,,,,,,,,
i7ie.6xlarge,i7ie,6xlarge,"ap-southeast-2, ap-southeast-2a, ap-southeast-2b, ap-southeast-2c",false,false,false,nitro,24,x86_64,12,"1,2,3,4,5,6,7,8,9,10,11,12",2,"1,2",3.6,192,15000,true,ssd,2,supported,default,Up to 25 Gigabit,required,8,30,30,true,"cluster, partition, spread",0,0,-,unsupported,ebs,true,-,-,true,7500,30000,937.5,10000,40000,1250,false,3.7398 USD per Hour,3.7818 USD per Hour,3.8648 USD per Hour,4.8438 USD per Hour,3.999 USD per Hour,,,,,,,,,,
x2iedn.8xlarge,x2iedn,8xlarge,"ap-southeast-2, ap-southeast-2a, ap-southeast-2b, ap-southeast-2c",false,false,false,nitro,32,x86_64,16,"2,4,6,8,10,12,14,16",2,"1,2",3.5,1024,950,true,ssd,1,supported,default,25 Gigabit,required,8,30,30,true,"cluster, partition, spread",0,0,true,unsupported,ebs,true,-,-,true,20000,65000,2500,20000,65000,2500,true,9.6705 USD per Hour,9.7265 USD per Hour,9.7955 USD per Hour,11.1425 USD per Hour,10.0161 USD per Hour,,,,,,,,,,
m6a.32xlarge,m6a,32xlarge,"ap-southeast-2, ap-southeast-2a, ap-southeast-2b, ap-southeast-2c",false,false,false,nitro,128,x86_64,64,"8,12,16,20,24,28,32,64",2,"1,2",3.6,512,0,-,-,0,supported,default,50 Gigabit,required,15,50,50,true,"cluster, partition, spread",0,0,true,supported,ebs,true,-,-,true,40000,160000,5000,40000,160000,5000,true,6.912 USD per Hour,7.136 USD per Hour,7.037 USD per Hour,12.8 USD per Hour,8.1408 USD per Hour,,,,,,,,,,
i4i.xlarge,i4i,xlarge,"ap-southeast-2, ap-southeast-2a, ap-southeast-2b, ap-southeast-2c",false,false,false,nitro,4,x86_64,2,"1,2",2,"1,2",3.5,32,937,true,ssd,1,supported,default,Up to 10 Gigabit,required,4,15,15,true,"cluster, partition, spread",0,0,-,unsupported,ebs,true,-,-,true,1250,5000,156.25,10000,40000,1250,false,0.411 USD per Hour,0.418 USD per Hour,0.468 USD per Hour,0.595 USD per Hour,0.469 USD per Hour,,,,,,,,,,
f2.12xlarge,f2,12xlarge,"ap-southeast-2, ap-southeast-2a",false,false,false,nitro,48,x86_64,24,"1,2,3,6,9,12,15,18,21,24",2,"1,2",3.4,512,1880,true,ssd,2,supported,default,25 Gigabit,required,8,30,30,true,"cluster, partition, spread",0,2,-,unsupported,ebs,true,-,-,true,15000,60000,1875,15000,60000,1875,false,4.752 USD per Hour,4.836 USD per Hour,4.877 USD per Hour,,5.2704 USD per Hour,,,,,,,,,,
r6i.32xlarge,r6i,32xlarge,"ap-southeast-2, ap-southeast-2a, ap-southeast-2b, ap-southeast-2c",false,false,false,nitro,128,x86_64,64,"2,4,6,8,10,12,14,16,18,20,22,24,26,28,30,32,34,36,38,40,42,44,46,48,50,52,54,56,58,60,62,64",2,"1,2",3.5,1024,0,-,-,0,supported,default,50 Gigabit,required,15,50,50,true,"cluster, partition, spread",0,0,true,supported,ebs,true,-,-,true,40000,160000,5000,40000,160000,5000,true,9.664 USD per Hour,9.888 USD per Hour,9.789 USD per Hour,15.552 USD per Hour,10.8928 USD per Hour,,,,,,,,,,
c6gd.2xlarge,c6gd,2xlarge,"ap-southeast-2, ap-southeast-2a, ap-southeast-2b, ap-southeast-2c",false,false,false,nitro,8,arm64,8,"1,2,3,4,5,6,7,8",1,1,2.5,16,474,true,ssd,1,supported,default,Up to 10 Gigabit,required,4,15,15,true,"cluster, partition, spread",0,0,-,unsupported,ebs,true,true,-,true,2375,12000,296.875,4750,20000,593.75,false,0.404 USD per Hour,0.418 USD per Hour,0.529 USD per Hour,,0.5192 USD per Hour,,,,,,,,,,
c5a.large,c5a,large,"ap-southeast-2, ap-southeast-2a, ap-southeast-2b, ap-southeast-2c",false,false,false,nitro,2,x86_64,1,1,2,"1,2",3.3,4,0,-,-,0,supported,default,Up to 10 Gigabit,required,3,10,10,true,"cluster, partition, spread",0,0,true,supported,ebs,-,-,-,true,200,800,25,3170,13300,396.25,false,0.1 USD per Hour,0.104 USD per Hour,0.156 USD per Hour,0.192 USD per Hour,0.129 USD per Hour,,,,,,,,,,
r5dn.4xlarge,r5dn,4xlarge,"ap-southeast-2, ap-southeast-2a, ap-southeast-2b, ap-southeast-2c",false,false,false,nitro,16,x86_64,8,"2,4,6,8",2,"1,2",3.1,128,600,true,ssd,2,supported,default,Up to 25 Gigabit,required,8,30,30,true,"cluster, partition, spread",0,0,-,unsupported,ebs,true,-,-,true,4750,18750,593.75,4750,18750,593.75,false,1.632 USD per Hour,1.66 USD per Hour,1.757 USD per Hour,2.368 USD per Hour,1.8048 USD per Hour,,,,,,,,,,
c6gd.medium,c6gd,medium,"ap-southeast-2, ap-southeast-2a, ap-southeast-2b, ap-southeast-2c",false,false,false,nitro,1,arm64,1,-,1,-,2.5,2,59,true,ssd,1,supported,default,Up to 10 Gigabit,required,2,4,4,true,"cluster, partition, spread",0,0,-,unsupported,ebs,true,true,-,true,315,2500,39.375,4750,20000,593.75,false,0.0505 USD per Hour,0.0523 USD per Hour,0.0815 USD per Hour,,0.0649 USD per Hour,,,,,,,,,,
x1.32xlarge,x1,32xlarge,"ap-southeast-2, ap-southeast-2a, ap-southeast-2c",false,false,false,xen,128,x86_64,64,"4,8,12,16,20,24,28,32,36,40,44,48,52,56,60,64",2,"1,2",2.3,1952,3840,true,ssd,2,supported,default,25 Gigabit,supported,8,30,30,true,"cluster, partition, spread",0,0,true,unsupported,"ebs, instance-store",true,-,-,true,14000,80000,1750,14000,80000,1750,false,19.341 USD per Hour,19.566 USD per Hour,19.441 USD per Hour,25.229 USD per Hour,20.571 USD per Hour,,,,,,,,,,
r7g.16xlarge,r7g,16xlarge,"ap-southeast-2, ap-southeast-2a, ap-southeast-2b, ap-southeast-2c",false,false,false,nitro,64,arm64,64,"1,2,3,4,5,6,7,8,9,10,11,12,13,14,15,16,17,18,19,20,21,22,23,24,25,26,27,28,29,30,31,32,33,34,35,36,37,38,39,40,41,42,43,44,45,46,47,48,49,50,51,52,53,54,55,56,57,58,59,60,61,62,63,64",1,1,2.6,512,0,-,-,0,supported,default,30 Gigabit,required,15,50,50,true,"cluster, partition, spread",0,0,true,supported,ebs,true,-,-,true,20000,80000,2500,20000,80000,2500,true,4.1075 USD per Hour,4.2195 USD per Hour,4.2325 USD per Hour,,4.7987 USD per Hour,,,,,,,,,,
m6gd.2xlarge,m6gd,2xlarge,"ap-southeast-2, ap-southeast-2a, ap-southeast-2b, ap-southeast-2c",false,false,false,nitro,8,arm64,8,"1,2,3,4,5,6,7,8",1,1,2.5,32,474,true,ssd,1,supported,default,Up to 10 Gigabit,required,4,15,15,true,"cluster, partition, spread",0,0,-,unsupported,ebs,true,true,-,true,2375,12000,296.875,4750,20000,593.75,false,0.456 USD per Hour,0.47 USD per Hour,0.581 USD per Hour,,0.5712 USD per Hour,,,,,,,,,,
m6id.8xlarge,m6id,8xlarge,"ap-southeast-2, ap-southeast-2a, ap-southeast-2b, ap-southeast-2c",false,false,false,nitro,32,x86_64,16,"2,4,6,8,10,12,14,16",2,"1,2",3.5,128,1900,true,ssd,1,supported,default,12.5 Gigabit,required,8,30,30,true,"cluster, partition, spread",0,0,-,unsupported,ebs,true,true,-,true,10000,40000,1250,10000,40000,1250,true,2.3856 USD per Hour,2.4416 USD per Hour,2.5106 USD per Hour,3.8576 USD per Hour,2.7312 USD per Hour,,,,,,,,,,
c6id.2xlarge,c6id,2xlarge,"ap-southeast-2, ap-southeast-2a, ap-southeast-2b, ap-southeast-2c",false,false,false,nitro,8,x86_64,4,"2,4",2,"1,2",3.5,16,474,true,ssd,1,supported,default,Up to 12.5 Gigabit,required,4,15,15,true,"cluster, partition, spread",0,0,-,unsupported,ebs,true,true,-,true,2500,12000,312.5,10000,40000,1250,false,0.5292 USD per Hour,0.5432 USD per Hour,0.6542 USD per Hour,0.8972 USD per Hour,0.6444 USD per Hour,,,,,,,,,,
c6id.xlarge,c6id,xlarge,"ap-southeast-2, ap-southeast-2a, ap-southeast-2b, ap-southeast-2c",false,false,false,nitro,4,x86_64,2,"1,2",2,"1,2",3.5,8,237,true,ssd,1,supported,default,Up to 12.5 Gigabit,required,4,15,15,true,"cluster, partition, spread",0,0,-,unsupported,ebs,true,true,-,true,1250,6000,156.25,10000,40000,1250,false,0.2646 USD per Hour,0.2716 USD per Hour,0.3209 USD per Hour,0.4486 USD per Hour,0.3222 USD per Hour,,,,,,,,,,
r6a.large,r6a,large,"ap-southeast-2, ap-southeast-2a, ap-southeast-2b, ap-southeast-2c",false,false,false,nitro,2,x86_64,1,1,2,"1,2",3.6,16,0,-,-,0,supported,default,Up to 12.5 Gigabit,required,3,10,10,true,"cluster, partition, spread",0,0,true,supported,ebs,true,true,-,true,650,3600,81.25,10000,40000,1250,false,0.1359 USD per Hour,0.1394 USD per Hour,0.1922 USD per Hour,0.2279 USD per Hour,0.1647 USD per Hour,,,,,,,,,,
m3.large,m3,large,"ap-southeast-2, ap-southeast-2a, ap-southeast-2b, ap-southeast-2c",false,false,false,xen,2,x86_64,1,1,2,"1,2",2.5,7.5,32,true,ssd,1,supported,unsupported,Moderate,unsupported,3,10,0,-,"partition, spread",0,0,true,unsupported,"ebs, instance-store",true,true,-,false,0,0,0,0,0,0,false,0.186 USD per Hour,0.19 USD per Hour,0.286 USD per Hour,0.312 USD per Hour,0.215 USD per Hour,,,,,,,,,,
r8g.2xlarge,r8g,2xlarge,"ap-southeast-2, ap-southeast-2a, ap-southeast-2b, ap-southeast-2c",false,false,false,nitro,8,arm64,8,"1,2,3,4,5,6,7,8",1,1,2.8,64,0,-,-,0,supported,default,Up to 15 Gigabit,required,4,15,15,true,"cluster, partition, spread",0,0,true,supported,ebs,true,true,-,true,2500,12000,312.5,10000,40000,1250,false,0.5648 USD per Hour,0.5788 USD per Hour,0.6898 USD per Hour,,0.68 USD per Hour,,,,,,,,,,
m6g.2xlarge,m6g,2xlarge,"ap-southeast-2, ap-southeast-2a, ap-southeast-2b, ap-southeast-2c",false,false,false,nitro,8,arm64,8,"1,2,3,4,5,6,7,8",1,1,2.5,32,0,-,-,0,supported,default,Up to 10 Gigabit,required,4,15,15,true,"cluster, partition, spread",0,0,true,supported,ebs,true,true,-,true,2375,12000,296.875,4750,20000,593.75,false,0.384 USD per Hour,0.398 USD per Hour,0.509 USD per Hour,,0.4992 USD per Hour,,,,,,,,,,
m8g.medium,m8g,medium,"ap-southeast-2, ap-southeast-2a, ap-southeast-2b, ap-southeast-2c",false,false,false,nitro,1,arm64,1,-,1,-,2.8,4,0,-,-,0,supported,default,Up to 12.5 Gigabit,required,2,4,4,true,"cluster, partition, spread",0,0,true,supported,ebs,true,true,-,true,315,2500,39.375,10000,40000,1250,false,0.0561 USD per Hour,0.05785 USD per Hour,0.1124 USD per Hour,,0.0705 USD per Hour,,,,,,,,,,
c5n.xlarge,c5n,xlarge,"ap-southeast-2, ap-southeast-2a, ap-southeast-2b, ap-southeast-2c",false,false,false,nitro,4,x86_64,2,2,2,"1,2",3.4,10.5,0,-,-,0,supported,default,Up to 25 Gigabit,required,4,15,15,true,"cluster, partition, spread",0,0,true,supported,ebs,true,-,-,true,1150,6000,143.75,4750,20000,593.75,false,0.282 USD per Hour,0.289 USD per Hour,0.338 USD per Hour,0.466 USD per Hour,0.34 USD per Hour,,,,,,,,,,
c8g.4xlarge,c8g,4xlarge,"ap-southeast-2, ap-southeast-2a, ap-southeast-2b, ap-southeast-2c",false,false,false,nitro,16,arm64,16,"1,2,3,4,5,6,7,8,9,10,11,12,13,14,15,16",1,1,2.8,32,0,-,-,0,supported,default,Up to 15 Gigabit,required,8,30,30,true,"cluster, partition, spread",0,0,true,supported,ebs,true,true,-,true,5000,20000,625,10000,40000,1250,false,0.8304 USD per Hour,0.8584 USD per Hour,0.9554 USD per Hour,,1.0032 USD per Hour,,,,,,,,,,
is4gen.medium,is4gen,medium,"ap-southeast-2, ap-southeast-2a, ap-southeast-2b, ap-southeast-2c",false,false,false,nitro,1,arm64,1,1,1,1,2.5,6,937,true,ssd,1,supported,default,Up to 25 Gigabit,required,2,4,4,true,"cluster, partition, spread",0,0,-,unsupported,ebs,-,true,-,true,625,2500,78.125,10000,40000,1250,false,0.17276 USD per Hour,0.17451 USD per Hour,0.22906 USD per Hour,,0.18716 USD per Hour,,,,,,,,,,
i3en.large,i3en,large,"ap-southeast-2, ap-southeast-2a, ap-southeast-2b, ap-southeast-2c",false,false,false,nitro,2,x86_64,1,1,2,"1,2",3.1,16,1250,true,ssd,1,supported,default,Up to 25 Gigabit,required,3,10,10,true,"cluster, partition, spread",0,0,-,unsupported,ebs,true,true,-,true,576,3000,72.1,4750,20000,593.75,false,0.271 USD per Hour,0.275 USD per Hour,0.327 USD per Hour,0.363 USD per Hour,0.3 USD per Hour,,,,,,,,,,
m7i-flex.large,m7i-flex,large,"ap-southeast-2, ap-southeast-2a, ap-southeast-2b, ap-southeast-2c",true,false,false,nitro,2,x86_64,1,1,2,"1,2",3.2,8,0,-,-,0,supported,default,Up to 12.5 Gigabit,required,3,10,10,true,"partition, spread",0,0,true,supported,ebs,-,true,-,true,312,2500,39.0625,10000,40000,1250,false,0.1197 USD per Hour,0.1232 USD per Hour,0.176 USD per Hour,0.2071 USD per Hour,0.1485 USD per Hour,,,,,,,,,,
t3.small,t3,small,"ap-southeast-2, ap-southeast-2a, ap-southeast-2b, ap-southeast-2c",true,false,false,nitro,2,x86_64,1,1,2,"1,2",2.5,2,0,-,-,0,supported,default,Up to 5 Gigabit,required,3,4,4,true,"partition, spread",0,0,true,supported,ebs,true,true,true,true,174,1000,21.75,2085,11800,260.625,false,0.0264 USD per Hour,0.0299 USD per Hour,0.0574 USD per Hour,0.0448 USD per Hour,0.0552 USD per Hour,,,,,,,,,,
c6g.4xlarge,c6g,4xlarge,"ap-southeast-2, ap-southeast-2a, ap-southeast-2b, ap-southeast-2c",false,false,false,nitro,16,arm64,16,"1,2,3,4,5,6,7,8,9,10,11,12,13,14,15,16",1,1,2.5,32,0,-,-,0,supported,default,Up to 10 Gigabit,required,8,30,30,true,"cluster, partition, spread",0,0,true,supported,ebs,true,true,-,true,4750,20000,593.75,4750,20000,593.75,false,0.7104 USD per Hour,0.7384 USD per Hour,0.8354 USD per Hour,,0.8832 USD per Hour,,,,,,,,,,
r6idn.12xlarge,r6idn,12xlarge,"ap-southeast-2, ap-southeast-2a, ap-southeast-2b, ap-southeast-2c",false,false,false,nitro,48,x86_64,24,"1,2,3,4,5,6,7,8,9,10,11,12,13,14,15,16,17,18,19,20,21,22,23,24",2,"1,2",3.5,384,2850,true,ssd,2,supported,default,75 Gigabit,required,8,30,30,true,"cluster, partition, spread",0,0,-,unsupported,ebs,true,-,-,true,37500,150000,4687.5,37500,150000,4687.5,true,5.72832 USD per Hour,5.81232 USD per Hour,5.85332 USD per Hour,7.93632 USD per Hour,6.24672 USD per Hour,,,,,,,,,,
m7i.12xlarge,m7i,12xlarge,"ap-southeast-2, ap-southeast-2a, ap-southeast-2b, ap-southeast-2c",false,false,false,nitro,48,x86_64,24,"1,2,3,4,5,6,7,8,9,10,11,12,13,14,15,16,17,18,19,20,21,22,23,24",2,"1,2",3.2,192,0,-,-,0,supported,default,18.75 Gigabit,required,8,30,30,true,"cluster, partition, spread",0,0,true,supported,ebs,true,-,-,true,15000,60000,1875,15000,60000,1875,true,3.024 USD per Hour,3.108 USD per Hour,3.149 USD per Hour,5.232 USD per Hour,3.5424 USD per Hour,,,,,,,,,,
r7gd.12xlarge,r7gd,12xlarge,"ap-southeast-2, ap-southeast-2a, ap-southeast-2b, ap-southeast-2c",false,false,false,nitro,48,arm64,48,"1,2,3,4,5,6,7,8,9,10,11,12,13,14,15,16,17,18,19,20,21,22,23,24,25,26,27,28,29,30,31,32,33,34,35,36,37,38,39,40,41,42,43,44,45,46,47,48",1,1,2.6,384,2850,true,ssd,2,supported,default,22.5 Gigabit,required,8,30,30,true,"cluster, partition, spread",0,0,-,unsupported,ebs,true,-,-,true,15000,60000,1875,15000,60000,1875,true,3.7584 USD per Hour,3.8424 USD per Hour,3.8834 USD per Hour,,4.2768 USD per Hour,,,,,,,,,,
c6i.metal,c6i,metal,"ap-southeast-2, ap-southeast-2a, ap-southeast-2b, ap-southeast-2c",false,false,true,,128,x86_64,64,-,2,-,3.5,256,0,-,-,0,supported,default,50 Gigabit,required,15,50,50,true,"cluster, partition, spread",0,0,true,supported,ebs,true,-,-,true,40000,160000,5000,40000,160000,5000,true,7.104 USD per Hour,7.328 USD per Hour,7.229 USD per Hour,12.992 USD per Hour,8.3328 USD per Hour,,,,,,,,,,
i4i.32xlarge,i4i,32xlarge,"ap-southeast-2, ap-southeast-2a, ap-southeast-2b, ap-southeast-2c",false,false,false,nitro,128,x86_64,64,"2,4,6,8,10,12,14,16,18,20,22,24,26,28,30,32,34,36,38,40,42,44,46,48,50,52,54,56,58,60,62,64",2,"1,2",3.5,1024,30000,true,ssd,8,supported,default,75 Gigabit,required,15,50,50,true,"cluster, partition, spread",0,0,-,unsupported,ebs,true,-,-,true,40000,160000,5000,40000,160000,5000,true,13.1648 USD per Hour,13.3888 USD per Hour,13.2898 USD per Hour,19.0528 USD per Hour,14.3936 USD per Hour,,,,,,,,,,
r7g.12xlarge,r7g,12xlarge,"ap-southeast-2, ap-southeast-2a, ap-southeast-2b, ap-southeast-2c",false,false,false,nitro,48,arm64,48,"1,2,3,4,5,6,7,8,9,10,11,12,13,14,15,16,17,18,19,20,21,22,23,24,25,26,27,28,29,30,31,32,33,34,35,36,37,38,39,40,41,42,43,44,45,46,47,48",1,1,2.6,384,0,-,-,0,supported,default,22.5 Gigabit,required,8,30,30,true,"cluster, partition, spread",0,0,true,supported,ebs,true,-,-,true,15000,60000,1875,15000,60000,1875,true,3.0806 USD per Hour,3.1646 USD per Hour,3.2056 USD per Hour,,3.599 USD per Hour,,,,,,,,,,
c6id.4xlarge,c6id,4xlarge,"ap-southeast-2, ap-southeast-2a, ap-southeast-2b, ap-southeast-2c",false,false,false,nitro,16,x86_64,8,"2,4,6,8",2,"1,2",3.5,32,950,true,ssd,1,supported,default,Up to 12.5 Gigabit,required,8,30,30,true,"cluster, partition, spread",0,0,-,unsupported,ebs,true,true,-,true,5000,20000,625,10000,40000,1250,false,1.0584 USD per Hour,1.0864 USD per Hour,1.1834 USD per Hour,1.7944 USD per Hour,1.2312 USD per Hour,,,,,,,,,,
m7gd.2xlarge,m7gd,2xlarge,"ap-southeast-2, ap-southeast-2a, ap-southeast-2b, ap-southeast-2c",false,false,false,nitro,8,arm64,8,"1,2,3,4,5,6,7,8",1,1,2.6,32,474,true,ssd,1,supported,default,Up to 15 Gigabit,required,4,15,15,true,"cluster, partition, spread",0,0,-,unsupported,ebs,true,true,-,true,2500,12000,312.5,10000,40000,1250,false,0.5368 USD per Hour,0.5508 USD per Hour,0.6618 USD per Hour,,0.652 USD per Hour,,,,,,,,,,
m6in.2xlarge,m6in,2xlarge,"ap-southeast-2, ap-southeast-2a, ap-southeast-2b, ap-southeast-2c",false,false,false,nitro,8,x86_64,4,"1,2,3,4",2,"1,2",3.5,32,0,-,-,0,supported,default,Up to 40 Gigabit,required,4,15,15,true,"cluster, partition, spread",0,0,true,supported,ebs,true,true,-,true,6250,25000,781.25,25000,100000,3125,false,0.702 USD per Hour,0.716 USD per Hour,0.827 USD per Hour,1.07 USD per Hour,0.8172 USD per Hour,,,,,,,,,,
r6in.xlarge,r6in,xlarge,"ap-southeast-2, ap-southeast-2a, ap-southeast-2b, ap-southeast-2c",false,false,false,nitro,4,x86_64,2,"1,2",2,"1,2",3.5,32,0,-,-,0,supported,default,Up to 30 Gigabit,required,4,15,15,true,"cluster, partition, spread",0,0,true,supported,ebs,true,true,-,true,3125,12500,390.625,25000,100000,3125,false,0.42354 USD per Hour,0.43054 USD per Hour,0.47984 USD per Hour,0.60754 USD per Hour,0.48114 USD per Hour,,,,,,,,,,
r4.4xlarge,r4,4xlarge,"ap-southeast-2, ap-southeast-2a, ap-southeast-2b, ap-southeast-2c",false,false,false,xen,16,x86_64,8,"1,2,3,4,5,6,7,8",2,"1,2",2.3,122,0,-,-,0,supported,default,Up to 10 Gigabit,supported,8,30,30,true,"cluster, partition, spread",0,0,true,supported,ebs,true,true,-,false,3500,18750,437.5,3500,18750,437.5,false,1.2768 USD per Hour,1.308 USD per Hour,1.3768 USD per Hour,2.0128 USD per Hour,1.4528 USD per Hour,,,,,,,,,,
c6g.2xlarge,c6g,2xlarge,"ap-southeast-2, ap-southeast-2a, ap-southeast-2b, ap-southeast-2c",false,false,false,nitro,8,arm64,8,"1,2,3,4,5,6,7,8",1,1,2.5,16,0,-,-,0,supported,default,Up to 10 Gigabit,required,4,15,15,true,"cluster, partition, spread",0,0,true,supported,ebs,true,true,-,true,2375,12000,296.875,4750,20000,593.75,false,0.3552 USD per Hour,0.3692 USD per Hour,0.4802 USD per Hour,,0.4704 USD per Hour,,,,,,,,,,
c6gd.large,c6gd,large,"ap-southeast-2, ap-southeast-2a, ap-southeast-2b, ap-southeast-2c",false,false,false,nitro,2,arm64,2,"1,2",1,1,2.5,4,118,true,ssd,1,supported,default,Up to 10 Gigabit,required,3,10,10,true,"cluster, partition, spread",0,0,-,unsupported,ebs,true,true,-,true,630,3600,78.75,4750,20000,593.75,false,0.101 USD per Hour,0.1045 USD per Hour,0.1573 USD per Hour,,0.1298 USD per Hour,,,,,,,,,,
c6i.12xlarge,c6i,12xlarge,"ap-southeast-2, ap-southeast-2a, ap-southeast-2b, ap-southeast-2c",false,false,false,nitro,48,x86_64,24,"2,4,6,8,10,12,14,16,18,20,22,24",2,"1,2",3.5,96,0,-,-,0,supported,default,18.75 Gigabit,required,8,30,30,true,"cluster, partition, spread",0,0,true,supported,ebs,true,true,-,true,15000,60000,1875,15000,60000,1875,true,2.664 USD per Hour,2.748 USD per Hour,2.789 USD per Hour,4.872 USD per Hour,3.1824 USD per Hour,,,,,,,,,,
x1e.4xlarge,x1e,4xlarge,"ap-southeast-2, ap-southeast-2a, ap-southeast-2c",false,false,false,xen,16,x86_64,8,"1,2,3,4,5,6,7,8",2,"1,2",2.3,488,480,true,ssd,1,supported,default,Up to 10 Gigabit,supported,4,15,15,true,"cluster, partition, spread",0,0,true,unsupported,ebs,true,-,-,true,1750,10000,218.75,1750,10000,218.75,false,4.836 USD per Hour,4.864 USD per Hour,4.936 USD per Hour,5.572 USD per Hour,5.009 USD per Hour,,,,,,,,,,
c6i.xlarge,c6i,xlarge,"ap-southeast-2, ap-southeast-2a, ap-southeast-2b, ap-southeast-2c",false,false,false,nitro,4,x86_64,2,"1,2",2,"1,2",3.5,8,0,-,-,0,supported,default,Up to 12.5 Gigabit,required,4,15,15,true,"cluster, partition, spread",0,0,true,supported,ebs,true,true,-,true,1250,6000,156.25,10000,40000,1250,false,0.222 USD per Hour,0.229 USD per Hour,0.2783 USD per Hour,0.406 USD per Hour,0.2796 USD per Hour,,,,,,,,,,
m5a.xlarge,m5a,xlarge,"ap-southeast-2, ap-southeast-2a, ap-southeast-2b, ap-southeast-2c",false,false,false,nitro,4,x86_64,2,2,2,"1,2",2.5,16,0,-,-,0,supported,default,Up to 10 Gigabit,required,4,15,15,true,"cluster, partition, spread",0,0,true,supported,ebs,-,true,-,true,1085,6000,135.625,2880,16000,360,false,0.216 USD per Hour,0.223 USD per Hour,0.272 USD per Hour,0.4 USD per Hour,0.274 USD per Hour,,,,,,,,,,
i3.4xlarge,i3,4xlarge,"ap-southeast-2, ap-southeast-2a, ap-southeast-2b, ap-southeast-2c",false,false,false,xen,16,x86_64,8,"1,2,3,4,5,6,7,8",2,"1,2",2.3,122,3800,true,ssd,2,supported,default,Up to 10 Gigabit,supported,8,30,30,true,"cluster, partition, spread",0,0,-,unsupported,ebs,true,true,-,true,3500,16000,437.5,3500,16000,437.5,false,1.496 USD per Hour,1.524 USD per Hour,1.596 USD per Hour,2.232 USD per Hour,1.669 USD per Hour,,,,,,,,,,
r6i.large,r6i,large,"ap-southeast-2, ap-southeast-2a, ap-southeast-2b, ap-southeast-2c",false,false,false,nitro,2,x86_64,1,1,2,"1,2",3.5,16,0,-,-,0,supported,default,Up to 12.5 Gigabit,required,3,10,10,true,"cluster, partition, spread",0,0,true,supported,ebs,true,-,-,true,650,3600,81.25,10000,40000,1250,false,0.151 USD per Hour,0.1545 USD per Hour,0.2073 USD per Hour,0.243 USD per Hour,0.1798 USD per Hour,,,,,,,,,,
m6id.large,m6id,large,"ap-southeast-2, ap-southeast-2a, ap-southeast-2b, ap-southeast-2c",false,false,false,nitro,2,x86_64,1,1,2,"1,2",3.5,8,118,true,ssd,1,supported,default,Up to 12.5 Gigabit,required,3,10,10,true,"cluster, partition, spread",0,0,-,unsupported,ebs,true,true,-,true,650,3600,81.25,10000,40000,1250,false,0.1491 USD per Hour,0.1526 USD per Hour,0.2054 USD per Hour,0.2411 USD per Hour,0.1779 USD per Hour,,,,,,,,,,
i3.2xlarge,i3,2xlarge,"ap-southeast-2, ap-southeast-2a, ap-southeast-2b, ap-southeast-2c",false,false,false,xen,8,x86_64,4,"1,2,3,4",2,"1,2",2.3,61,1900,true,ssd,1,supported,default,Up to 10 Gigabit,supported,4,15,15,true,"cluster, partition, spread",0,0,-,unsupported,ebs,true,true,-,true,1700,12000,212.5,1700,12000,212.5,false,0.748 USD per Hour,0.762 USD per Hour,0.848 USD per Hour,1.116 USD per Hour,0.863 USD per Hour,,,,,,,,,,
c6g.8xlarge,c6g,8xlarge,"ap-southeast-2, ap-southeast-2a, ap-southeast-2b, ap-southeast-2c",false,false,false,nitro,32,arm64,32,"1,2,3,4,5,6,7,8,9,10,11,12,13,14,15,16,17,18,19,20,21,22,23,24,25,26,27,28,29,30,31,32",1,1,2.5,64,0,-,-,0,supported,default,12 Gigabit,required,8,30,30,true,"cluster, partition, spread",0,0,true,supported,ebs,true,true,-,true,9500,40000,1187.5,9500,40000,1187.5,false,1.4208 USD per Hour,1.4768 USD per Hour,1.5458 USD per Hour,,1.7664 USD per Hour,,,,,,,,,,
c8g.16xlarge,c8g,16xlarge,"ap-southeast-2, ap-southeast-2a, ap-southeast-2b, ap-southeast-2c",false,false,false,nitro,64,arm64,64,"1,2,3,4,5,6,7,8,9,10,11,12,13,14,15,16,17,18,19,20,21,22,23,24,25,26,27,28,29,30,31,32,33,34,35,36,37,38,39,40,41,42,43,44,45,46,47,48,49,50,51,52,53,54,55,56,57,58,59,60,61,62,63,64",1,1,2.8,128,0,-,-,0,supported,default,30 Gigabit,required,15,50,50,true,"cluster, partition, spread",0,0,true,supported,ebs,true,true,-,true,20000,80000,2500,20000,80000,2500,true,3.3216 USD per Hour,3.4336 USD per Hour,3.4466 USD per Hour,,4.0128 USD per Hour,,,,,,,,,,
m7i.metal-48xl,m7i,metal-48xl,"ap-southeast-2, ap-southeast-2a, ap-southeast-2b, ap-southeast-2c",false,false,true,,192,x86_64,96,-,2,-,3.2,768,0,-,-,0,supported,default,50 Gigabit,required,15,50,50,true,"cluster, partition, spread",0,0,true,supported,ebs,true,-,-,true,40000,240000,5000,40000,240000,5000,true,12.096 USD per Hour,12.432 USD per Hour,12.221 USD per Hour,20.928 USD per Hour,13.9392 USD per Hour,,,,,,,,,,
m6g.medium,m6g,medium,"ap-southeast-2, ap-southeast-2a, ap-southeast-2b, ap-southeast-2c",false,false,false,nitro,1,arm64,1,-,1,-,2.5,4,0,-,-,0,supported,default,Up to 10 Gigabit,required,2,4,4,true,"cluster, partition, spread",0,0,true,supported,ebs,true,true,-,true,315,2500,39.375,4750,20000,593.75,false,0.048 USD per Hour,0.0498 USD per Hour,0.079 USD per Hour,,0.0624 USD per Hour,,,,,,,,,,
f1.16xlarge,f1,16xlarge,"ap-southeast-2, ap-southeast-2a",false,false,false,xen,64,x86_64,32,"2,4,6,8,10,12,14,16,18,20,22,24,26,28,30,32",2,"1,2",2.3,976,3760,true,ssd,4,supported,default,25 Gigabit,supported,8,50,50,true,"cluster, partition, spread",0,8,-,unsupported,ebs,true,-,-,true,14000,75000,1750,14000,75000,1750,false,15.848 USD per Hour,,,,,,,,,,,,,,
c6gd.4xlarge,c6gd,4xlarge,"ap-southeast-2, ap-southeast-2a, ap-southeast-2b, ap-southeast-2c",false,false,false,nitro,16,arm64,16,"1,2,3,4,5,6,7,8,9,10,11,12,13,14,15,16",1,1,2.5,32,950,true,ssd,1,supported,default,Up to 10 Gigabit,required,8,30,30,true,"cluster, partition, spread",0,0,-,unsupported,ebs,true,true,-,true,4750,20000,593.75,4750,20000,593.75,false,0.808 USD per Hour,0.836 USD per Hour,0.933 USD per Hour,,0.9808 USD per Hour,,,,,,,,,,
i7ie.large,i7ie,large,"ap-southeast-2, ap-southeast-2a, ap-southeast-2b, ap-southeast-2c",false,false,false,nitro,2,x86_64,1,1,2,"1,2",3.6,16,1250,true,ssd,1,supported,default,Up to 25 Gigabit,required,3,10,10,true,"cluster, partition, spread",0,0,-,unsupported,ebs,true,true,-,true,625,2500,78.125,10000,40000,1250,false,0.3117 USD per Hour,0.3152 USD per Hour,0.368 USD per Hour,0.4037 USD per Hour,0.3405 USD per Hour,,,,,,,,,,
c7gd.4xlarge,c7gd,4xlarge,"ap-southeast-2, ap-southeast-2a, ap-southeast-2b, ap-southeast-2c",false,false,false,nitro,16,arm64,16,"1,2,3,4,5,6,7,8,9,10,11,12,13,14,15,16",1,1,2.6,32,950,true,ssd,1,supported,default,Up to 15 Gigabit,required,8,30,30,true,"cluster, partition, spread",0,0,-,unsupported,ebs,true,true,-,true,5000,20000,625,10000,40000,1250,false,0.9526 USD per Hour,0.9806 USD per Hour,1.0776 USD per Hour,,1.1254 USD per Hour,,,,,,,,,,
m5d.4xlarge,m5d,4xlarge,"ap-southeast-2, ap-southeast-2a, ap-southeast-2b, ap-southeast-2c",false,false,false,nitro,16,x86_64,8,"2,4,6,8",2,"1,2",3.1,64,600,true,ssd,2,supported,default,Up to 10 Gigabit,required,8,30,30,true,"cluster, partition, spread",0,0,-,unsupported,ebs,true,true,-,true,4750,18750,593.75,4750,18750,593.75,false,1.136 USD per Hour,1.164 USD per Hour,1.236 USD per Hour,1.872 USD per Hour,1.309 USD per Hour,,,,,,,,,,
c5ad.large,c5ad,large,"ap-southeast-2, ap-southeast-2a, ap-southeast-2b, ap-southeast-2c",false,false,false,nitro,2,x86_64,1,1,2,"1,2",3.3,4,75,true,ssd,1,supported,default,Up to 10 Gigabit,required,3,10,10,true,"cluster, partition, spread",0,0,-,unsupported,ebs,-,-,-,true,200,800,25,3170,13300,396.25,false,0.113 USD per Hour,0.117 USD per Hour,0.169 USD per Hour,0.205 USD per Hour,0.142 USD per Hour,,,,,,,,,,
r6i.8xlarge,r6i,8xlarge,"ap-southeast-2, ap-southeast-2a, ap-southeast-2b, ap-southeast-2c",false,false,false,nitro,32,x86_64,16,"2,4,6,8,10,12,14,16",2,"1,2",3.5,256,0,-,-,0,supported,default,12.5 Gigabit,required,8,30,30,true,"cluster, partition, spread",0,0,true,supported,ebs,true,-,-,true,10000,40000,1250,10000,40000,1250,true,2.416 USD per Hour,2.472 USD per Hour,2.541 USD per Hour,3.888 USD per Hour,2.7616 USD per Hour,,,,,,,,,,
m6a.8xlarge,m6a,8xlarge,"ap-southeast-2, ap-southeast-2a, ap-southeast-2b, ap-southeast-2c",false,false,false,nitro,32,x86_64,16,"4,6,8,10,12,14,16",2,"1,2",3.6,128,0,-,-,0,supported,default,12.5 Gigabit,required,8,30,30,true,"cluster, partition, spread",0,0,true,supported,ebs,true,true,-,true,10000,40000,1250,10000,40000,1250,false,1.728 USD per Hour,1.784 USD per Hour,1.853 USD per Hour,3.2 USD per Hour,2.0736 USD per Hour,,,,,,,,,,
c6gd.8xlarge,c6gd,8xlarge,"ap-southeast-2, ap-southeast-2a, ap-southeast-2b, ap-southeast-2c",false,false,false,nitro,32,arm64,32,"1,2,3,4,5,6,7,8,9,10,11,12,13,14,15,16,17,18,19,20,21,22,23,24,25,26,27,28,29,30,31,32",1,1,2.5,64,1900,true,ssd,1,supported,default,12 Gigabit,required,8,30,30,true,"cluster, partition, spread",0,0,-,unsupported,ebs,true,true,-,true,9500,40000,1187.5,9500,40000,1187.5,false,1.616 USD per Hour,1.672 USD per Hour,1.741 USD per Hour,,1.9616 USD per Hour,,,,,,,,,,
m5a.24xlarge,m5a,24xlarge,"ap-southeast-2, ap-southeast-2a, ap-southeast-2b, ap-southeast-2c",false,false,false,nitro,96,x86_64,48,"12,18,24,36,48",2,"1,2",2.5,384,0,-,-,0,supported,default,20 Gigabit,required,15,50,50,true,"cluster, partition, spread",0,0,true,supported,ebs,-,-,-,true,13750,60000,1718.75,13750,60000,1718.75,false,5.184 USD per Hour,5.352 USD per Hour,5.309 USD per Hour,9.6 USD per Hour,6.221 USD per Hour,,,,,,,,,,
m2.xlarge,m2,xlarge,"ap-southeast-2, ap-southeast-2a, ap-southeast-2b",false,false,false,xen,2,x86_64,2,"1,2",1,1,,17.1,420,true,hdd,1,supported,unsupported,Moderate,unsupported,4,15,0,-,"partition, spread",0,0,-,unsupported,"ebs, instance-store",-,-,-,false,0,0,0,0,0,0,false,0.296 USD per Hour,,0.396 USD per Hour,0.371 USD per Hour,0.325 USD per Hour,,,,,,,,,,
m6gd.large,m6gd,large,"ap-southeast-2, ap-southeast-2a, ap-southeast-2b, ap-southeast-2c",false,false,false,nitro,2,arm64,2,"1,2",1,1,2.5,8,118,true,ssd,1,supported,default,Up to 10 Gigabit,required,3,10,10,true,"cluster, partition, spread",0,0,-,unsupported,ebs,true,true,-,true,630,3600,78.75,4750,20000,593.75,false,0.114 USD per Hour,0.1175 USD per Hour,0.1703 USD per Hour,,0.1428 USD per Hour,,,,,,,,,,
g3s.xlarge,g3s,xlarge,"ap-southeast-2, ap-southeast-2a, ap-southeast-2b, ap-southeast-2c",false,false,false,xen,4,x86_64,2,"1,2",2,"1,2",2.7,30.5,0,-,-,0,supported,default,Up to 10 Gigabit,required,4,15,15,true,"cluster, partition, spread",1,0,true,supported,ebs,true,-,-,true,850,5000,106.25,850,5000,106.25,false,1.154 USD per Hour,1.161 USD per Hour,1.21 USD per Hour,1.338 USD per Hour,1.212 USD per Hour,,,,,,,,,,
f1.4xlarge,f1,4xlarge,"ap-southeast-2, ap-southeast-2a",false,false,false,xen,16,x86_64,8,"1,2,3,4,5,6,7,8",2,"1,2",2.3,244,940,true,ssd,1,supported,default,Up to 10 Gigabit,supported,8,30,30,true,"cluster, partition, spread",0,2,-,unsupported,ebs,true,-,-,true,3500,44000,437.5,3500,44000,437.5,false,3.962 USD per Hour,,,,,,,,,,,,,,
gr6.8xlarge,gr6,8xlarge,"ap-southeast-2, ap-southeast-2a, ap-southeast-2c",false,false,false,nitro,32,x86_64,16,"1,2,4,6,8,10,12,14,16",2,"1,2",3.4,256,900,true,ssd,2,supported,default,25 Gigabit,required,8,30,30,true,"cluster, partition, spread",1,0,-,unsupported,ebs,-,-,-,true,16000,64000,2000,16000,64000,2000,false,3.1807 USD per Hour,3.2367 USD per Hour,3.3057 USD per Hour,4.6527 USD per Hour,3.5263 USD per Hour,,,,,,,,,,
g4dn.8xlarge,g4dn,8xlarge,"ap-southeast-2, ap-southeast-2a, ap-southeast-2b, ap-southeast-2c",false,false,false,nitro,32,x86_64,16,"2,4,6,8,10,12,14,16",2,"1,2",2.5,128,900,true,ssd,1,supported,default,50 Gigabit,required,4,15,15,true,"cluster, partition, spread",1,0,-,unsupported,ebs,-,-,-,true,9500,40000,1187.5,9500,40000,1187.5,false,2.83 USD per Hour,2.886 USD per Hour,2.955 USD per Hour,4.302 USD per Hour,3.175 USD per Hour,,,,,,,,,,
r6in.2xlarge,r6in,2xlarge,"ap-southeast-2, ap-southeast-2a, ap-southeast-2b, ap-southeast-2c",false,false,false,nitro,8,x86_64,4,"1,2,3,4",2,"1,2",3.5,64,0,-,-,0,supported,default,Up to 40 Gigabit,required,4,15,15,true,"cluster, partition, spread",0,0,true,supported,ebs,true,true,-,true,6250,25000,781.25,25000,100000,3125,false,0.84708 USD per Hour,0.86108 USD per Hour,0.97208 USD per Hour,1.21508 USD per Hour,0.96228 USD per Hour,,,,,,,,,,
t2.small,t2,small,"ap-southeast-2, ap-southeast-2a, ap-southeast-2b, ap-southeast-2c",false,false,false,xen,1,"i386, x86_64",1,-,1,-,2.5,2,0,-,-,0,supported,unsupported,Low to Moderate,unsupported,3,4,4,true,"partition, spread",0,0,true,supported,ebs,-,true,true,true,0,0,0,0,0,0,false,0.0292 USD per Hour,0.031 USD per Hour,0.0592 USD per Hour,0.0384 USD per Hour,0.0436 USD per Hour,,,,,,,,,,
c8g.xlarge,c8g,xlarge,"ap-southeast-2, ap-southeast-2a, ap-southeast-2b, ap-southeast-2c",false,false,false,nitro,4,arm64,4,"1,2,3,4",1,1,2.8,8,0,-,-,0,supported,default,Up to 12.5 Gigabit,required,4,15,15,true,"cluster, partition, spread",0,0,true,supported,ebs,true,true,-,true,1250,6000,156.25,10000,40000,1250,false,0.2076 USD per Hour,0.2146 USD per Hour,0.2639 USD per Hour,,0.2652 USD per Hour,,,,,,,,,,
r6i.2xlarge,r6i,2xlarge,"ap-southeast-2, ap-southeast-2a, ap-southeast-2b, ap-southeast-2c",false,false,false,nitro,8,x86_64,4,"2,4",2,"1,2",3.5,64,0,-,-,0,supported,default,Up to 12.5 Gigabit,required,4,15,15,true,"cluster, partition, spread",0,0,true,supported,ebs,true,-,-,true,2500,12000,312.5,10000,40000,1250,false,0.604 USD per Hour,0.618 USD per Hour,0.729 USD per Hour,0.972 USD per Hour,0.7192 USD per Hour,,,,,,,,,,
i3.metal,i3,metal,"ap-southeast-2, ap-southeast-2a, ap-southeast-2b, ap-southeast-2c",false,false,true,,72,x86_64,36,-,2,-,2.3,512,15200,true,ssd,8,supported,default,25 Gigabit,required,15,50,50,true,"cluster, partition, spread",0,0,-,unsupported,ebs,true,-,-,true,19000,80000,2375,19000,80000,2375,false,5.984 USD per Hour,,6.084 USD per Hour,8.928 USD per Hour,6.762 USD per Hour,,,,,,,,,,
g5.8xlarge,g5,8xlarge,"ap-southeast-2, ap-southeast-2a, ap-southeast-2c",false,false,false,nitro,32,x86_64,16,-,2,-,3.3,128,900,true,ssd,1,supported,default,25 Gigabit,required,8,30,30,true,"cluster, partition, spread",1,0,-,unsupported,ebs,-,-,-,true,16000,65000,2000,16000,65000,2000,false,3.18289 USD per Hour,3.23889 USD per Hour,3.30789 USD per Hour,4.65489 USD per Hour,3.52849 USD per Hour,,,,,,,,,,
g5.48xlarge,g5,48xlarge,"ap-southeast-2, ap-southeast-2a, ap-southeast-2c",false,false,false,nitro,192,x86_64,96,-,2,-,3.3,768,7600,true,ssd,2,supported,default,100 Gigabit,required,7,50,50,true,"cluster, partition, spread",8,0,-,unsupported,ebs,true,-,-,true,19000,80000,2375,19000,80000,2375,false,21.17764 USD per Hour,21.51364 USD per Hour,21.30264 USD per Hour,30.00964 USD per Hour,23.02084 USD per Hour,,,,,,,,,,
c7i.48xlarge,c7i,48xlarge,"ap-southeast-2, ap-southeast-2a, ap-southeast-2b, ap-southeast-2c",false,false,false,nitro,192,x86_64,96,"4,6,8,10,12,14,16,18,20,22,24,26,28,30,32,34,36,38,40,42,44,46,48,50,52,54,56,58,60,62,64,66,68,70,72,74,76,78,80,82,84,86,88,90,92,94,96",2,"1,2",3.2,384,0,-,-,0,supported,default,50 Gigabit,required,15,50,50,true,"cluster, partition, spread",0,0,true,supported,ebs,-,-,-,true,40000,240000,5000,40000,240000,5000,true,11.1888 USD per Hour,11.5248 USD per Hour,11.3138 USD per Hour,20.0208 USD per Hour,13.032 USD per Hour,,,,,,,,,,
r5d.12xlarge,r5d,12xlarge,"ap-southeast-2, ap-southeast-2a, ap-southeast-2b, ap-southeast-2c",false,false,false,nitro,48,x86_64,24,"2,4,6,8,10,12,14,16,18,20,22,24",2,"1,2",3.1,384,1800,true,ssd,2,supported,default,12 Gigabit,required,8,30,30,true,"cluster, partition, spread",0,0,-,unsupported,ebs,true,-,-,true,9500,40000,1187.5,9500,40000,1187.5,false,4.176 USD per Hour,4.26 USD per Hour,4.301 USD per Hour,6.384 USD per Hour,4.694 USD per Hour,,,,,,,,,,
m7i.4xlarge,m7i,4xlarge,"ap-southeast-2, ap-southeast-2a, ap-southeast-2b, ap-southeast-2c",false,false,false,nitro,16,x86_64,8,"1,2,3,4,5,6,7,8",2,"1,2",3.2,64,0,-,-,0,supported,default,Up to 12.5 Gigabit,required,8,30,30,true,"cluster, partition, spread",0,0,true,supported,ebs,true,true,-,true,5000,20000,625,10000,40000,1250,false,1.008 USD per Hour,1.036 USD per Hour,1.133 USD per Hour,1.744 USD per Hour,1.1808 USD per Hour,,,,,,,,,,
m7a.metal-48xl,m7a,metal-48xl,"ap-southeast-2, ap-southeast-2a, ap-southeast-2b, ap-southeast-2c",false,false,true,,192,x86_64,192,-,1,-,3.7,768,0,-,-,0,supported,default,50 Gigabit,required,15,50,50,true,"cluster, partition, spread",0,0,true,supported,ebs,true,-,-,true,40000,240000,5000,40000,240000,5000,true,13.9104 USD per Hour,14.2464 USD per Hour,14.0354 USD per Hour,22.7424 USD per Hour,15.7536 USD per Hour,,,,,,,,,,
m6id.24xlarge,m6id,24xlarge,"ap-southeast-2, ap-southeast-2a, ap-southeast-2b, ap-southeast-2c",false,false,false,nitro,96,x86_64,48,"2,4,6,8,10,12,14,16,18,20,22,24,26,28,30,32,34,36,38,40,42,44,46,48",2,"1,2",3.5,384,5700,true,ssd,4,supported,default,37.5 Gigabit,required,15,50,50,true,"cluster, partition, spread",0,0,-,unsupported,ebs,true,-,-,true,30000,120000,3750,30000,120000,3750,true,7.1568 USD per Hour,7.3248 USD per Hour,7.2818 USD per Hour,11.5728 USD per Hour,8.1936 USD per Hour,,,,,,,,,,
r7i.4xlarge,r7i,4xlarge,"ap-southeast-2, ap-southeast-2a, ap-southeast-2b, ap-southeast-2c",false,false,false,nitro,16,x86_64,8,"1,2,3,4,5,6,7,8",2,"1,2",3.2,128,0,-,-,0,supported,default,Up to 12.5 Gigabit,required,8,30,30,true,"cluster, partition, spread",0,0,true,supported,ebs,true,true,-,true,5000,20000,625,10000,40000,1250,false,1.2684 USD per Hour,1.2964 USD per Hour,1.3934 USD per Hour,2.0044 USD per Hour,1.4412 USD per Hour,,,,,,,,,,
r5b.8xlarge,r5b,8xlarge,"ap-southeast-2, ap-southeast-2a, ap-southeast-2b, ap-southeast-2c",false,false,false,nitro,32,x86_64,16,"2,4,6,8,10,12,14,16",2,"1,2",3.1,256,0,-,-,0,supported,default,10 Gigabit,required,8,30,30,true,"cluster, partition, spread",0,0,true,supported,ebs,true,-,-,true,20000,86667,2500,20000,86667,2500,false,2.896 USD per Hour,2.952 USD per Hour,3.021 USD per Hour,4.368 USD per Hour,3.2416 USD per Hour,,,,,,,,,,
g6.4xlarge,g6,4xlarge,"ap-southeast-2, ap-southeast-2a, ap-southeast-2c",false,false,false,nitro,16,x86_64,8,"1,2,3,4,5,6,7,8",2,"1,2",3.4,64,600,true,ssd,1,supported,default,Up to 25 Gigabit,required,8,30,30,true,"cluster, partition, spread",1,0,-,unsupported,ebs,-,-,-,true,8000,32000,1000,8000,32000,1000,false,1.72042 USD per Hour,1.74842 USD per Hour,1.84542 USD per Hour,2.45642 USD per Hour,1.89322 USD per Hour,,,,,,,,,,
t3a.nano,t3a,nano,"ap-southeast-2, ap-southeast-2a, ap-southeast-2b, ap-southeast-2c",false,false,false,nitro,2,x86_64,1,1,2,"1,2",2.2,0.5,0,-,-,0,supported,default,Up to 5 Gigabit,required,2,2,2,true,"partition, spread",0,0,true,supported,ebs,-,true,true,true,45,250,5.625,2085,11800,260.625,false,0.0059 USD per Hour,0.0094 USD per Hour,0.0059 USD per Hour,0.0105 USD per Hour,,,,,,,,,,,
m6i.12xlarge,m6i,12xlarge,"ap-southeast-2, ap-southeast-2a, ap-southeast-2b, ap-southeast-2c",false,false,false,nitro,48,x86_64,24,"2,4,6,8,10,12,14,16,18,20,22,24",2,"1,2",3.5,192,0,-,-,0,supported,default,18.75 Gigabit,required,8,30,30,true,"cluster, partition, spread",0,0,true,supported,ebs,true,-,-,true,15000,60000,1875,15000,60000,1875,true,2.88 USD per Hour,2.964 USD per Hour,3.005 USD per Hour,5.088 USD per Hour,3.3984 USD per Hour,,,,,,,,,,
d3en.12xlarge,d3en,12xlarge,"ap-southeast-2, ap-southeast-2a, ap-southeast-2b, ap-southeast-2c",false,false,false,nitro,48,x86_64,24,"2,4,6,8,10,12,14,16,18,20,22,24",2,"1,2",3.1,192,335520,true,hdd,24,supported,default,75 Gigabit,required,3,30,30,true,"cluster, partition, spread",0,0,-,unsupported,ebs,-,-,-,true,7000,40000,875,7000,40000,875,false,7.90752 USD per Hour,7.99152 USD per Hour,8.03252 USD per Hour,10.11552 USD per Hour,8.42592 USD per Hour,,,,,,,,,,
d2.xlarge,d2,xlarge,"ap-southeast-2, ap-southeast-2a, ap-southeast-2b, ap-southeast-2c",false,false,false,xen,4,x86_64,2,"1,2",2,"1,2",2.4,30.5,6144,true,hdd,3,supported,default,Moderate,unsupported,4,15,15,true,"cluster, partition, spread",0,0,-,unsupported,"ebs, instance-store",true,-,-,false,750,6000,93.75,750,6000,93.75,false,0.87 USD per Hour,0.877 USD per Hour,0.97 USD per Hour,1.001 USD per Hour,0.928 USD per Hour,,,,,,,,,,
i3en.6xlarge,i3en,6xlarge,"ap-southeast-2, ap-southeast-2a, ap-southeast-2b, ap-southeast-2c",false,false,false,nitro,24,x86_64,12,"2,4,6,8,10,12",2,"1,2",3.1,192,15000,true,ssd,2,supported,default,25 Gigabit,required,8,30,30,true,"cluster, partition, spread",0,0,-,unsupported,ebs,true,-,-,true,4750,20000,593.75,4750,20000,593.75,false,3.252 USD per Hour,3.294 USD per Hour,3.377 USD per Hour,4.356 USD per Hour,3.511 USD per Hour,,,,,,,,,,
m1.small,m1,small,"ap-southeast-2, ap-southeast-2a, ap-southeast-2b",false,false,false,xen,1,"i386, x86_64",1,-,1,-,,1.7,160,true,hdd,1,supported,unsupported,Low,unsupported,2,4,0,-,"partition, spread",0,0,-,unsupported,"ebs, instance-store",-,-,-,false,0,0,0,0,0,0,false,0.058 USD per Hour,,0.088 USD per Hour,0.093 USD per Hour,0.072 USD per Hour,,,,,,,,,,
t3a.xlarge,t3a,xlarge,"ap-southeast-2, ap-southeast-2a, ap-southeast-2b, ap-southeast-2c",false,false,false,nitro,4,x86_64,2,2,2,"1,2",2.2,16,0,-,-,0,supported,default,Up to 5 Gigabit,required,4,15,15,true,"partition, spread",0,0,true,supported,ebs,-,true,true,true,695,4000,86.875,2780,15700,347.5,false,0.1901 USD per Hour,0.1971 USD per Hour,0.2464 USD per Hour,0.2637 USD per Hour,0.2477 USD per Hour,,,,,,,,,,
t3a.micro,t3a,micro,"ap-southeast-2, ap-southeast-2a, ap-southeast-2b, ap-southeast-2c",false,false,false,nitro,2,x86_64,1,1,2,"1,2",2.2,1,0,-,-,0,supported,default,Up to 5 Gigabit,required,2,2,2,true,"partition, spread",0,0,true,supported,ebs,-,true,true,true,90,500,11.25,2085,11800,260.625,false,0.0119 USD per Hour,0.0154 USD per Hour,0.0119 USD per Hour,0.0211 USD per Hour,0.0407 USD per Hour,,,,,,,,,,
c6in.metal,c6in,metal,"ap-southeast-2, ap-southeast-2a, ap-southeast-2b, ap-southeast-2c",false,false,true,,128,x86_64,64,-,2,-,3.5,256,0,-,-,0,supported,default,200 Gigabit,required,16,50,50,true,"cluster, partition, spread",0,0,true,supported,ebs,true,-,-,true,100000,400000,12500,100000,400000,12500,true,9.4752 USD per Hour,,9.6002 USD per Hour,15.3632 USD per Hour,10.704 USD per Hour,,,,,,,,,,
c6gd.12xlarge,c6gd,12xlarge,"ap-southeast-2, ap-southeast-2a, ap-southeast-2b, ap-southeast-2c",false,false,false,nitro,48,arm64,48,"1,2,3,4,5,6,7,8,9,10,11,12,13,14,15,16,17,18,19,20,21,22,23,24,25,26,27,28,29,30,31,32,33,34,35,36,37,38,39,40,41,42,43,44,45,46,47,48",1,1,2.5,96,2850,true,ssd,2,supported,default,20 Gigabit,required,8,30,30,true,"cluster, partition, spread",0,0,-,unsupported,ebs,true,true,-,true,14250,50000,1781.25,14250,50000,1781.25,false,2.424 USD per Hour,2.508 USD per Hour,2.549 USD per Hour,,2.9424 USD per Hour,,,,,,,,,,
r5n.large,r5n,large,"ap-southeast-2, ap-southeast-2a, ap-southeast-2b, ap-southeast-2c",false,false,false,nitro,2,x86_64,1,1,2,"1,2",3.1,16,0,-,-,0,supported,default,Up to 25 Gigabit,required,3,10,10,true,"cluster, partition, spread",0,0,true,supported,ebs,true,-,-,true,650,3600,81.25,4750,18750,593.75,false,0.181 USD per Hour,0.185 USD per Hour,0.237 USD per Hour,0.273 USD per Hour,0.21 USD per Hour,,,,,,,,,,
m6a.48xlarge,m6a,48xlarge,"ap-southeast-2, ap-southeast-2a, ap-southeast-2b, ap-southeast-2c",false,false,false,nitro,192,x86_64,96,"8,12,16,20,24,28,32,64,96",2,"1,2",3.6,768,0,-,-,0,supported,default,50 Gigabit,required,15,50,50,true,"cluster, partition, spread",0,0,true,supported,ebs,true,-,-,true,40000,240000,5000,40000,240000,5000,true,10.368 USD per Hour,10.704 USD per Hour,10.493 USD per Hour,19.2 USD per Hour,12.2112 USD per Hour,,,,,,,,,,
i3en.metal,i3en,metal,"ap-southeast-2, ap-southeast-2a, ap-southeast-2b, ap-southeast-2c",false,false,true,,96,x86_64,48,-,2,-,3.1,768,60000,true,ssd,8,supported,default,100 Gigabit,required,15,50,50,true,"cluster, partition, spread",0,0,-,unsupported,ebs,true,-,-,true,19000,80000,2375,19000,80000,2375,false,13.008 USD per Hour,13.176 USD per Hour,13.133 USD per Hour,17.424 USD per Hour,14.045 USD per Hour,,,,,,,,,,
r5dn.24xlarge,r5dn,24xlarge,"ap-southeast-2, ap-southeast-2a, ap-southeast-2b, ap-southeast-2c",false,false,false,nitro,96,x86_64,48,"2,4,6,8,10,12,14,16,18,20,22,24,26,28,30,32,34,36,38,40,42,44,46,48",2,"1,2",3.1,768,3600,true,ssd,4,supported,default,100 Gigabit,required,15,50,50,true,"cluster, partition, spread",0,0,-,unsupported,ebs,true,-,-,true,19000,80000,2375,19000,80000,2375,false,9.792 USD per Hour,9.96 USD per Hour,9.917 USD per Hour,14.208 USD per Hour,10.8288 USD per Hour,,,,,,,,,,
i7ie.2xlarge,i7ie,2xlarge,"ap-southeast-2, ap-southeast-2a, ap-southeast-2b, ap-southeast-2c",false,false,false,nitro,8,x86_64,4,"1,2,3,4",2,"1,2",3.6,64,5000,true,ssd,2,supported,default,Up to 25 Gigabit,required,4,15,15,true,"cluster, partition, spread",0,0,-,unsupported,ebs,true,true,-,true,2500,10000,312.5,10000,40000,1250,false,1.2466 USD per Hour,1.2606 USD per Hour,1.3716 USD per Hour,1.6146 USD per Hour,1.3618 USD per Hour,,,,,,,,,,
c6a.large,c6a,large,"ap-southeast-2, ap-southeast-2a, ap-southeast-2b, ap-southeast-2c",false,false,false,nitro,2,x86_64,1,1,2,"1,2",3.6,4,0,-,-,0,supported,default,Up to 12.5 Gigabit,required,3,10,10,true,"cluster, partition, spread",0,0,true,supported,ebs,true,true,-,true,650,3600,81.25,10000,40000,1250,false,0.0999 USD per Hour,0.1034 USD per Hour,0.1562 USD per Hour,0.1919 USD per Hour,0.1287 USD per Hour,,,,,,,,,,
m5a.12xlarge,m5a,12xlarge,"ap-southeast-2, ap-southeast-2a, ap-southeast-2b, ap-southeast-2c",false,false,false,nitro,48,x86_64,24,"6,12,18,24",2,"1,2",2.5,192,0,-,-,0,supported,default,10 Gigabit,required,8,30,30,true,"cluster, partition, spread",0,0,true,supported,ebs,-,-,-,true,6780,30000,847.5,6780,30000,847.5,false,2.592 USD per Hour,2.676 USD per Hour,2.717 USD per Hour,4.8 USD per Hour,3.11 USD per Hour,,,,,,,,,,
d3en.xlarge,d3en,xlarge,"ap-southeast-2, ap-southeast-2a, ap-southeast-2b, ap-southeast-2c",false,false,false,nitro,4,x86_64,2,"1,2",2,"1,2",3.1,16,27960,true,hdd,2,supported,default,Up to 25 Gigabit,required,4,3,3,true,"cluster, partition, spread",0,0,-,unsupported,ebs,-,-,-,true,850,5000,106.25,2800,15000,350,false,0.659 USD per Hour,0.666 USD per Hour,0.715 USD per Hour,0.843 USD per Hour,0.717 USD per Hour,,,,,,,,,,
m7a.large,m7a,large,"ap-southeast-2, ap-southeast-2a, ap-southeast-2b, ap-southeast-2c",false,false,false,nitro,2,x86_64,2,"1,2",1,1,3.7,8,0,-,-,0,supported,default,Up to 12.5 Gigabit,required,3,10,10,true,"cluster, partition, spread",0,0,true,supported,ebs,true,true,-,true,650,3600,81.25,10000,40000,1250,false,0.1449 USD per Hour,0.1484 USD per Hour,0.2012 USD per Hour,0.2369 USD per Hour,0.1737 USD per Hour,,,,,,,,,,
g4dn.4xlarge,g4dn,4xlarge,"ap-southeast-2, ap-southeast-2a, ap-southeast-2b, ap-southeast-2c",false,false,false,nitro,16,x86_64,8,"2,4,6,8",2,"1,2",2.5,64,225,true,ssd,1,supported,default,Up to 25 Gigabit,required,3,10,10,true,"cluster, partition, spread",1,0,-,unsupported,ebs,-,-,-,true,4750,20000,593.75,4750,20000,593.75,false,1.566 USD per Hour,1.594 USD per Hour,1.691 USD per Hour,2.302 USD per Hour,1.738 USD per Hour,,,,,,,,,,
c6g.metal,c6g,metal,"ap-southeast-2, ap-southeast-2a, ap-southeast-2b, ap-southeast-2c",false,false,true,,64,arm64,64,-,1,-,2.5,128,0,-,-,0,supported,default,25 Gigabit,required,15,50,50,true,"cluster, partition, spread",0,0,true,supported,ebs,true,-,-,true,19000,80000,2375,19000,80000,2375,false,2.8416 USD per Hour,2.9536 USD per Hour,2.9666 USD per Hour,,3.5328 USD per Hour,,,,,,,,,,
m6a.12xlarge,m6a,12xlarge,"ap-southeast-2, ap-southeast-2a, ap-southeast-2b, ap-southeast-2c",false,false,false,nitro,48,x86_64,24,"1,2,3,4,5,6,7,8,16,24",2,"1,2",3.6,192,0,-,-,0,supported,default,18.75 Gigabit,required,8,30,30,true,"cluster, partition, spread",0,0,true,supported,ebs,true,-,-,true,15000,60000,1875,15000,60000,1875,true,2.592 USD per Hour,2.676 USD per Hour,2.717 USD per Hour,4.8 USD per Hour,3.1104 USD per Hour,,,,,,,,,,
c5d.9xlarge,c5d,9xlarge,"ap-southeast-2, ap-southeast-2a, ap-southeast-2b, ap-southeast-2c",false,false,false,nitro,36,x86_64,18,"2,4,6,8,10,12,14,16,18",2,"1,2",3.4,72,900,true,ssd,1,supported,default,12 Gigabit,required,8,30,30,true,"cluster, partition, spread",0,0,-,unsupported,ebs,true,true,-,true,9500,40000,1187.5,9500,40000,1187.5,false,2.268 USD per Hour,2.331 USD per Hour,2.368 USD per Hour,3.924 USD per Hour,2.657 USD per Hour,,,,,,,,,,
m1.medium,m1,medium,"ap-southeast-2, ap-southeast-2a, ap-southeast-2b",false,false,false,xen,1,"i386, x86_64",1,-,1,-,,3.7,410,true,hdd,1,supported,unsupported,Moderate,unsupported,2,6,0,-,"partition, spread",0,0,-,unsupported,"ebs, instance-store",-,-,-,false,0,0,0,0,0,0,false,0.117 USD per Hour,,0.217 USD per Hour,0.187 USD per Hour,0.131 USD per Hour,,,,,,,,,,
c5.18xlarge,c5,18xlarge,"ap-southeast-2, ap-southeast-2a, ap-southeast-2b, ap-southeast-2c",false,false,false,nitro,72,x86_64,36,"4,6,8,10,12,14,16,18,20,22,24,26,28,30,32,34,36",2,"1,2",3.4,144,0,-,-,0,supported,default,25 Gigabit,required,15,50,50,true,"cluster, partition, spread",0,0,true,supported,ebs,true,true,-,true,19000,80000,2375,19000,80000,2375,false,3.996 USD per Hour,4.122 USD per Hour,4.096 USD per Hour,7.308 USD per Hour,4.774 USD per Hour,,,,,,,,,,
i4i.8xlarge,i4i,8xlarge,"ap-southeast-2, ap-southeast-2a, ap-southeast-2b, ap-southeast-2c",false,false,false,nitro,32,x86_64,16,"1,2,3,4,5,6,7,8,9,10,11,12,13,14,15,16",2,"1,2",3.5,256,7500,true,ssd,2,supported,default,18.75 Gigabit,required,8,30,30,true,"cluster, partition, spread",0,0,-,unsupported,ebs,true,-,-,true,10000,40000,1250,10000,40000,1250,true,3.291 USD per Hour,3.347 USD per Hour,3.416 USD per Hour,4.763 USD per Hour,3.637 USD per Hour,,,,,,,,,,
r8g.8xlarge,r8g,8xlarge,"ap-southeast-2, ap-southeast-2a, ap-southeast-2b, ap-southeast-2c",false,false,false,nitro,32,arm64,32,"1,2,3,4,5,6,7,8,9,10,11,12,13,14,15,16,17,18,19,20,21,22,23,24,25,26,27,28,29,30,31,32",1,1,2.8,256,0,-,-,0,supported,default,15 Gigabit,required,8,30,30,true,"cluster, partition, spread",0,0,true,supported,ebs,true,-,-,true,10000,40000,1250,10000,40000,1250,false,2.2592 USD per Hour,2.3152 USD per Hour,2.3842 USD per Hour,,2.6048 USD per Hour,,,,,,,,,,
m1.large,m1,large,"ap-southeast-2, ap-southeast-2a, ap-southeast-2b",false,false,false,xen,2,x86_64,2,-,1,-,,7.5,840,true,hdd,2,supported,supported,Moderate,unsupported,3,10,0,-,"partition, spread",0,0,-,unsupported,"ebs, instance-store",-,-,-,false,500,4000,62.5,500,4000,62.5,false,0.233 USD per Hour,,0.333 USD per Hour,0.373 USD per Hour,0.262 USD per Hour,,,,,,,,,,
g4dn.2xlarge,g4dn,2xlarge,"ap-southeast-2, ap-southeast-2-akl-1, ap-southeast-2-per-1, ap-southeast-2a, ap-southeast-2b, ap-southeast-2c",false,false,false,nitro,8,x86_64,4,"2,4",2,"1,2",2.5,32,225,true,ssd,1,supported,default,Up to 25 Gigabit,required,3,10,10,true,"cluster, partition, spread",1,0,-,unsupported,ebs,-,-,-,true,1150,6000,143.75,3500,20000,437.5,false,0.978 USD per Hour,0.992 USD per Hour,1.103 USD per Hour,1.346 USD per Hour,1.093 USD per Hour,1.543 USD per Hour,1.786 USD per Hour,1.533 USD per Hour,1.418 USD per Hour,1.432 USD per Hour,1.543 USD per Hour,1.432 USD per Hour,1.533 USD per Hour,1.786 USD per Hour,1.418 USD per Hour
r5n.metal,r5n,metal,"ap-southeast-2, ap-southeast-2a, ap-southeast-2b, ap-southeast-2c",false,false,true,,96,x86_64,48,-,2,-,3.1,768,0,-,-,0,supported,default,100 Gigabit,required,15,50,50,true,"cluster, partition, spread",0,0,true,supported,ebs,true,-,-,true,19000,80000,2375,19000,80000,2375,false,8.688 USD per Hour,8.856 USD per Hour,8.813 USD per Hour,13.104 USD per Hour,9.725 USD per Hour,,,,,,,,,,